cv_id,question_id,question_category,question_text,ground_truth_answer,strategy,model_name,raw_response,predicted_answer,confidence_score,rationale,latency,lookup_latency,llm_generation_latency,input_tokens,output_tokens,estimated_cost,normalized_answer,score_exact_match,score_f1,overlap,semantic_score,human_eval_score,error_type,experiment_name,retrieved_text
aaron_stockdill,aaron_stockdill_Q1,Personal Information,What is the applicant's full name?,Aaron Stockdill,S3_RAG,gpt2,"- ""predicted_answer"": A concise and factual answer to the question.

- ""rationale"": A brief explanation of why this answer is correct based on the section.

- ""confidence_score"": A float between 0.0 and 1.0 representing your confidence.

- ""rationale"": A brief explanation of why this answer is correct based on the section.

- ""confidence_score"": A float between 0.0 and 1.0 representing your confidence.

- ""rationale"": A brief explanation of why this answer is correct based on the section.

- """,,,,6.542764902114868,1.398742914199829,5.144021987915039,897,128,0.0,,,,,,,,E2_QA_Accuracy,"AARON STOCKDILL Quantitative T echnologist at Qube Research and T echnologies aaronstockdill@me.com · https://aaron.stockdill.nz/ EDUCATION 2017–2021Doctor of Philosophy, University of Cambridge, UK. • Computer Science. Thesis: “ Automating representation change across domains for reasoning” , supervised by Prof. Mateja Jamnik. Developed a theory of cross-domain correspondences to enable user-aware, contextual AI explanations in an interdisciplinary team from Cambridge and Sussex. • Have published six conference papers and one workshop paper, all peer reviewed, presenting two. One further is under review. Presented a one hour seminar for the AI Research Group Seminar Series in the Computer Lab, and a 15 minute Postgraduate Seminar at college. • Hamilton Cambridge International Scholarship recipient, awarded once every three years; gives full funding and stipend. • Computing Officer for the Selwyn College MCR Committee, which represents graduate students at the college; I managed the punt reservations, committee elections, and website. In the department, I managed the AI Research Group website. 2013–2016Bachelor of Science with First Class Honours, University of Canterbury, NZ. • Computer Science honours, GPA 8.9 of 9, 2016. Report: “Neuromorphic Computing with Reservoir Neural Networks on Memristive Hardware” . Simulated new hardware to implement faster and more power efficient neural networks. • Published two peer-reviewed conference papers. • Double major in Computer Science and Mathematics, GPA 8.83 of 9, 2013–2015. • Graduating BSc(Hons) Computer Science Student of the Y ear Prize 2016 recipient, and Graduating BSc Computer Science Student of the Y ear Prize 2015 recipient, for highest cohort grades. • Committee member of the Computing Society and Mathematics Society, providing academic support, social functions, and subject promotion. Built the Computing Society website. Helped co-ordinate the eventual merger of these two societies. RECENT EMPLOYMENT Feb 2023– presentQuantitative T echnologist, Qube Research and T echnologies, London. Sept 2021–Jan 2023Research Fellow in Informatics, University of Sussex, UK. • Developing theory and tools to describe representations in a uniform, and cognitively centred, manner (RIST). • W orking as part of a research team of six split between Sussex and Cambridge, continuing work from my PhD. • Formalising the cognitive representation notation (RISN), while developing a web app using React and ReScript. Jan 2021–July 2021Software Engineer, Jane Street Europe. • W orked with an international team to develop, deploy, and support in-house software in the finance industry. • New and existing software was developed using OCaml; the environment demanded software that was fault-tolerant, distributed, and real-time. Development was backed up by extensive testing and code review. • Provided operational support deploying our software to servers around the globe, and ensured 24/7 up-time for users of our software. W e also supported users with trouble-shooting, and providing new features both responsively and proactively. 2017–2020Supervisor, Computer Science, University of Cambridge, UK. • Organised and ran small group teaching sessions for undergraduate students in their first and second years. • Tailored individual and group work to the students’ needs, ensuring my time and feedback was used effectively and targeted to their interests and weaknesses for both coursework and future career."
aaron_stockdill,aaron_stockdill_Q2,Personal Information,What is the applicant's LinkedIn?,nan,S3_RAG,gpt2,"- ""predicted_answer"": A concise and factual answer to the question.

- ""rationale"": A brief explanation of why this answer is correct based on the section.

- ""confidence_score"": A float between 0.0 and 1.0 representing your confidence.

- ""rationale"": A brief explanation of why this answer is correct based on the section.

- ""confidence_score"": A float between 0.0 and 1.0 representing your confidence.

- ""rationale"": A brief explanation of why this answer is correct based on the section.

- """,,,,2.7833330631256104,0.01323699951171875,2.7700960636138916,896,128,0.0,,,,,,,,E2_QA_Accuracy,"AARON STOCKDILL Quantitative T echnologist at Qube Research and T echnologies aaronstockdill@me.com · https://aaron.stockdill.nz/ EDUCATION 2017–2021Doctor of Philosophy, University of Cambridge, UK. • Computer Science. Thesis: “ Automating representation change across domains for reasoning” , supervised by Prof. Mateja Jamnik. Developed a theory of cross-domain correspondences to enable user-aware, contextual AI explanations in an interdisciplinary team from Cambridge and Sussex. • Have published six conference papers and one workshop paper, all peer reviewed, presenting two. One further is under review. Presented a one hour seminar for the AI Research Group Seminar Series in the Computer Lab, and a 15 minute Postgraduate Seminar at college. • Hamilton Cambridge International Scholarship recipient, awarded once every three years; gives full funding and stipend. • Computing Officer for the Selwyn College MCR Committee, which represents graduate students at the college; I managed the punt reservations, committee elections, and website. In the department, I managed the AI Research Group website. 2013–2016Bachelor of Science with First Class Honours, University of Canterbury, NZ. • Computer Science honours, GPA 8.9 of 9, 2016. Report: “Neuromorphic Computing with Reservoir Neural Networks on Memristive Hardware” . Simulated new hardware to implement faster and more power efficient neural networks. • Published two peer-reviewed conference papers. • Double major in Computer Science and Mathematics, GPA 8.83 of 9, 2013–2015. • Graduating BSc(Hons) Computer Science Student of the Y ear Prize 2016 recipient, and Graduating BSc Computer Science Student of the Y ear Prize 2015 recipient, for highest cohort grades. • Committee member of the Computing Society and Mathematics Society, providing academic support, social functions, and subject promotion. Built the Computing Society website. Helped co-ordinate the eventual merger of these two societies. RECENT EMPLOYMENT Feb 2023– presentQuantitative T echnologist, Qube Research and T echnologies, London. Sept 2021–Jan 2023Research Fellow in Informatics, University of Sussex, UK. • Developing theory and tools to describe representations in a uniform, and cognitively centred, manner (RIST). • W orking as part of a research team of six split between Sussex and Cambridge, continuing work from my PhD. • Formalising the cognitive representation notation (RISN), while developing a web app using React and ReScript. Jan 2021–July 2021Software Engineer, Jane Street Europe. • W orked with an international team to develop, deploy, and support in-house software in the finance industry. • New and existing software was developed using OCaml; the environment demanded software that was fault-tolerant, distributed, and real-time. Development was backed up by extensive testing and code review. • Provided operational support deploying our software to servers around the globe, and ensured 24/7 up-time for users of our software. W e also supported users with trouble-shooting, and providing new features both responsively and proactively. 2017–2020Supervisor, Computer Science, University of Cambridge, UK. • Organised and ran small group teaching sessions for undergraduate students in their first and second years. • Tailored individual and group work to the students’ needs, ensuring my time and feedback was used effectively and targeted to their interests and weaknesses for both coursework and future career."
aaron_stockdill,aaron_stockdill_Q3,Personal Information,What is the applicant's primary contact number?,nan,S3_RAG,gpt2,"- ""predicted_answer"": A concise and factual answer to the question.

- ""rationale"": A brief explanation of why this answer is correct based on the section.

- ""confidence_score"": A float between 0.0 and 1.0 representing your confidence.

- ""rationale"": A brief explanation of why this answer is correct based on the section.

- ""confidence_score"": A float between 0.0 and 1.0 representing your confidence.

- ""rationale"": A brief explanation of why this answer is correct based on the section.

- """,,,,2.4659793376922607,0.06427812576293945,2.4017012119293213,898,128,0.0,,,,,,,,E2_QA_Accuracy,"AARON STOCKDILL Quantitative T echnologist at Qube Research and T echnologies aaronstockdill@me.com · https://aaron.stockdill.nz/ EDUCATION 2017–2021Doctor of Philosophy, University of Cambridge, UK. • Computer Science. Thesis: “ Automating representation change across domains for reasoning” , supervised by Prof. Mateja Jamnik. Developed a theory of cross-domain correspondences to enable user-aware, contextual AI explanations in an interdisciplinary team from Cambridge and Sussex. • Have published six conference papers and one workshop paper, all peer reviewed, presenting two. One further is under review. Presented a one hour seminar for the AI Research Group Seminar Series in the Computer Lab, and a 15 minute Postgraduate Seminar at college. • Hamilton Cambridge International Scholarship recipient, awarded once every three years; gives full funding and stipend. • Computing Officer for the Selwyn College MCR Committee, which represents graduate students at the college; I managed the punt reservations, committee elections, and website. In the department, I managed the AI Research Group website. 2013–2016Bachelor of Science with First Class Honours, University of Canterbury, NZ. • Computer Science honours, GPA 8.9 of 9, 2016. Report: “Neuromorphic Computing with Reservoir Neural Networks on Memristive Hardware” . Simulated new hardware to implement faster and more power efficient neural networks. • Published two peer-reviewed conference papers. • Double major in Computer Science and Mathematics, GPA 8.83 of 9, 2013–2015. • Graduating BSc(Hons) Computer Science Student of the Y ear Prize 2016 recipient, and Graduating BSc Computer Science Student of the Y ear Prize 2015 recipient, for highest cohort grades. • Committee member of the Computing Society and Mathematics Society, providing academic support, social functions, and subject promotion. Built the Computing Society website. Helped co-ordinate the eventual merger of these two societies. RECENT EMPLOYMENT Feb 2023– presentQuantitative T echnologist, Qube Research and T echnologies, London. Sept 2021–Jan 2023Research Fellow in Informatics, University of Sussex, UK. • Developing theory and tools to describe representations in a uniform, and cognitively centred, manner (RIST). • W orking as part of a research team of six split between Sussex and Cambridge, continuing work from my PhD. • Formalising the cognitive representation notation (RISN), while developing a web app using React and ReScript. Jan 2021–July 2021Software Engineer, Jane Street Europe. • W orked with an international team to develop, deploy, and support in-house software in the finance industry. • New and existing software was developed using OCaml; the environment demanded software that was fault-tolerant, distributed, and real-time. Development was backed up by extensive testing and code review. • Provided operational support deploying our software to servers around the globe, and ensured 24/7 up-time for users of our software. W e also supported users with trouble-shooting, and providing new features both responsively and proactively. 2017–2020Supervisor, Computer Science, University of Cambridge, UK. • Organised and ran small group teaching sessions for undergraduate students in their first and second years. • Tailored individual and group work to the students’ needs, ensuring my time and feedback was used effectively and targeted to their interests and weaknesses for both coursework and future career."
aaron_stockdill,aaron_stockdill_Q4,Personal Information,In which city and country is the applicant currently located?,"London, UK",S3_RAG,gpt2,"- ""predicted_answer"": A concise and factual answer to the question.

- ""rationale"": A brief explanation of why this answer is correct based on the section.

- ""confidence_score"": A float between 0.0 and 1.0 representing your confidence.

- ""rationale"": A brief explanation of why this answer is correct based on the section.

- ""confidence_score"": A float between 0.0 and 1.0 representing your confidence.

- ""rationale"": A brief explanation of why this answer is correct based on the section.

- """,,,,2.705610990524292,0.08318686485290527,2.6224241256713867,900,128,0.0,,,,,,,,E2_QA_Accuracy,"AARON STOCKDILL Quantitative T echnologist at Qube Research and T echnologies aaronstockdill@me.com · https://aaron.stockdill.nz/ EDUCATION 2017–2021Doctor of Philosophy, University of Cambridge, UK. • Computer Science. Thesis: “ Automating representation change across domains for reasoning” , supervised by Prof. Mateja Jamnik. Developed a theory of cross-domain correspondences to enable user-aware, contextual AI explanations in an interdisciplinary team from Cambridge and Sussex. • Have published six conference papers and one workshop paper, all peer reviewed, presenting two. One further is under review. Presented a one hour seminar for the AI Research Group Seminar Series in the Computer Lab, and a 15 minute Postgraduate Seminar at college. • Hamilton Cambridge International Scholarship recipient, awarded once every three years; gives full funding and stipend. • Computing Officer for the Selwyn College MCR Committee, which represents graduate students at the college; I managed the punt reservations, committee elections, and website. In the department, I managed the AI Research Group website. 2013–2016Bachelor of Science with First Class Honours, University of Canterbury, NZ. • Computer Science honours, GPA 8.9 of 9, 2016. Report: “Neuromorphic Computing with Reservoir Neural Networks on Memristive Hardware” . Simulated new hardware to implement faster and more power efficient neural networks. • Published two peer-reviewed conference papers. • Double major in Computer Science and Mathematics, GPA 8.83 of 9, 2013–2015. • Graduating BSc(Hons) Computer Science Student of the Y ear Prize 2016 recipient, and Graduating BSc Computer Science Student of the Y ear Prize 2015 recipient, for highest cohort grades. • Committee member of the Computing Society and Mathematics Society, providing academic support, social functions, and subject promotion. Built the Computing Society website. Helped co-ordinate the eventual merger of these two societies. RECENT EMPLOYMENT Feb 2023– presentQuantitative T echnologist, Qube Research and T echnologies, London. Sept 2021–Jan 2023Research Fellow in Informatics, University of Sussex, UK. • Developing theory and tools to describe representations in a uniform, and cognitively centred, manner (RIST). • W orking as part of a research team of six split between Sussex and Cambridge, continuing work from my PhD. • Formalising the cognitive representation notation (RISN), while developing a web app using React and ReScript. Jan 2021–July 2021Software Engineer, Jane Street Europe. • W orked with an international team to develop, deploy, and support in-house software in the finance industry. • New and existing software was developed using OCaml; the environment demanded software that was fault-tolerant, distributed, and real-time. Development was backed up by extensive testing and code review. • Provided operational support deploying our software to servers around the globe, and ensured 24/7 up-time for users of our software. W e also supported users with trouble-shooting, and providing new features both responsively and proactively. 2017–2020Supervisor, Computer Science, University of Cambridge, UK. • Organised and ran small group teaching sessions for undergraduate students in their first and second years. • Tailored individual and group work to the students’ needs, ensuring my time and feedback was used effectively and targeted to their interests and weaknesses for both coursework and future career."
aaron_stockdill,aaron_stockdill_Q5,Personal Information,Did the applicant provide a brief professional summary or career objective?,Yes. Research focuses on automating representation change and developing cognitively-centered AI explanations.,S3_RAG,gpt2,"- ""predicted_answer"": A concise and factual answer to the question.

- ""rationale"": A brief explanation of why this answer is correct based on the section.

- ""confidence_score"": A float between 0.0 and 1.0 representing your confidence.

- ""rationale"": A brief explanation of why this answer is correct based on the section.

- ""confidence_score"": A float between 0.0 and 1.0 representing your confidence.

- ""rationale"": A brief explanation of why this answer is correct based on the section.

-",,,,2.869136095046997,0.055052995681762695,2.8140830993652344,901,128,0.0,,,,,,,,E2_QA_Accuracy,"AARON STOCKDILL Quantitative T echnologist at Qube Research and T echnologies aaronstockdill@me.com · https://aaron.stockdill.nz/ EDUCATION 2017–2021Doctor of Philosophy, University of Cambridge, UK. • Computer Science. Thesis: “ Automating representation change across domains for reasoning” , supervised by Prof. Mateja Jamnik. Developed a theory of cross-domain correspondences to enable user-aware, contextual AI explanations in an interdisciplinary team from Cambridge and Sussex. • Have published six conference papers and one workshop paper, all peer reviewed, presenting two. One further is under review. Presented a one hour seminar for the AI Research Group Seminar Series in the Computer Lab, and a 15 minute Postgraduate Seminar at college. • Hamilton Cambridge International Scholarship recipient, awarded once every three years; gives full funding and stipend. • Computing Officer for the Selwyn College MCR Committee, which represents graduate students at the college; I managed the punt reservations, committee elections, and website. In the department, I managed the AI Research Group website. 2013–2016Bachelor of Science with First Class Honours, University of Canterbury, NZ. • Computer Science honours, GPA 8.9 of 9, 2016. Report: “Neuromorphic Computing with Reservoir Neural Networks on Memristive Hardware” . Simulated new hardware to implement faster and more power efficient neural networks. • Published two peer-reviewed conference papers. • Double major in Computer Science and Mathematics, GPA 8.83 of 9, 2013–2015. • Graduating BSc(Hons) Computer Science Student of the Y ear Prize 2016 recipient, and Graduating BSc Computer Science Student of the Y ear Prize 2015 recipient, for highest cohort grades. • Committee member of the Computing Society and Mathematics Society, providing academic support, social functions, and subject promotion. Built the Computing Society website. Helped co-ordinate the eventual merger of these two societies. RECENT EMPLOYMENT Feb 2023– presentQuantitative T echnologist, Qube Research and T echnologies, London. Sept 2021–Jan 2023Research Fellow in Informatics, University of Sussex, UK. • Developing theory and tools to describe representations in a uniform, and cognitively centred, manner (RIST). • W orking as part of a research team of six split between Sussex and Cambridge, continuing work from my PhD. • Formalising the cognitive representation notation (RISN), while developing a web app using React and ReScript. Jan 2021–July 2021Software Engineer, Jane Street Europe. • W orked with an international team to develop, deploy, and support in-house software in the finance industry. • New and existing software was developed using OCaml; the environment demanded software that was fault-tolerant, distributed, and real-time. Development was backed up by extensive testing and code review. • Provided operational support deploying our software to servers around the globe, and ensured 24/7 up-time for users of our software. W e also supported users with trouble-shooting, and providing new features both responsively and proactively. 2017–2020Supervisor, Computer Science, University of Cambridge, UK. • Organised and ran small group teaching sessions for undergraduate students in their first and second years. • Tailored individual and group work to the students’ needs, ensuring my time and feedback was used effectively and targeted to their interests and weaknesses for both coursework and future career."
aaron_stockdill,aaron_stockdill_Q6,Education,What is the highest level of education the applicant has completed?,Doctor of Philosophy in Computer Science,S3_RAG,gpt2,"Answer the relevant
Answer the relevant
Answer the relevant
Answer the relevant
Answer the relevant
Answer the relevant
Answer the relevant
Answer the relevant
Answer the relevant
Answer the relevant
Answer the relevant
Answer the relevant
Answer the relevant
Answer the relevant
Answer the relevant
Answer the relevant
Answer the relevant
Answer the relevant
Answer the relevant
Answer the relevant
Answer the relevant
Answer the relevant
Answer the relevant
Answer the relevant
Answer the relevant
Answer the relevant
Answer the relevant
Answer the relevant
Answer the relevant
Answer the relevant
Answer the relevant
Answer the relevant",,,,3.5373828411102295,0.018102645874023438,3.519280195236206,1194,128,0.0,,,,,,,,E2_QA_Accuracy,"• Encouraged and moderated group discussions that included all members of the group, ensuring the students were teaching each other as much as I was teaching them; this gave new perspectives to their peers and verified their own understanding. 2017Lecturer, Computer Science, University of Canterbury, NZ. • Planned then delivered lectures full time in T erm 3 for more than 400 students in the ‘Introduction to Computer Science’ course which covers foundational concepts; in I received an average 4.30 of 5 in teaching effectiveness. • Developed and graded a cohesive, comprehensive three-part assignment, which was delivered and assessed online. • W orked with students individually both as part of the lab tutor teams and during office hours, the latter allowing me to spend time working with students that otherwise struggle in higher education environments. TECHNICAL SKILLS • Specialist in artificial intelligence, principally logical but also statistical; applications range from education to analysis to physics. My research includes theoretical proofs, human participant evaluations, and statistical analysis. • Secondary computer science specialisation in machine learning, algorithms, and data structures; mathematics specialisation in graph theory, algebraic structures, linear algebra, and probability. • Proficient with OCaml, ReScript, Python, Standard ML, HTML/CSS/Javascript, C, and LATEX. Familiar with APL, C ++, Fortran, Haskell, Lisp, and PHP . Others can be learnt quickly. Familiar with standard office software. SELECTED PUBLICATIONS Examining Experts’ Recommendations of Representational Systems for Problem Solving. Aaron Stockdill, Gem Stapleton, Daniel Raggi, Mateja Jamnik, Grecia Garcia Garcia, and Peter C.-H. Cheng, IEEE Symposium on Visual Languages and Human-Centric Computing, 2022, pp. 1–6. https://dx.doi.org/10.1109/VL/HCC53370.2022.9833141 Representational Interpretive Structure: Theory and Notation. Peter C.-H. Cheng, Aaron Stockdill, Grecia Garcia Garcia, Daniel Raggi, and Mateja Jamnik, 13th International Conference on the Theory and Application of Diagrams, 2022, pp. 54–69. https://dx.doi.org/10.1007/978-3-031-15146-0_4 Considerations in Representation Selection for Problem Solving: a Review . Aaron Stockdill, Daniel Raggi, Mateja Jamnik, Grecia Garcia Garcia, and Peter C.-H. Cheng, 12th International Conference on the Theory and Application of Diagrams, 2021, pp. 35–51. https://dx.doi.org/10.1007/978-3-030-86062-2_4 Cognitive Properties of Representations: A Framework. Peter C.-H. Cheng, Grecia Garcia Garcia, Daniel Raggi, Aaron Stockdill, and Mateja Jamnik, 12th International Conference on the Theory and Application of Diagrams, 2021, pp. 415–430. https://dx.doi.org/10.1007/978-3-030-86062-2_43 Correspondence-based analogies for choosing problem representations. Aaron Stockdill, Daniel Raggi, Mateja Jamnik, Grecia Garcia Garcia, Holly E. A. Sutherland, Peter C.-H. Cheng, and Advait Sarkar, IEEE Symposium on Visual Languages and Human-Centric Computing, 2020, pp. 1–5. https://dx.doi.org/10.1109/VL/HCC50065.2020.9127258 How to (Re)represent it?. Daniel Raggi, Gem Stapleton, Aaron Stockdill, Mateja Jamnik, Grecia Garcia Garcia, and Peter C.-H. Cheng, IEEE 32nd International Conference on T ools with Artificial Intelligence, 2020, pp. 1224–1232. https://dx.doi.org/10.1109/ICTAI50040.2020.00185 Dissecting Representations. Daniel Raggi, Aaron Stockdill, Mateja Jamnik, Grecia Garcia Garcia, Holly E. A. Sutherland, and Peter C.-H. Cheng, 11th International Conference on the Theory and Application of Diagrams, 2020, pp. 144–152. https://dx.doi.org/10.1007/978-3-030-54249-8_11 Inspection and Selection of Representations. Daniel Raggi, Aaron Stockdill, Mateja Jamnik, Grecia Garcia Garcia, Holly E. A. Sutherland, and Peter C.-H. Cheng, Intelligent Computer Mathematics, 2019, pp. 227–242. https://dx.doi.org/10.1007/978-3-030-23250-4_16 SELECTED AWARDS 2021Best Student Paper, Diagrams"
aaron_stockdill,aaron_stockdill_Q7,Education,Which institutions did the applicant attend?,University of Cambridge; University of Canterbury,S3_RAG,gpt2,"- ""predicted_answer"": A concise and factual answer to the question.

- ""rationale"": A brief explanation of why this answer is correct based on the section.

- ""confidence_score"": A float between 0.0 and 1.0 representing your confidence.

- ""rationale"": A brief explanation of why this answer is correct based on the section.

- ""confidence_score"": A float between 0.0 and 1.0 representing your confidence.

- ""rationale"": A brief explanation of why this answer is correct based on the section.

- """,,,,3.501168966293335,0.4352388381958008,3.065930128097534,577,128,0.0,,,,,,,,E2_QA_Accuracy,"Conference 2021. Awarded for ‘Considerations in Representation Selection for Problem Solving: a Review’ . 2017Hamilton Cambridge International Scholarship, Cambridge Trust, University of Cambridge. Full scholarship to study towards my PhD at the University of Cambridge. 2016Graduating BSc(Hons) Computer Science Student of the Y ear, University of Canterbury. Awarded for academic achievement throughout my undergraduate and honours study. 2016G B Battersby Trimble Scholarship in Computer Science, University of Canterbury. Awarded for academic merit, broad knowledge outside of computer science, and research of benefit to New Zealand. 2016Freemasons University Scholarship. For academic merit, community involvement, and leadership potential. 2015Page Memorial Prize, University of Canterbury, for academic achievement in Level 300 Mathematics. OUTREACH AND VOLUNTEERING 2022Representational Systems Theory: What, Why and How, Diagrams 2022 tutorial. • Co-organising and will run a 90 minute tutorial at Diagrams 2022, targeted at researchers in diagrammatic representations. • The tutorial will be an interactive introduction to Representational Systems Theory, using a web app we have developed. 2018–2020STIMULUS V olunteer, University of Cambridge. • V olunteered 90 minutes per week at a local sixth form college, working with the teacher to extend both their knowledge and that of the students, providing extra resources and information, raising their enthusiasm for computer science. • Engaged individually with students to provide practical help, extension activities, or alternative explanations, developing and encouraging their passion for computer science and programming. 2015–2016Scholarship Calculus Coordinator, Cashmere High School, NZ. • Developed the Scholarship Calculus programme for advanced Y ear 13 students, building on their standard curriculum and producing a set of resources for myself and future teachers running this programme. • As a result of the new programme and teaching pattern, my 2016 cohort received a record four scholarships, double the previous best record for the school, and helping fund the students’ tertiary education."
aaron_stockdill,aaron_stockdill_Q8,Education,What is the applicant's score or GPA for his highest level of education?,8.9/9 (Honours GPA); 8.83/9 (Undergraduate GPA),S3_RAG,gpt2,"Answer the factual
Answer the factual
Answer the factual
Answer the factual
Answer the factual
Answer the factual
Answer the factual
Answer the factual
Answer the factual
Answer the factual
Answer the factual
Answer the factual
Answer the factual
Answer the factual
Answer the factual
Answer the factual
Answer the factual
Answer the factual
Answer the factual
Answer the factual
Answer the factual
Answer the factual
Answer the factual
Answer the factual
Answer the factual
Answer the factual
Answer the factual
Answer
Answer
Answer
Answer
Answer
Answer
Answer
Answer
Answer
Answer",,,,2.861639976501465,0.07991385459899902,2.781726121902466,1197,128,0.0,,,,,,,,E2_QA_Accuracy,"• Encouraged and moderated group discussions that included all members of the group, ensuring the students were teaching each other as much as I was teaching them; this gave new perspectives to their peers and verified their own understanding. 2017Lecturer, Computer Science, University of Canterbury, NZ. • Planned then delivered lectures full time in T erm 3 for more than 400 students in the ‘Introduction to Computer Science’ course which covers foundational concepts; in I received an average 4.30 of 5 in teaching effectiveness. • Developed and graded a cohesive, comprehensive three-part assignment, which was delivered and assessed online. • W orked with students individually both as part of the lab tutor teams and during office hours, the latter allowing me to spend time working with students that otherwise struggle in higher education environments. TECHNICAL SKILLS • Specialist in artificial intelligence, principally logical but also statistical; applications range from education to analysis to physics. My research includes theoretical proofs, human participant evaluations, and statistical analysis. • Secondary computer science specialisation in machine learning, algorithms, and data structures; mathematics specialisation in graph theory, algebraic structures, linear algebra, and probability. • Proficient with OCaml, ReScript, Python, Standard ML, HTML/CSS/Javascript, C, and LATEX. Familiar with APL, C ++, Fortran, Haskell, Lisp, and PHP . Others can be learnt quickly. Familiar with standard office software. SELECTED PUBLICATIONS Examining Experts’ Recommendations of Representational Systems for Problem Solving. Aaron Stockdill, Gem Stapleton, Daniel Raggi, Mateja Jamnik, Grecia Garcia Garcia, and Peter C.-H. Cheng, IEEE Symposium on Visual Languages and Human-Centric Computing, 2022, pp. 1–6. https://dx.doi.org/10.1109/VL/HCC53370.2022.9833141 Representational Interpretive Structure: Theory and Notation. Peter C.-H. Cheng, Aaron Stockdill, Grecia Garcia Garcia, Daniel Raggi, and Mateja Jamnik, 13th International Conference on the Theory and Application of Diagrams, 2022, pp. 54–69. https://dx.doi.org/10.1007/978-3-031-15146-0_4 Considerations in Representation Selection for Problem Solving: a Review . Aaron Stockdill, Daniel Raggi, Mateja Jamnik, Grecia Garcia Garcia, and Peter C.-H. Cheng, 12th International Conference on the Theory and Application of Diagrams, 2021, pp. 35–51. https://dx.doi.org/10.1007/978-3-030-86062-2_4 Cognitive Properties of Representations: A Framework. Peter C.-H. Cheng, Grecia Garcia Garcia, Daniel Raggi, Aaron Stockdill, and Mateja Jamnik, 12th International Conference on the Theory and Application of Diagrams, 2021, pp. 415–430. https://dx.doi.org/10.1007/978-3-030-86062-2_43 Correspondence-based analogies for choosing problem representations. Aaron Stockdill, Daniel Raggi, Mateja Jamnik, Grecia Garcia Garcia, Holly E. A. Sutherland, Peter C.-H. Cheng, and Advait Sarkar, IEEE Symposium on Visual Languages and Human-Centric Computing, 2020, pp. 1–5. https://dx.doi.org/10.1109/VL/HCC50065.2020.9127258 How to (Re)represent it?. Daniel Raggi, Gem Stapleton, Aaron Stockdill, Mateja Jamnik, Grecia Garcia Garcia, and Peter C.-H. Cheng, IEEE 32nd International Conference on T ools with Artificial Intelligence, 2020, pp. 1224–1232. https://dx.doi.org/10.1109/ICTAI50040.2020.00185 Dissecting Representations. Daniel Raggi, Aaron Stockdill, Mateja Jamnik, Grecia Garcia Garcia, Holly E. A. Sutherland, and Peter C.-H. Cheng, 11th International Conference on the Theory and Application of Diagrams, 2020, pp. 144–152. https://dx.doi.org/10.1007/978-3-030-54249-8_11 Inspection and Selection of Representations. Daniel Raggi, Aaron Stockdill, Mateja Jamnik, Grecia Garcia Garcia, Holly E. A. Sutherland, and Peter C.-H. Cheng, Intelligent Computer Mathematics, 2019, pp. 227–242. https://dx.doi.org/10.1007/978-3-030-23250-4_16 SELECTED AWARDS 2021Best Student Paper, Diagrams"
aaron_stockdill,aaron_stockdill_Q9,Education,What was the applicant's field of study or major?,Computer Science (PhD); Computer Science & Mathematics (BSc Hons),S3_RAG,gpt2,"Answer the factual
Answer the factual
Answer the factual
Answer the factual
Answer the factual
Answer the factual
Answer the factual
Answer the factual
Answer the factual
Answer the factual
Answer the factual
Answer the factual
Answer the factual
Answer the factual
Answer the factual
Answer the factual
Answer the factual
Answer the factual
Answer the factual
Answer the factual
Answer the factual
Answer the factual
Answer the factual
Answer the factual
Answer the factual
Answer the factual
Answer the factual
Answer
Answer
Answer
Answer
Answer
Answer
Answer
Answer
Answer
Answer",,,,2.7873620986938477,0.010032892227172852,2.777329206466675,1193,128,0.0,,,,,,,,E2_QA_Accuracy,"• Encouraged and moderated group discussions that included all members of the group, ensuring the students were teaching each other as much as I was teaching them; this gave new perspectives to their peers and verified their own understanding. 2017Lecturer, Computer Science, University of Canterbury, NZ. • Planned then delivered lectures full time in T erm 3 for more than 400 students in the ‘Introduction to Computer Science’ course which covers foundational concepts; in I received an average 4.30 of 5 in teaching effectiveness. • Developed and graded a cohesive, comprehensive three-part assignment, which was delivered and assessed online. • W orked with students individually both as part of the lab tutor teams and during office hours, the latter allowing me to spend time working with students that otherwise struggle in higher education environments. TECHNICAL SKILLS • Specialist in artificial intelligence, principally logical but also statistical; applications range from education to analysis to physics. My research includes theoretical proofs, human participant evaluations, and statistical analysis. • Secondary computer science specialisation in machine learning, algorithms, and data structures; mathematics specialisation in graph theory, algebraic structures, linear algebra, and probability. • Proficient with OCaml, ReScript, Python, Standard ML, HTML/CSS/Javascript, C, and LATEX. Familiar with APL, C ++, Fortran, Haskell, Lisp, and PHP . Others can be learnt quickly. Familiar with standard office software. SELECTED PUBLICATIONS Examining Experts’ Recommendations of Representational Systems for Problem Solving. Aaron Stockdill, Gem Stapleton, Daniel Raggi, Mateja Jamnik, Grecia Garcia Garcia, and Peter C.-H. Cheng, IEEE Symposium on Visual Languages and Human-Centric Computing, 2022, pp. 1–6. https://dx.doi.org/10.1109/VL/HCC53370.2022.9833141 Representational Interpretive Structure: Theory and Notation. Peter C.-H. Cheng, Aaron Stockdill, Grecia Garcia Garcia, Daniel Raggi, and Mateja Jamnik, 13th International Conference on the Theory and Application of Diagrams, 2022, pp. 54–69. https://dx.doi.org/10.1007/978-3-031-15146-0_4 Considerations in Representation Selection for Problem Solving: a Review . Aaron Stockdill, Daniel Raggi, Mateja Jamnik, Grecia Garcia Garcia, and Peter C.-H. Cheng, 12th International Conference on the Theory and Application of Diagrams, 2021, pp. 35–51. https://dx.doi.org/10.1007/978-3-030-86062-2_4 Cognitive Properties of Representations: A Framework. Peter C.-H. Cheng, Grecia Garcia Garcia, Daniel Raggi, Aaron Stockdill, and Mateja Jamnik, 12th International Conference on the Theory and Application of Diagrams, 2021, pp. 415–430. https://dx.doi.org/10.1007/978-3-030-86062-2_43 Correspondence-based analogies for choosing problem representations. Aaron Stockdill, Daniel Raggi, Mateja Jamnik, Grecia Garcia Garcia, Holly E. A. Sutherland, Peter C.-H. Cheng, and Advait Sarkar, IEEE Symposium on Visual Languages and Human-Centric Computing, 2020, pp. 1–5. https://dx.doi.org/10.1109/VL/HCC50065.2020.9127258 How to (Re)represent it?. Daniel Raggi, Gem Stapleton, Aaron Stockdill, Mateja Jamnik, Grecia Garcia Garcia, and Peter C.-H. Cheng, IEEE 32nd International Conference on T ools with Artificial Intelligence, 2020, pp. 1224–1232. https://dx.doi.org/10.1109/ICTAI50040.2020.00185 Dissecting Representations. Daniel Raggi, Aaron Stockdill, Mateja Jamnik, Grecia Garcia Garcia, Holly E. A. Sutherland, and Peter C.-H. Cheng, 11th International Conference on the Theory and Application of Diagrams, 2020, pp. 144–152. https://dx.doi.org/10.1007/978-3-030-54249-8_11 Inspection and Selection of Representations. Daniel Raggi, Aaron Stockdill, Mateja Jamnik, Grecia Garcia Garcia, Holly E. A. Sutherland, and Peter C.-H. Cheng, Intelligent Computer Mathematics, 2019, pp. 227–242. https://dx.doi.org/10.1007/978-3-030-23250-4_16 SELECTED AWARDS 2021Best Student Paper, Diagrams"
aaron_stockdill,aaron_stockdill_Q10,Professional Experience,What is the name of the applicant's current (or most recent) employer?,Qube Research and Technologies,S3_RAG,gpt2,"Answer the factual
Answer the factual
Answer the factual
Answer the factual
Answer the factual
Answer the factual
Answer the factual section
Answer the factual section

Answer the factual section

Answer the factual section

Answer the section
Answer the section
Answer the section
Answer the section
Answer the section
Answer the section
Answer the section
Answer the section
Answer the section
Answer the section
Answer the section
Answer the section
Answer the section
Answer the section
Answer the section
Answer the section
Answer the section
Answer the section
Answer the section
Answer the section
Answer",,,,2.757478952407837,0.04526090621948242,2.7122180461883545,1198,128,0.0,,,,,,,,E2_QA_Accuracy,"• Encouraged and moderated group discussions that included all members of the group, ensuring the students were teaching each other as much as I was teaching them; this gave new perspectives to their peers and verified their own understanding. 2017Lecturer, Computer Science, University of Canterbury, NZ. • Planned then delivered lectures full time in T erm 3 for more than 400 students in the ‘Introduction to Computer Science’ course which covers foundational concepts; in I received an average 4.30 of 5 in teaching effectiveness. • Developed and graded a cohesive, comprehensive three-part assignment, which was delivered and assessed online. • W orked with students individually both as part of the lab tutor teams and during office hours, the latter allowing me to spend time working with students that otherwise struggle in higher education environments. TECHNICAL SKILLS • Specialist in artificial intelligence, principally logical but also statistical; applications range from education to analysis to physics. My research includes theoretical proofs, human participant evaluations, and statistical analysis. • Secondary computer science specialisation in machine learning, algorithms, and data structures; mathematics specialisation in graph theory, algebraic structures, linear algebra, and probability. • Proficient with OCaml, ReScript, Python, Standard ML, HTML/CSS/Javascript, C, and LATEX. Familiar with APL, C ++, Fortran, Haskell, Lisp, and PHP . Others can be learnt quickly. Familiar with standard office software. SELECTED PUBLICATIONS Examining Experts’ Recommendations of Representational Systems for Problem Solving. Aaron Stockdill, Gem Stapleton, Daniel Raggi, Mateja Jamnik, Grecia Garcia Garcia, and Peter C.-H. Cheng, IEEE Symposium on Visual Languages and Human-Centric Computing, 2022, pp. 1–6. https://dx.doi.org/10.1109/VL/HCC53370.2022.9833141 Representational Interpretive Structure: Theory and Notation. Peter C.-H. Cheng, Aaron Stockdill, Grecia Garcia Garcia, Daniel Raggi, and Mateja Jamnik, 13th International Conference on the Theory and Application of Diagrams, 2022, pp. 54–69. https://dx.doi.org/10.1007/978-3-031-15146-0_4 Considerations in Representation Selection for Problem Solving: a Review . Aaron Stockdill, Daniel Raggi, Mateja Jamnik, Grecia Garcia Garcia, and Peter C.-H. Cheng, 12th International Conference on the Theory and Application of Diagrams, 2021, pp. 35–51. https://dx.doi.org/10.1007/978-3-030-86062-2_4 Cognitive Properties of Representations: A Framework. Peter C.-H. Cheng, Grecia Garcia Garcia, Daniel Raggi, Aaron Stockdill, and Mateja Jamnik, 12th International Conference on the Theory and Application of Diagrams, 2021, pp. 415–430. https://dx.doi.org/10.1007/978-3-030-86062-2_43 Correspondence-based analogies for choosing problem representations. Aaron Stockdill, Daniel Raggi, Mateja Jamnik, Grecia Garcia Garcia, Holly E. A. Sutherland, Peter C.-H. Cheng, and Advait Sarkar, IEEE Symposium on Visual Languages and Human-Centric Computing, 2020, pp. 1–5. https://dx.doi.org/10.1109/VL/HCC50065.2020.9127258 How to (Re)represent it?. Daniel Raggi, Gem Stapleton, Aaron Stockdill, Mateja Jamnik, Grecia Garcia Garcia, and Peter C.-H. Cheng, IEEE 32nd International Conference on T ools with Artificial Intelligence, 2020, pp. 1224–1232. https://dx.doi.org/10.1109/ICTAI50040.2020.00185 Dissecting Representations. Daniel Raggi, Aaron Stockdill, Mateja Jamnik, Grecia Garcia Garcia, Holly E. A. Sutherland, and Peter C.-H. Cheng, 11th International Conference on the Theory and Application of Diagrams, 2020, pp. 144–152. https://dx.doi.org/10.1007/978-3-030-54249-8_11 Inspection and Selection of Representations. Daniel Raggi, Aaron Stockdill, Mateja Jamnik, Grecia Garcia Garcia, Holly E. A. Sutherland, and Peter C.-H. Cheng, Intelligent Computer Mathematics, 2019, pp. 227–242. https://dx.doi.org/10.1007/978-3-030-23250-4_16 SELECTED AWARDS 2021Best Student Paper, Diagrams"
aaron_stockdill,aaron_stockdill_Q11,Professional Experience,What is the applicant's job title in the most recent role?,Quantitative Technologist,S3_RAG,gpt2,"- ""predicted_answer"": A concise and factual answer to the question.

- ""rationale"": A brief explanation of why this answer is correct based on the section.

- ""confidence_score"": A float between 0.0 and 1.0 representing your confidence.

- ""rationale"": A brief explanation of why this answer is correct based on the section.

- ""confidence_score"": A float between 0.0 and 1.0 representing your confidence.

- ""rationale"": A brief explanation of why this answer is correct based on the section.

- """,,,,2.712416887283325,0.04168391227722168,2.6707329750061035,583,128,0.0,,,,,,,,E2_QA_Accuracy,"Conference 2021. Awarded for ‘Considerations in Representation Selection for Problem Solving: a Review’ . 2017Hamilton Cambridge International Scholarship, Cambridge Trust, University of Cambridge. Full scholarship to study towards my PhD at the University of Cambridge. 2016Graduating BSc(Hons) Computer Science Student of the Y ear, University of Canterbury. Awarded for academic achievement throughout my undergraduate and honours study. 2016G B Battersby Trimble Scholarship in Computer Science, University of Canterbury. Awarded for academic merit, broad knowledge outside of computer science, and research of benefit to New Zealand. 2016Freemasons University Scholarship. For academic merit, community involvement, and leadership potential. 2015Page Memorial Prize, University of Canterbury, for academic achievement in Level 300 Mathematics. OUTREACH AND VOLUNTEERING 2022Representational Systems Theory: What, Why and How, Diagrams 2022 tutorial. • Co-organising and will run a 90 minute tutorial at Diagrams 2022, targeted at researchers in diagrammatic representations. • The tutorial will be an interactive introduction to Representational Systems Theory, using a web app we have developed. 2018–2020STIMULUS V olunteer, University of Cambridge. • V olunteered 90 minutes per week at a local sixth form college, working with the teacher to extend both their knowledge and that of the students, providing extra resources and information, raising their enthusiasm for computer science. • Engaged individually with students to provide practical help, extension activities, or alternative explanations, developing and encouraging their passion for computer science and programming. 2015–2016Scholarship Calculus Coordinator, Cashmere High School, NZ. • Developed the Scholarship Calculus programme for advanced Y ear 13 students, building on their standard curriculum and producing a set of resources for myself and future teachers running this programme. • As a result of the new programme and teaching pattern, my 2016 cohort received a record four scholarships, double the previous best record for the school, and helping fund the students’ tertiary education."
aaron_stockdill,aaron_stockdill_Q12,Professional Experience,How many years of experience does the applicant have?,Professional experience since 2017 (~8+ years),S3_RAG,gpt2,"- ""predicted_answer"": A concise and factual answer to the question.

- ""rationale"": A brief explanation of why this answer is correct based on the section.

- ""confidence_score"": A float between 0.0 and 1.0 representing your confidence.

- ""rationale"": A brief explanation of why this answer is correct based on the section.

- ""confidence_score"": A float between 0.0 and 1.0 representing your confidence.

- ""rationale"": A brief explanation of why this answer is correct based on the section.

- """,,,,2.7366249561309814,0.015300750732421875,2.7213242053985596,580,128,0.0,,,,,,,,E2_QA_Accuracy,"Conference 2021. Awarded for ‘Considerations in Representation Selection for Problem Solving: a Review’ . 2017Hamilton Cambridge International Scholarship, Cambridge Trust, University of Cambridge. Full scholarship to study towards my PhD at the University of Cambridge. 2016Graduating BSc(Hons) Computer Science Student of the Y ear, University of Canterbury. Awarded for academic achievement throughout my undergraduate and honours study. 2016G B Battersby Trimble Scholarship in Computer Science, University of Canterbury. Awarded for academic merit, broad knowledge outside of computer science, and research of benefit to New Zealand. 2016Freemasons University Scholarship. For academic merit, community involvement, and leadership potential. 2015Page Memorial Prize, University of Canterbury, for academic achievement in Level 300 Mathematics. OUTREACH AND VOLUNTEERING 2022Representational Systems Theory: What, Why and How, Diagrams 2022 tutorial. • Co-organising and will run a 90 minute tutorial at Diagrams 2022, targeted at researchers in diagrammatic representations. • The tutorial will be an interactive introduction to Representational Systems Theory, using a web app we have developed. 2018–2020STIMULUS V olunteer, University of Cambridge. • V olunteered 90 minutes per week at a local sixth form college, working with the teacher to extend both their knowledge and that of the students, providing extra resources and information, raising their enthusiasm for computer science. • Engaged individually with students to provide practical help, extension activities, or alternative explanations, developing and encouraging their passion for computer science and programming. 2015–2016Scholarship Calculus Coordinator, Cashmere High School, NZ. • Developed the Scholarship Calculus programme for advanced Y ear 13 students, building on their standard curriculum and producing a set of resources for myself and future teachers running this programme. • As a result of the new programme and teaching pattern, my 2016 cohort received a record four scholarships, double the previous best record for the school, and helping fund the students’ tertiary education."
aaron_stockdill,aaron_stockdill_Q13,Professional Experience,What leadership position did the applicant hold?,Yes. Computing Officer for Selwyn College MCR; committee roles in academic societies; project leadership.,S3_RAG,gpt2,"- ""predicted_answer"": A concise and factual answer to the question.

- ""rationale"": A brief explanation of why this answer is correct based on the section.

- ""confidence_score"": A float between 0.0 and 1.0 representing your confidence.

- ""rationale"": A brief explanation of why this answer is correct based on the section.

- ""confidence_score"": A float between 0.0 and 1.0 representing your confidence.

- ""rationale"": A brief explanation of why this answer is correct based on the section.

- """,,,,2.7716116905212402,0.1591019630432129,2.6125097274780273,578,128,0.0,,,,,,,,E2_QA_Accuracy,"Conference 2021. Awarded for ‘Considerations in Representation Selection for Problem Solving: a Review’ . 2017Hamilton Cambridge International Scholarship, Cambridge Trust, University of Cambridge. Full scholarship to study towards my PhD at the University of Cambridge. 2016Graduating BSc(Hons) Computer Science Student of the Y ear, University of Canterbury. Awarded for academic achievement throughout my undergraduate and honours study. 2016G B Battersby Trimble Scholarship in Computer Science, University of Canterbury. Awarded for academic merit, broad knowledge outside of computer science, and research of benefit to New Zealand. 2016Freemasons University Scholarship. For academic merit, community involvement, and leadership potential. 2015Page Memorial Prize, University of Canterbury, for academic achievement in Level 300 Mathematics. OUTREACH AND VOLUNTEERING 2022Representational Systems Theory: What, Why and How, Diagrams 2022 tutorial. • Co-organising and will run a 90 minute tutorial at Diagrams 2022, targeted at researchers in diagrammatic representations. • The tutorial will be an interactive introduction to Representational Systems Theory, using a web app we have developed. 2018–2020STIMULUS V olunteer, University of Cambridge. • V olunteered 90 minutes per week at a local sixth form college, working with the teacher to extend both their knowledge and that of the students, providing extra resources and information, raising their enthusiasm for computer science. • Engaged individually with students to provide practical help, extension activities, or alternative explanations, developing and encouraging their passion for computer science and programming. 2015–2016Scholarship Calculus Coordinator, Cashmere High School, NZ. • Developed the Scholarship Calculus programme for advanced Y ear 13 students, building on their standard curriculum and producing a set of resources for myself and future teachers running this programme. • As a result of the new programme and teaching pattern, my 2016 cohort received a record four scholarships, double the previous best record for the school, and helping fund the students’ tertiary education."
aaron_stockdill,aaron_stockdill_Q14,Professional Experience,Could the applicant briefly describe their key responsibilities in previous roles?,Yes. Conducts research in AI and representation theory; develops software in finance; teaches and supervises students.,S3_RAG,gpt2,"Answer the relevant
Answer the relevant
Answer the relevant
Answer the relevant
Answer the relevant
Answer the relevant
Answer the relevant
Answer the relevant
Answer the relevant
Answer the relevant
Answer the relevant
Answer the relevant
Answer the relevant
Answer the relevant
Answer the relevant
Answer the relevant
Answer the relevant
Answer the relevant
Answer the relevant
Answer the relevant
Answer the relevant
Answer the relevant
Answer the relevant
Answer the relevant
Answer the relevant
Answer the relevant
Answer the relevant
Answer the relevant
Answer the relevant
Answer the relevant
Answer the relevant
Answer the relevant",,,,2.9876890182495117,0.014472007751464844,2.973217010498047,1194,128,0.0,,,,,,,,E2_QA_Accuracy,"• Encouraged and moderated group discussions that included all members of the group, ensuring the students were teaching each other as much as I was teaching them; this gave new perspectives to their peers and verified their own understanding. 2017Lecturer, Computer Science, University of Canterbury, NZ. • Planned then delivered lectures full time in T erm 3 for more than 400 students in the ‘Introduction to Computer Science’ course which covers foundational concepts; in I received an average 4.30 of 5 in teaching effectiveness. • Developed and graded a cohesive, comprehensive three-part assignment, which was delivered and assessed online. • W orked with students individually both as part of the lab tutor teams and during office hours, the latter allowing me to spend time working with students that otherwise struggle in higher education environments. TECHNICAL SKILLS • Specialist in artificial intelligence, principally logical but also statistical; applications range from education to analysis to physics. My research includes theoretical proofs, human participant evaluations, and statistical analysis. • Secondary computer science specialisation in machine learning, algorithms, and data structures; mathematics specialisation in graph theory, algebraic structures, linear algebra, and probability. • Proficient with OCaml, ReScript, Python, Standard ML, HTML/CSS/Javascript, C, and LATEX. Familiar with APL, C ++, Fortran, Haskell, Lisp, and PHP . Others can be learnt quickly. Familiar with standard office software. SELECTED PUBLICATIONS Examining Experts’ Recommendations of Representational Systems for Problem Solving. Aaron Stockdill, Gem Stapleton, Daniel Raggi, Mateja Jamnik, Grecia Garcia Garcia, and Peter C.-H. Cheng, IEEE Symposium on Visual Languages and Human-Centric Computing, 2022, pp. 1–6. https://dx.doi.org/10.1109/VL/HCC53370.2022.9833141 Representational Interpretive Structure: Theory and Notation. Peter C.-H. Cheng, Aaron Stockdill, Grecia Garcia Garcia, Daniel Raggi, and Mateja Jamnik, 13th International Conference on the Theory and Application of Diagrams, 2022, pp. 54–69. https://dx.doi.org/10.1007/978-3-031-15146-0_4 Considerations in Representation Selection for Problem Solving: a Review . Aaron Stockdill, Daniel Raggi, Mateja Jamnik, Grecia Garcia Garcia, and Peter C.-H. Cheng, 12th International Conference on the Theory and Application of Diagrams, 2021, pp. 35–51. https://dx.doi.org/10.1007/978-3-030-86062-2_4 Cognitive Properties of Representations: A Framework. Peter C.-H. Cheng, Grecia Garcia Garcia, Daniel Raggi, Aaron Stockdill, and Mateja Jamnik, 12th International Conference on the Theory and Application of Diagrams, 2021, pp. 415–430. https://dx.doi.org/10.1007/978-3-030-86062-2_43 Correspondence-based analogies for choosing problem representations. Aaron Stockdill, Daniel Raggi, Mateja Jamnik, Grecia Garcia Garcia, Holly E. A. Sutherland, Peter C.-H. Cheng, and Advait Sarkar, IEEE Symposium on Visual Languages and Human-Centric Computing, 2020, pp. 1–5. https://dx.doi.org/10.1109/VL/HCC50065.2020.9127258 How to (Re)represent it?. Daniel Raggi, Gem Stapleton, Aaron Stockdill, Mateja Jamnik, Grecia Garcia Garcia, and Peter C.-H. Cheng, IEEE 32nd International Conference on T ools with Artificial Intelligence, 2020, pp. 1224–1232. https://dx.doi.org/10.1109/ICTAI50040.2020.00185 Dissecting Representations. Daniel Raggi, Aaron Stockdill, Mateja Jamnik, Grecia Garcia Garcia, Holly E. A. Sutherland, and Peter C.-H. Cheng, 11th International Conference on the Theory and Application of Diagrams, 2020, pp. 144–152. https://dx.doi.org/10.1007/978-3-030-54249-8_11 Inspection and Selection of Representations. Daniel Raggi, Aaron Stockdill, Mateja Jamnik, Grecia Garcia Garcia, Holly E. A. Sutherland, and Peter C.-H. Cheng, Intelligent Computer Mathematics, 2019, pp. 227–242. https://dx.doi.org/10.1007/978-3-030-23250-4_16 SELECTED AWARDS 2021Best Student Paper, Diagrams"
aaron_stockdill,aaron_stockdill_Q15,Professional Experience,Has the applicant worked in more than one job or organization?,"Yes. Qube Research, University of Sussex, Jane Street, University of Cambridge, University of Canterbury.",S3_RAG,gpt2,"Answer the relevant
Answer the relevant
Answer the relevant
Answer the relevant
Answer the relevant
Answer the relevant
Answer the relevant
Answer the relevant
Answer the relevant
Answer the relevant
Answer the relevant
Answer the relevant
Answer the relevant
Answer the relevant
Answer the relevant
Answer the relevant
Answer the relevant
Answer the relevant
Answer the relevant
Answer the relevant
Answer the relevant
Answer the relevant
Answer the relevant
Answer the relevant
Answer the relevant
Answer the relevant
Answer the relevant
Answer the relevant
Answer the relevant
Answer the relevant
Answer the relevant
Answer the",,,,2.8091180324554443,0.011831045150756836,2.7972869873046875,1194,128,0.0,,,,,,,,E2_QA_Accuracy,"• Encouraged and moderated group discussions that included all members of the group, ensuring the students were teaching each other as much as I was teaching them; this gave new perspectives to their peers and verified their own understanding. 2017Lecturer, Computer Science, University of Canterbury, NZ. • Planned then delivered lectures full time in T erm 3 for more than 400 students in the ‘Introduction to Computer Science’ course which covers foundational concepts; in I received an average 4.30 of 5 in teaching effectiveness. • Developed and graded a cohesive, comprehensive three-part assignment, which was delivered and assessed online. • W orked with students individually both as part of the lab tutor teams and during office hours, the latter allowing me to spend time working with students that otherwise struggle in higher education environments. TECHNICAL SKILLS • Specialist in artificial intelligence, principally logical but also statistical; applications range from education to analysis to physics. My research includes theoretical proofs, human participant evaluations, and statistical analysis. • Secondary computer science specialisation in machine learning, algorithms, and data structures; mathematics specialisation in graph theory, algebraic structures, linear algebra, and probability. • Proficient with OCaml, ReScript, Python, Standard ML, HTML/CSS/Javascript, C, and LATEX. Familiar with APL, C ++, Fortran, Haskell, Lisp, and PHP . Others can be learnt quickly. Familiar with standard office software. SELECTED PUBLICATIONS Examining Experts’ Recommendations of Representational Systems for Problem Solving. Aaron Stockdill, Gem Stapleton, Daniel Raggi, Mateja Jamnik, Grecia Garcia Garcia, and Peter C.-H. Cheng, IEEE Symposium on Visual Languages and Human-Centric Computing, 2022, pp. 1–6. https://dx.doi.org/10.1109/VL/HCC53370.2022.9833141 Representational Interpretive Structure: Theory and Notation. Peter C.-H. Cheng, Aaron Stockdill, Grecia Garcia Garcia, Daniel Raggi, and Mateja Jamnik, 13th International Conference on the Theory and Application of Diagrams, 2022, pp. 54–69. https://dx.doi.org/10.1007/978-3-031-15146-0_4 Considerations in Representation Selection for Problem Solving: a Review . Aaron Stockdill, Daniel Raggi, Mateja Jamnik, Grecia Garcia Garcia, and Peter C.-H. Cheng, 12th International Conference on the Theory and Application of Diagrams, 2021, pp. 35–51. https://dx.doi.org/10.1007/978-3-030-86062-2_4 Cognitive Properties of Representations: A Framework. Peter C.-H. Cheng, Grecia Garcia Garcia, Daniel Raggi, Aaron Stockdill, and Mateja Jamnik, 12th International Conference on the Theory and Application of Diagrams, 2021, pp. 415–430. https://dx.doi.org/10.1007/978-3-030-86062-2_43 Correspondence-based analogies for choosing problem representations. Aaron Stockdill, Daniel Raggi, Mateja Jamnik, Grecia Garcia Garcia, Holly E. A. Sutherland, Peter C.-H. Cheng, and Advait Sarkar, IEEE Symposium on Visual Languages and Human-Centric Computing, 2020, pp. 1–5. https://dx.doi.org/10.1109/VL/HCC50065.2020.9127258 How to (Re)represent it?. Daniel Raggi, Gem Stapleton, Aaron Stockdill, Mateja Jamnik, Grecia Garcia Garcia, and Peter C.-H. Cheng, IEEE 32nd International Conference on T ools with Artificial Intelligence, 2020, pp. 1224–1232. https://dx.doi.org/10.1109/ICTAI50040.2020.00185 Dissecting Representations. Daniel Raggi, Aaron Stockdill, Mateja Jamnik, Grecia Garcia Garcia, Holly E. A. Sutherland, and Peter C.-H. Cheng, 11th International Conference on the Theory and Application of Diagrams, 2020, pp. 144–152. https://dx.doi.org/10.1007/978-3-030-54249-8_11 Inspection and Selection of Representations. Daniel Raggi, Aaron Stockdill, Mateja Jamnik, Grecia Garcia Garcia, Holly E. A. Sutherland, and Peter C.-H. Cheng, Intelligent Computer Mathematics, 2019, pp. 227–242. https://dx.doi.org/10.1007/978-3-030-23250-4_16 SELECTED AWARDS 2021Best Student Paper, Diagrams"
aaron_stockdill,aaron_stockdill_Q16,Professional Experience,What were the applicant's major accomplishments?,Best Student Paper at Diagrams 2021; multiple conference publications; Hamilton Cambridge International Scholarship.,S3_RAG,gpt2,"- ""predicted_answer"": A concise and factual answer to the question.

- ""rationale"": A brief explanation of why this answer is correct based on the section.

- ""confidence_score"": A float between 0.0 and 1.0 representing your confidence.

- ""rationale"": A brief explanation of why this answer is correct based on the section.

- ""confidence_score"": A float between 0.0 and 1.0 representing your confidence.

- ""rationale"": A brief explanation of why this answer is correct based on the section.

- """,,,,2.7387239933013916,0.027594804763793945,2.7111291885375977,578,128,0.0,,,,,,,,E2_QA_Accuracy,"Conference 2021. Awarded for ‘Considerations in Representation Selection for Problem Solving: a Review’ . 2017Hamilton Cambridge International Scholarship, Cambridge Trust, University of Cambridge. Full scholarship to study towards my PhD at the University of Cambridge. 2016Graduating BSc(Hons) Computer Science Student of the Y ear, University of Canterbury. Awarded for academic achievement throughout my undergraduate and honours study. 2016G B Battersby Trimble Scholarship in Computer Science, University of Canterbury. Awarded for academic merit, broad knowledge outside of computer science, and research of benefit to New Zealand. 2016Freemasons University Scholarship. For academic merit, community involvement, and leadership potential. 2015Page Memorial Prize, University of Canterbury, for academic achievement in Level 300 Mathematics. OUTREACH AND VOLUNTEERING 2022Representational Systems Theory: What, Why and How, Diagrams 2022 tutorial. • Co-organising and will run a 90 minute tutorial at Diagrams 2022, targeted at researchers in diagrammatic representations. • The tutorial will be an interactive introduction to Representational Systems Theory, using a web app we have developed. 2018–2020STIMULUS V olunteer, University of Cambridge. • V olunteered 90 minutes per week at a local sixth form college, working with the teacher to extend both their knowledge and that of the students, providing extra resources and information, raising their enthusiasm for computer science. • Engaged individually with students to provide practical help, extension activities, or alternative explanations, developing and encouraging their passion for computer science and programming. 2015–2016Scholarship Calculus Coordinator, Cashmere High School, NZ. • Developed the Scholarship Calculus programme for advanced Y ear 13 students, building on their standard curriculum and producing a set of resources for myself and future teachers running this programme. • As a result of the new programme and teaching pattern, my 2016 cohort received a record four scholarships, double the previous best record for the school, and helping fund the students’ tertiary education."
aaron_stockdill,aaron_stockdill_Q17,Professional Experience,What key metric did they improve?,Developed theory of cross-domain correspondences; built tools for representation selection; improved teaching outcomes.,S3_RAG,gpt2,"Answer the correct
Answer the text
Answer the text
Answer the text
Answer the text
Answer the text
Answer the text
Answer the text
Answer the text
Answer the text
Answer the text
Answer the text
Answer the text
Answer the text
Answer the text
Answer the text
Answer the text
Answer the text
Answer the text
Answer the text
Answer the text
Answer the text
Answer the text
Answer the text
Answer the text
Answer the text
Answer the text
Answer the text
Answer
Answer
Answer
Answer
Answer
Answer
Answer
Answer",,,,3.185382843017578,0.4431428909301758,2.7422399520874023,1189,128,0.0,,,,,,,,E2_QA_Accuracy,"• Encouraged and moderated group discussions that included all members of the group, ensuring the students were teaching each other as much as I was teaching them; this gave new perspectives to their peers and verified their own understanding. 2017Lecturer, Computer Science, University of Canterbury, NZ. • Planned then delivered lectures full time in T erm 3 for more than 400 students in the ‘Introduction to Computer Science’ course which covers foundational concepts; in I received an average 4.30 of 5 in teaching effectiveness. • Developed and graded a cohesive, comprehensive three-part assignment, which was delivered and assessed online. • W orked with students individually both as part of the lab tutor teams and during office hours, the latter allowing me to spend time working with students that otherwise struggle in higher education environments. TECHNICAL SKILLS • Specialist in artificial intelligence, principally logical but also statistical; applications range from education to analysis to physics. My research includes theoretical proofs, human participant evaluations, and statistical analysis. • Secondary computer science specialisation in machine learning, algorithms, and data structures; mathematics specialisation in graph theory, algebraic structures, linear algebra, and probability. • Proficient with OCaml, ReScript, Python, Standard ML, HTML/CSS/Javascript, C, and LATEX. Familiar with APL, C ++, Fortran, Haskell, Lisp, and PHP . Others can be learnt quickly. Familiar with standard office software. SELECTED PUBLICATIONS Examining Experts’ Recommendations of Representational Systems for Problem Solving. Aaron Stockdill, Gem Stapleton, Daniel Raggi, Mateja Jamnik, Grecia Garcia Garcia, and Peter C.-H. Cheng, IEEE Symposium on Visual Languages and Human-Centric Computing, 2022, pp. 1–6. https://dx.doi.org/10.1109/VL/HCC53370.2022.9833141 Representational Interpretive Structure: Theory and Notation. Peter C.-H. Cheng, Aaron Stockdill, Grecia Garcia Garcia, Daniel Raggi, and Mateja Jamnik, 13th International Conference on the Theory and Application of Diagrams, 2022, pp. 54–69. https://dx.doi.org/10.1007/978-3-031-15146-0_4 Considerations in Representation Selection for Problem Solving: a Review . Aaron Stockdill, Daniel Raggi, Mateja Jamnik, Grecia Garcia Garcia, and Peter C.-H. Cheng, 12th International Conference on the Theory and Application of Diagrams, 2021, pp. 35–51. https://dx.doi.org/10.1007/978-3-030-86062-2_4 Cognitive Properties of Representations: A Framework. Peter C.-H. Cheng, Grecia Garcia Garcia, Daniel Raggi, Aaron Stockdill, and Mateja Jamnik, 12th International Conference on the Theory and Application of Diagrams, 2021, pp. 415–430. https://dx.doi.org/10.1007/978-3-030-86062-2_43 Correspondence-based analogies for choosing problem representations. Aaron Stockdill, Daniel Raggi, Mateja Jamnik, Grecia Garcia Garcia, Holly E. A. Sutherland, Peter C.-H. Cheng, and Advait Sarkar, IEEE Symposium on Visual Languages and Human-Centric Computing, 2020, pp. 1–5. https://dx.doi.org/10.1109/VL/HCC50065.2020.9127258 How to (Re)represent it?. Daniel Raggi, Gem Stapleton, Aaron Stockdill, Mateja Jamnik, Grecia Garcia Garcia, and Peter C.-H. Cheng, IEEE 32nd International Conference on T ools with Artificial Intelligence, 2020, pp. 1224–1232. https://dx.doi.org/10.1109/ICTAI50040.2020.00185 Dissecting Representations. Daniel Raggi, Aaron Stockdill, Mateja Jamnik, Grecia Garcia Garcia, Holly E. A. Sutherland, and Peter C.-H. Cheng, 11th International Conference on the Theory and Application of Diagrams, 2020, pp. 144–152. https://dx.doi.org/10.1007/978-3-030-54249-8_11 Inspection and Selection of Representations. Daniel Raggi, Aaron Stockdill, Mateja Jamnik, Grecia Garcia Garcia, Holly E. A. Sutherland, and Peter C.-H. Cheng, Intelligent Computer Mathematics, 2019, pp. 227–242. https://dx.doi.org/10.1007/978-3-030-23250-4_16 SELECTED AWARDS 2021Best Student Paper, Diagrams"
aaron_stockdill,aaron_stockdill_Q18,Research and Projects,What is the name of a key project the applicant has worked on?,Automating representation change across domains; Representational Interpretive Structure (RIST); AquaSense (previous),S3_RAG,gpt2,"- ""predicted_answer"": A concise and factual answer to the question.

- ""rationale"": A brief explanation of why this answer is correct based on the section.

- ""confidence_score"": A float between 0.0 and 1.0 representing your confidence.

- ""rationale"": A brief explanation of why this answer is correct based on the section.

- ""confidence_score"": A float between 0.0 and 1.0 representing your confidence.

- ""rationale"": A brief explanation of why this answer is correct based on the section.

- """,,,,2.6182940006256104,0.11204195022583008,2.5062520503997803,584,128,0.0,,,,,,,,E2_QA_Accuracy,"Conference 2021. Awarded for ‘Considerations in Representation Selection for Problem Solving: a Review’ . 2017Hamilton Cambridge International Scholarship, Cambridge Trust, University of Cambridge. Full scholarship to study towards my PhD at the University of Cambridge. 2016Graduating BSc(Hons) Computer Science Student of the Y ear, University of Canterbury. Awarded for academic achievement throughout my undergraduate and honours study. 2016G B Battersby Trimble Scholarship in Computer Science, University of Canterbury. Awarded for academic merit, broad knowledge outside of computer science, and research of benefit to New Zealand. 2016Freemasons University Scholarship. For academic merit, community involvement, and leadership potential. 2015Page Memorial Prize, University of Canterbury, for academic achievement in Level 300 Mathematics. OUTREACH AND VOLUNTEERING 2022Representational Systems Theory: What, Why and How, Diagrams 2022 tutorial. • Co-organising and will run a 90 minute tutorial at Diagrams 2022, targeted at researchers in diagrammatic representations. • The tutorial will be an interactive introduction to Representational Systems Theory, using a web app we have developed. 2018–2020STIMULUS V olunteer, University of Cambridge. • V olunteered 90 minutes per week at a local sixth form college, working with the teacher to extend both their knowledge and that of the students, providing extra resources and information, raising their enthusiasm for computer science. • Engaged individually with students to provide practical help, extension activities, or alternative explanations, developing and encouraging their passion for computer science and programming. 2015–2016Scholarship Calculus Coordinator, Cashmere High School, NZ. • Developed the Scholarship Calculus programme for advanced Y ear 13 students, building on their standard curriculum and producing a set of resources for myself and future teachers running this programme. • As a result of the new programme and teaching pattern, my 2016 cohort received a record four scholarships, double the previous best record for the school, and helping fund the students’ tertiary education."
aaron_stockdill,aaron_stockdill_Q19,Research and Projects,Which tools or technologies did the applicant use in their projects?,"OCaml, ReScript, Python, Standard ML, C, JavaScript; React, web development tools",S3_RAG,gpt2,"- ""predicted_answer"": A concise and factual answer to the question.

- ""rationale"": A brief explanation of why this answer is correct based on the section.

- ""confidence_score"": A float between 0.0 and 1.0 representing your confidence.

- ""rationale"": A brief explanation of why this answer is correct based on the section.

- ""confidence_score"": A float between 0.0 and 1.0 representing your confidence.

- ""rationale"": A brief explanation of why this answer is correct based on the section.

-",,,,2.8317039012908936,0.08145713806152344,2.75024676322937,901,128,0.0,,,,,,,,E2_QA_Accuracy,"AARON STOCKDILL Quantitative T echnologist at Qube Research and T echnologies aaronstockdill@me.com · https://aaron.stockdill.nz/ EDUCATION 2017–2021Doctor of Philosophy, University of Cambridge, UK. • Computer Science. Thesis: “ Automating representation change across domains for reasoning” , supervised by Prof. Mateja Jamnik. Developed a theory of cross-domain correspondences to enable user-aware, contextual AI explanations in an interdisciplinary team from Cambridge and Sussex. • Have published six conference papers and one workshop paper, all peer reviewed, presenting two. One further is under review. Presented a one hour seminar for the AI Research Group Seminar Series in the Computer Lab, and a 15 minute Postgraduate Seminar at college. • Hamilton Cambridge International Scholarship recipient, awarded once every three years; gives full funding and stipend. • Computing Officer for the Selwyn College MCR Committee, which represents graduate students at the college; I managed the punt reservations, committee elections, and website. In the department, I managed the AI Research Group website. 2013–2016Bachelor of Science with First Class Honours, University of Canterbury, NZ. • Computer Science honours, GPA 8.9 of 9, 2016. Report: “Neuromorphic Computing with Reservoir Neural Networks on Memristive Hardware” . Simulated new hardware to implement faster and more power efficient neural networks. • Published two peer-reviewed conference papers. • Double major in Computer Science and Mathematics, GPA 8.83 of 9, 2013–2015. • Graduating BSc(Hons) Computer Science Student of the Y ear Prize 2016 recipient, and Graduating BSc Computer Science Student of the Y ear Prize 2015 recipient, for highest cohort grades. • Committee member of the Computing Society and Mathematics Society, providing academic support, social functions, and subject promotion. Built the Computing Society website. Helped co-ordinate the eventual merger of these two societies. RECENT EMPLOYMENT Feb 2023– presentQuantitative T echnologist, Qube Research and T echnologies, London. Sept 2021–Jan 2023Research Fellow in Informatics, University of Sussex, UK. • Developing theory and tools to describe representations in a uniform, and cognitively centred, manner (RIST). • W orking as part of a research team of six split between Sussex and Cambridge, continuing work from my PhD. • Formalising the cognitive representation notation (RISN), while developing a web app using React and ReScript. Jan 2021–July 2021Software Engineer, Jane Street Europe. • W orked with an international team to develop, deploy, and support in-house software in the finance industry. • New and existing software was developed using OCaml; the environment demanded software that was fault-tolerant, distributed, and real-time. Development was backed up by extensive testing and code review. • Provided operational support deploying our software to servers around the globe, and ensured 24/7 up-time for users of our software. W e also supported users with trouble-shooting, and providing new features both responsively and proactively. 2017–2020Supervisor, Computer Science, University of Cambridge, UK. • Organised and ran small group teaching sessions for undergraduate students in their first and second years. • Tailored individual and group work to the students’ needs, ensuring my time and feedback was used effectively and targeted to their interests and weaknesses for both coursework and future career."
aaron_stockdill,aaron_stockdill_Q20,Research and Projects,Did any project have a specific budget or numeric goal?,nan,S3_RAG,gpt2,"- ""predicted_answer"": A concise and factual answer to the question.

- ""rationale"": A brief explanation of why this answer is correct based on the section.

- ""confidence_score"": A float between 0.0 and 1.0 representing your confidence.

- ""rationale"": A brief explanation of why this answer is correct based on the section.

- ""confidence_score"": A float between 0.0 and 1.0 representing your confidence.

- ""rationale"": A brief explanation of why this answer is correct based on the section.

- """,,,,3.0605812072753906,0.012902259826660156,3.0476789474487305,581,128,0.0,,,,,,,,E2_QA_Accuracy,"Conference 2021. Awarded for ‘Considerations in Representation Selection for Problem Solving: a Review’ . 2017Hamilton Cambridge International Scholarship, Cambridge Trust, University of Cambridge. Full scholarship to study towards my PhD at the University of Cambridge. 2016Graduating BSc(Hons) Computer Science Student of the Y ear, University of Canterbury. Awarded for academic achievement throughout my undergraduate and honours study. 2016G B Battersby Trimble Scholarship in Computer Science, University of Canterbury. Awarded for academic merit, broad knowledge outside of computer science, and research of benefit to New Zealand. 2016Freemasons University Scholarship. For academic merit, community involvement, and leadership potential. 2015Page Memorial Prize, University of Canterbury, for academic achievement in Level 300 Mathematics. OUTREACH AND VOLUNTEERING 2022Representational Systems Theory: What, Why and How, Diagrams 2022 tutorial. • Co-organising and will run a 90 minute tutorial at Diagrams 2022, targeted at researchers in diagrammatic representations. • The tutorial will be an interactive introduction to Representational Systems Theory, using a web app we have developed. 2018–2020STIMULUS V olunteer, University of Cambridge. • V olunteered 90 minutes per week at a local sixth form college, working with the teacher to extend both their knowledge and that of the students, providing extra resources and information, raising their enthusiasm for computer science. • Engaged individually with students to provide practical help, extension activities, or alternative explanations, developing and encouraging their passion for computer science and programming. 2015–2016Scholarship Calculus Coordinator, Cashmere High School, NZ. • Developed the Scholarship Calculus programme for advanced Y ear 13 students, building on their standard curriculum and producing a set of resources for myself and future teachers running this programme. • As a result of the new programme and teaching pattern, my 2016 cohort received a record four scholarships, double the previous best record for the school, and helping fund the students’ tertiary education."
aaron_stockdill,aaron_stockdill_Q21,Research and Projects,What were the main objectives of the applicant's projects?,To advance AI explanation and problem-solving through automated representation selection and change.,S3_RAG,gpt2,"- ""predicted_answer"": A concise and factual answer to the question.

- ""rationale"": A brief explanation of why this answer is correct based on the section.

- ""confidence_score"": A float between 0.0 and 1.0 representing your confidence.

- ""rationale"": A brief explanation of why this answer is correct based on the section.

- ""confidence_score"": A float between 0.0 and 1.0 representing your confidence.

- ""rationale"": A brief explanation of why this answer is correct based on the section.

- """,,,,2.8073911666870117,0.07100701332092285,2.736384153366089,581,128,0.0,,,,,,,,E2_QA_Accuracy,"Conference 2021. Awarded for ‘Considerations in Representation Selection for Problem Solving: a Review’ . 2017Hamilton Cambridge International Scholarship, Cambridge Trust, University of Cambridge. Full scholarship to study towards my PhD at the University of Cambridge. 2016Graduating BSc(Hons) Computer Science Student of the Y ear, University of Canterbury. Awarded for academic achievement throughout my undergraduate and honours study. 2016G B Battersby Trimble Scholarship in Computer Science, University of Canterbury. Awarded for academic merit, broad knowledge outside of computer science, and research of benefit to New Zealand. 2016Freemasons University Scholarship. For academic merit, community involvement, and leadership potential. 2015Page Memorial Prize, University of Canterbury, for academic achievement in Level 300 Mathematics. OUTREACH AND VOLUNTEERING 2022Representational Systems Theory: What, Why and How, Diagrams 2022 tutorial. • Co-organising and will run a 90 minute tutorial at Diagrams 2022, targeted at researchers in diagrammatic representations. • The tutorial will be an interactive introduction to Representational Systems Theory, using a web app we have developed. 2018–2020STIMULUS V olunteer, University of Cambridge. • V olunteered 90 minutes per week at a local sixth form college, working with the teacher to extend both their knowledge and that of the students, providing extra resources and information, raising their enthusiasm for computer science. • Engaged individually with students to provide practical help, extension activities, or alternative explanations, developing and encouraging their passion for computer science and programming. 2015–2016Scholarship Calculus Coordinator, Cashmere High School, NZ. • Developed the Scholarship Calculus programme for advanced Y ear 13 students, building on their standard curriculum and producing a set of resources for myself and future teachers running this programme. • As a result of the new programme and teaching pattern, my 2016 cohort received a record four scholarships, double the previous best record for the school, and helping fund the students’ tertiary education."
aaron_stockdill,aaron_stockdill_Q22,Research and Projects,What are the applicant s publications?,"Six conference papers, one workshop paper, one under review; publications in Diagrams, VL/HCC, ICTAI.",S3_RAG,gpt2,"- ""predicted_answer"": A concise and factual answer to the question.

- ""rationale"": A brief explanation of why this answer is correct based on the section.

- ""confidence_score"": A float between 0.0 and 1.0 representing your confidence.

- ""rationale"": A brief explanation of why this answer is correct based on the section.

- ""confidence_score"": A float between 0.0 and 1.0 representing your confidence.

- ""rationale"": A brief explanation of why this answer is correct based on the section.

- """,,,,2.538123846054077,0.014197826385498047,2.523926019668579,577,128,0.0,,,,,,,,E2_QA_Accuracy,"Conference 2021. Awarded for ‘Considerations in Representation Selection for Problem Solving: a Review’ . 2017Hamilton Cambridge International Scholarship, Cambridge Trust, University of Cambridge. Full scholarship to study towards my PhD at the University of Cambridge. 2016Graduating BSc(Hons) Computer Science Student of the Y ear, University of Canterbury. Awarded for academic achievement throughout my undergraduate and honours study. 2016G B Battersby Trimble Scholarship in Computer Science, University of Canterbury. Awarded for academic merit, broad knowledge outside of computer science, and research of benefit to New Zealand. 2016Freemasons University Scholarship. For academic merit, community involvement, and leadership potential. 2015Page Memorial Prize, University of Canterbury, for academic achievement in Level 300 Mathematics. OUTREACH AND VOLUNTEERING 2022Representational Systems Theory: What, Why and How, Diagrams 2022 tutorial. • Co-organising and will run a 90 minute tutorial at Diagrams 2022, targeted at researchers in diagrammatic representations. • The tutorial will be an interactive introduction to Representational Systems Theory, using a web app we have developed. 2018–2020STIMULUS V olunteer, University of Cambridge. • V olunteered 90 minutes per week at a local sixth form college, working with the teacher to extend both their knowledge and that of the students, providing extra resources and information, raising their enthusiasm for computer science. • Engaged individually with students to provide practical help, extension activities, or alternative explanations, developing and encouraging their passion for computer science and programming. 2015–2016Scholarship Calculus Coordinator, Cashmere High School, NZ. • Developed the Scholarship Calculus programme for advanced Y ear 13 students, building on their standard curriculum and producing a set of resources for myself and future teachers running this programme. • As a result of the new programme and teaching pattern, my 2016 cohort received a record four scholarships, double the previous best record for the school, and helping fund the students’ tertiary education."
aaron_stockdill,aaron_stockdill_Q23,Research and Projects,Did the applicant outline the approach or methodology they used?,"Yes. Combines theoretical proofs, human participant evaluations, statistical analysis, and tool development.",S3_RAG,gpt2,"- ""predicted_answer"": A concise and factual answer to the question.

- ""rationale"": A brief explanation of why this answer is correct based on the section.

- ""confidence_score"": A float between 0.0 and 1.0 representing your confidence.

- ""rationale"": A brief explanation of why this answer is correct based on the section.

- ""confidence_score"": A float between 0.0 and 1.0 representing your confidence.

- ""rationale"": A brief explanation of why this answer is correct based on the section.

- """,,,,2.4687719345092773,0.015661239624023438,2.453110694885254,581,128,0.0,,,,,,,,E2_QA_Accuracy,"Conference 2021. Awarded for ‘Considerations in Representation Selection for Problem Solving: a Review’ . 2017Hamilton Cambridge International Scholarship, Cambridge Trust, University of Cambridge. Full scholarship to study towards my PhD at the University of Cambridge. 2016Graduating BSc(Hons) Computer Science Student of the Y ear, University of Canterbury. Awarded for academic achievement throughout my undergraduate and honours study. 2016G B Battersby Trimble Scholarship in Computer Science, University of Canterbury. Awarded for academic merit, broad knowledge outside of computer science, and research of benefit to New Zealand. 2016Freemasons University Scholarship. For academic merit, community involvement, and leadership potential. 2015Page Memorial Prize, University of Canterbury, for academic achievement in Level 300 Mathematics. OUTREACH AND VOLUNTEERING 2022Representational Systems Theory: What, Why and How, Diagrams 2022 tutorial. • Co-organising and will run a 90 minute tutorial at Diagrams 2022, targeted at researchers in diagrammatic representations. • The tutorial will be an interactive introduction to Representational Systems Theory, using a web app we have developed. 2018–2020STIMULUS V olunteer, University of Cambridge. • V olunteered 90 minutes per week at a local sixth form college, working with the teacher to extend both their knowledge and that of the students, providing extra resources and information, raising their enthusiasm for computer science. • Engaged individually with students to provide practical help, extension activities, or alternative explanations, developing and encouraging their passion for computer science and programming. 2015–2016Scholarship Calculus Coordinator, Cashmere High School, NZ. • Developed the Scholarship Calculus programme for advanced Y ear 13 students, building on their standard curriculum and producing a set of resources for myself and future teachers running this programme. • As a result of the new programme and teaching pattern, my 2016 cohort received a record four scholarships, double the previous best record for the school, and helping fund the students’ tertiary education."
aaron_stockdill,aaron_stockdill_Q24,Research and Projects,What are the applicant's research areas?,"Artificial Intelligence, Representation Theory, Human-Centric Computing, Diagrammatic Reasoning, Cognitive Science",S3_RAG,gpt2,"Answer the relevant
Answer the text
Answer the text
Answer the text
Answer the text
Answer the text
Answer the text
Answer the text
Answer the text
Answer the text
Answer the text
Answer the text
Answer the text
Answer the text
Answer the text
Answer the text
Answer the text
Answer the text
Answer the text
Answer the text
Answer the text
Answer the text
Answer the text
Answer the text
Answer the text
Answer the text
Answer the text
Answer the text
Answer the text
Answer the text
Answer the text
Answer
Answer",,,,2.9748899936676025,0.011859893798828125,2.9630300998687744,1190,128,0.0,,,,,,,,E2_QA_Accuracy,"• Encouraged and moderated group discussions that included all members of the group, ensuring the students were teaching each other as much as I was teaching them; this gave new perspectives to their peers and verified their own understanding. 2017Lecturer, Computer Science, University of Canterbury, NZ. • Planned then delivered lectures full time in T erm 3 for more than 400 students in the ‘Introduction to Computer Science’ course which covers foundational concepts; in I received an average 4.30 of 5 in teaching effectiveness. • Developed and graded a cohesive, comprehensive three-part assignment, which was delivered and assessed online. • W orked with students individually both as part of the lab tutor teams and during office hours, the latter allowing me to spend time working with students that otherwise struggle in higher education environments. TECHNICAL SKILLS • Specialist in artificial intelligence, principally logical but also statistical; applications range from education to analysis to physics. My research includes theoretical proofs, human participant evaluations, and statistical analysis. • Secondary computer science specialisation in machine learning, algorithms, and data structures; mathematics specialisation in graph theory, algebraic structures, linear algebra, and probability. • Proficient with OCaml, ReScript, Python, Standard ML, HTML/CSS/Javascript, C, and LATEX. Familiar with APL, C ++, Fortran, Haskell, Lisp, and PHP . Others can be learnt quickly. Familiar with standard office software. SELECTED PUBLICATIONS Examining Experts’ Recommendations of Representational Systems for Problem Solving. Aaron Stockdill, Gem Stapleton, Daniel Raggi, Mateja Jamnik, Grecia Garcia Garcia, and Peter C.-H. Cheng, IEEE Symposium on Visual Languages and Human-Centric Computing, 2022, pp. 1–6. https://dx.doi.org/10.1109/VL/HCC53370.2022.9833141 Representational Interpretive Structure: Theory and Notation. Peter C.-H. Cheng, Aaron Stockdill, Grecia Garcia Garcia, Daniel Raggi, and Mateja Jamnik, 13th International Conference on the Theory and Application of Diagrams, 2022, pp. 54–69. https://dx.doi.org/10.1007/978-3-031-15146-0_4 Considerations in Representation Selection for Problem Solving: a Review . Aaron Stockdill, Daniel Raggi, Mateja Jamnik, Grecia Garcia Garcia, and Peter C.-H. Cheng, 12th International Conference on the Theory and Application of Diagrams, 2021, pp. 35–51. https://dx.doi.org/10.1007/978-3-030-86062-2_4 Cognitive Properties of Representations: A Framework. Peter C.-H. Cheng, Grecia Garcia Garcia, Daniel Raggi, Aaron Stockdill, and Mateja Jamnik, 12th International Conference on the Theory and Application of Diagrams, 2021, pp. 415–430. https://dx.doi.org/10.1007/978-3-030-86062-2_43 Correspondence-based analogies for choosing problem representations. Aaron Stockdill, Daniel Raggi, Mateja Jamnik, Grecia Garcia Garcia, Holly E. A. Sutherland, Peter C.-H. Cheng, and Advait Sarkar, IEEE Symposium on Visual Languages and Human-Centric Computing, 2020, pp. 1–5. https://dx.doi.org/10.1109/VL/HCC50065.2020.9127258 How to (Re)represent it?. Daniel Raggi, Gem Stapleton, Aaron Stockdill, Mateja Jamnik, Grecia Garcia Garcia, and Peter C.-H. Cheng, IEEE 32nd International Conference on T ools with Artificial Intelligence, 2020, pp. 1224–1232. https://dx.doi.org/10.1109/ICTAI50040.2020.00185 Dissecting Representations. Daniel Raggi, Aaron Stockdill, Mateja Jamnik, Grecia Garcia Garcia, Holly E. A. Sutherland, and Peter C.-H. Cheng, 11th International Conference on the Theory and Application of Diagrams, 2020, pp. 144–152. https://dx.doi.org/10.1007/978-3-030-54249-8_11 Inspection and Selection of Representations. Daniel Raggi, Aaron Stockdill, Mateja Jamnik, Grecia Garcia Garcia, Holly E. A. Sutherland, and Peter C.-H. Cheng, Intelligent Computer Mathematics, 2019, pp. 227–242. https://dx.doi.org/10.1007/978-3-030-23250-4_16 SELECTED AWARDS 2021Best Student Paper, Diagrams"
aaron_stockdill,aaron_stockdill_Q25,Skills,What are the applicant s key soft skills?,"Teaching, mentoring, academic service, outreach, collaboration, leadership in committees",S3_RAG,gpt2,"Answer the relevant
Answer the text
Answer the text
Answer the text
Answer the text
Answer the text
Answer the text
Answer the text
Answer the text
Answer the text
Answer the text
Answer the text
Answer the text
Answer the text
Answer the text
Answer the text
Answer the text
Answer the text
Answer the text
Answer the text
Answer the text
Answer the text
Answer the text
Answer the text
Answer the text
Answer the text
Answer the text
Answer the text
Answer the text
Answer
Answer
Answer
Answer
Answer
Answer",,,,2.8044517040252686,0.01287984848022461,2.791571855545044,1191,128,0.0,,,,,,,,E2_QA_Accuracy,"• Encouraged and moderated group discussions that included all members of the group, ensuring the students were teaching each other as much as I was teaching them; this gave new perspectives to their peers and verified their own understanding. 2017Lecturer, Computer Science, University of Canterbury, NZ. • Planned then delivered lectures full time in T erm 3 for more than 400 students in the ‘Introduction to Computer Science’ course which covers foundational concepts; in I received an average 4.30 of 5 in teaching effectiveness. • Developed and graded a cohesive, comprehensive three-part assignment, which was delivered and assessed online. • W orked with students individually both as part of the lab tutor teams and during office hours, the latter allowing me to spend time working with students that otherwise struggle in higher education environments. TECHNICAL SKILLS • Specialist in artificial intelligence, principally logical but also statistical; applications range from education to analysis to physics. My research includes theoretical proofs, human participant evaluations, and statistical analysis. • Secondary computer science specialisation in machine learning, algorithms, and data structures; mathematics specialisation in graph theory, algebraic structures, linear algebra, and probability. • Proficient with OCaml, ReScript, Python, Standard ML, HTML/CSS/Javascript, C, and LATEX. Familiar with APL, C ++, Fortran, Haskell, Lisp, and PHP . Others can be learnt quickly. Familiar with standard office software. SELECTED PUBLICATIONS Examining Experts’ Recommendations of Representational Systems for Problem Solving. Aaron Stockdill, Gem Stapleton, Daniel Raggi, Mateja Jamnik, Grecia Garcia Garcia, and Peter C.-H. Cheng, IEEE Symposium on Visual Languages and Human-Centric Computing, 2022, pp. 1–6. https://dx.doi.org/10.1109/VL/HCC53370.2022.9833141 Representational Interpretive Structure: Theory and Notation. Peter C.-H. Cheng, Aaron Stockdill, Grecia Garcia Garcia, Daniel Raggi, and Mateja Jamnik, 13th International Conference on the Theory and Application of Diagrams, 2022, pp. 54–69. https://dx.doi.org/10.1007/978-3-031-15146-0_4 Considerations in Representation Selection for Problem Solving: a Review . Aaron Stockdill, Daniel Raggi, Mateja Jamnik, Grecia Garcia Garcia, and Peter C.-H. Cheng, 12th International Conference on the Theory and Application of Diagrams, 2021, pp. 35–51. https://dx.doi.org/10.1007/978-3-030-86062-2_4 Cognitive Properties of Representations: A Framework. Peter C.-H. Cheng, Grecia Garcia Garcia, Daniel Raggi, Aaron Stockdill, and Mateja Jamnik, 12th International Conference on the Theory and Application of Diagrams, 2021, pp. 415–430. https://dx.doi.org/10.1007/978-3-030-86062-2_43 Correspondence-based analogies for choosing problem representations. Aaron Stockdill, Daniel Raggi, Mateja Jamnik, Grecia Garcia Garcia, Holly E. A. Sutherland, Peter C.-H. Cheng, and Advait Sarkar, IEEE Symposium on Visual Languages and Human-Centric Computing, 2020, pp. 1–5. https://dx.doi.org/10.1109/VL/HCC50065.2020.9127258 How to (Re)represent it?. Daniel Raggi, Gem Stapleton, Aaron Stockdill, Mateja Jamnik, Grecia Garcia Garcia, and Peter C.-H. Cheng, IEEE 32nd International Conference on T ools with Artificial Intelligence, 2020, pp. 1224–1232. https://dx.doi.org/10.1109/ICTAI50040.2020.00185 Dissecting Representations. Daniel Raggi, Aaron Stockdill, Mateja Jamnik, Grecia Garcia Garcia, Holly E. A. Sutherland, and Peter C.-H. Cheng, 11th International Conference on the Theory and Application of Diagrams, 2020, pp. 144–152. https://dx.doi.org/10.1007/978-3-030-54249-8_11 Inspection and Selection of Representations. Daniel Raggi, Aaron Stockdill, Mateja Jamnik, Grecia Garcia Garcia, Holly E. A. Sutherland, and Peter C.-H. Cheng, Intelligent Computer Mathematics, 2019, pp. 227–242. https://dx.doi.org/10.1007/978-3-030-23250-4_16 SELECTED AWARDS 2021Best Student Paper, Diagrams"
aaron_stockdill,aaron_stockdill_Q26,Skills,"Are there any certifications, licenses, or trainings listed by the applicant?",Yes. PhD in Computer Science; Hamilton Scholarship; multiple undergraduate awards and scholarships.,S3_RAG,gpt2,"Answer the correct
Answer the correct
Answer the question
Answer the question
Answer the question
Answer the question
Answer the question
Answer the question
Answer the question
Answer the question
Answer the question
Answer the question
Answer the question
Answer the question
Answer the question
Answer the question
Answer the question
Answer the question
Answer the question
Answer the question
Answer the question
Answer the question
Answer the question
Answer the question
Answer the question
Answer the question
Answer the question
Answer the question
Answer the question
Answer the question
Answer the question",,,,2.728713035583496,0.010168075561523438,2.7185449600219727,1198,127,0.0,,,,,,,,E2_QA_Accuracy,"• Encouraged and moderated group discussions that included all members of the group, ensuring the students were teaching each other as much as I was teaching them; this gave new perspectives to their peers and verified their own understanding. 2017Lecturer, Computer Science, University of Canterbury, NZ. • Planned then delivered lectures full time in T erm 3 for more than 400 students in the ‘Introduction to Computer Science’ course which covers foundational concepts; in I received an average 4.30 of 5 in teaching effectiveness. • Developed and graded a cohesive, comprehensive three-part assignment, which was delivered and assessed online. • W orked with students individually both as part of the lab tutor teams and during office hours, the latter allowing me to spend time working with students that otherwise struggle in higher education environments. TECHNICAL SKILLS • Specialist in artificial intelligence, principally logical but also statistical; applications range from education to analysis to physics. My research includes theoretical proofs, human participant evaluations, and statistical analysis. • Secondary computer science specialisation in machine learning, algorithms, and data structures; mathematics specialisation in graph theory, algebraic structures, linear algebra, and probability. • Proficient with OCaml, ReScript, Python, Standard ML, HTML/CSS/Javascript, C, and LATEX. Familiar with APL, C ++, Fortran, Haskell, Lisp, and PHP . Others can be learnt quickly. Familiar with standard office software. SELECTED PUBLICATIONS Examining Experts’ Recommendations of Representational Systems for Problem Solving. Aaron Stockdill, Gem Stapleton, Daniel Raggi, Mateja Jamnik, Grecia Garcia Garcia, and Peter C.-H. Cheng, IEEE Symposium on Visual Languages and Human-Centric Computing, 2022, pp. 1–6. https://dx.doi.org/10.1109/VL/HCC53370.2022.9833141 Representational Interpretive Structure: Theory and Notation. Peter C.-H. Cheng, Aaron Stockdill, Grecia Garcia Garcia, Daniel Raggi, and Mateja Jamnik, 13th International Conference on the Theory and Application of Diagrams, 2022, pp. 54–69. https://dx.doi.org/10.1007/978-3-031-15146-0_4 Considerations in Representation Selection for Problem Solving: a Review . Aaron Stockdill, Daniel Raggi, Mateja Jamnik, Grecia Garcia Garcia, and Peter C.-H. Cheng, 12th International Conference on the Theory and Application of Diagrams, 2021, pp. 35–51. https://dx.doi.org/10.1007/978-3-030-86062-2_4 Cognitive Properties of Representations: A Framework. Peter C.-H. Cheng, Grecia Garcia Garcia, Daniel Raggi, Aaron Stockdill, and Mateja Jamnik, 12th International Conference on the Theory and Application of Diagrams, 2021, pp. 415–430. https://dx.doi.org/10.1007/978-3-030-86062-2_43 Correspondence-based analogies for choosing problem representations. Aaron Stockdill, Daniel Raggi, Mateja Jamnik, Grecia Garcia Garcia, Holly E. A. Sutherland, Peter C.-H. Cheng, and Advait Sarkar, IEEE Symposium on Visual Languages and Human-Centric Computing, 2020, pp. 1–5. https://dx.doi.org/10.1109/VL/HCC50065.2020.9127258 How to (Re)represent it?. Daniel Raggi, Gem Stapleton, Aaron Stockdill, Mateja Jamnik, Grecia Garcia Garcia, and Peter C.-H. Cheng, IEEE 32nd International Conference on T ools with Artificial Intelligence, 2020, pp. 1224–1232. https://dx.doi.org/10.1109/ICTAI50040.2020.00185 Dissecting Representations. Daniel Raggi, Aaron Stockdill, Mateja Jamnik, Grecia Garcia Garcia, Holly E. A. Sutherland, and Peter C.-H. Cheng, 11th International Conference on the Theory and Application of Diagrams, 2020, pp. 144–152. https://dx.doi.org/10.1007/978-3-030-54249-8_11 Inspection and Selection of Representations. Daniel Raggi, Aaron Stockdill, Mateja Jamnik, Grecia Garcia Garcia, Holly E. A. Sutherland, and Peter C.-H. Cheng, Intelligent Computer Mathematics, 2019, pp. 227–242. https://dx.doi.org/10.1007/978-3-030-23250-4_16 SELECTED AWARDS 2021Best Student Paper, Diagrams"
aaron_stockdill,aaron_stockdill_Q27,Skills,Did the applicant describe a situation where they applied one of their key skills effectively?,Yes. Applied representation theory to AI explanations; developed educational programmes; built financial software.,S3_RAG,gpt2,"Answer the relevant
Answer the relevant
Answer the relevant
Answer the relevant
Answer the relevant
Answer the relevant
Answer the relevant
Answer the relevant
Answer the relevant
Answer the relevant
Answer the relevant
Answer the relevant
Answer the relevant
Answer the relevant
Answer the relevant
Answer the relevant
Answer the relevant
Answer the relevant
Answer the relevant
Answer the relevant
Answer the relevant
Answer the relevant
Answer the relevant
Answer the relevant
Answer the relevant
Answer the relevant
Answer the relevant
Answer the relevant
Answer the relevant
Answer the relevant
Answer the relevant
Answer the relevant",,,,2.6705949306488037,0.010489940643310547,2.660104990005493,1198,128,0.0,,,,,,,,E2_QA_Accuracy,"• Encouraged and moderated group discussions that included all members of the group, ensuring the students were teaching each other as much as I was teaching them; this gave new perspectives to their peers and verified their own understanding. 2017Lecturer, Computer Science, University of Canterbury, NZ. • Planned then delivered lectures full time in T erm 3 for more than 400 students in the ‘Introduction to Computer Science’ course which covers foundational concepts; in I received an average 4.30 of 5 in teaching effectiveness. • Developed and graded a cohesive, comprehensive three-part assignment, which was delivered and assessed online. • W orked with students individually both as part of the lab tutor teams and during office hours, the latter allowing me to spend time working with students that otherwise struggle in higher education environments. TECHNICAL SKILLS • Specialist in artificial intelligence, principally logical but also statistical; applications range from education to analysis to physics. My research includes theoretical proofs, human participant evaluations, and statistical analysis. • Secondary computer science specialisation in machine learning, algorithms, and data structures; mathematics specialisation in graph theory, algebraic structures, linear algebra, and probability. • Proficient with OCaml, ReScript, Python, Standard ML, HTML/CSS/Javascript, C, and LATEX. Familiar with APL, C ++, Fortran, Haskell, Lisp, and PHP . Others can be learnt quickly. Familiar with standard office software. SELECTED PUBLICATIONS Examining Experts’ Recommendations of Representational Systems for Problem Solving. Aaron Stockdill, Gem Stapleton, Daniel Raggi, Mateja Jamnik, Grecia Garcia Garcia, and Peter C.-H. Cheng, IEEE Symposium on Visual Languages and Human-Centric Computing, 2022, pp. 1–6. https://dx.doi.org/10.1109/VL/HCC53370.2022.9833141 Representational Interpretive Structure: Theory and Notation. Peter C.-H. Cheng, Aaron Stockdill, Grecia Garcia Garcia, Daniel Raggi, and Mateja Jamnik, 13th International Conference on the Theory and Application of Diagrams, 2022, pp. 54–69. https://dx.doi.org/10.1007/978-3-031-15146-0_4 Considerations in Representation Selection for Problem Solving: a Review . Aaron Stockdill, Daniel Raggi, Mateja Jamnik, Grecia Garcia Garcia, and Peter C.-H. Cheng, 12th International Conference on the Theory and Application of Diagrams, 2021, pp. 35–51. https://dx.doi.org/10.1007/978-3-030-86062-2_4 Cognitive Properties of Representations: A Framework. Peter C.-H. Cheng, Grecia Garcia Garcia, Daniel Raggi, Aaron Stockdill, and Mateja Jamnik, 12th International Conference on the Theory and Application of Diagrams, 2021, pp. 415–430. https://dx.doi.org/10.1007/978-3-030-86062-2_43 Correspondence-based analogies for choosing problem representations. Aaron Stockdill, Daniel Raggi, Mateja Jamnik, Grecia Garcia Garcia, Holly E. A. Sutherland, Peter C.-H. Cheng, and Advait Sarkar, IEEE Symposium on Visual Languages and Human-Centric Computing, 2020, pp. 1–5. https://dx.doi.org/10.1109/VL/HCC50065.2020.9127258 How to (Re)represent it?. Daniel Raggi, Gem Stapleton, Aaron Stockdill, Mateja Jamnik, Grecia Garcia Garcia, and Peter C.-H. Cheng, IEEE 32nd International Conference on T ools with Artificial Intelligence, 2020, pp. 1224–1232. https://dx.doi.org/10.1109/ICTAI50040.2020.00185 Dissecting Representations. Daniel Raggi, Aaron Stockdill, Mateja Jamnik, Grecia Garcia Garcia, Holly E. A. Sutherland, and Peter C.-H. Cheng, 11th International Conference on the Theory and Application of Diagrams, 2020, pp. 144–152. https://dx.doi.org/10.1007/978-3-030-54249-8_11 Inspection and Selection of Representations. Daniel Raggi, Aaron Stockdill, Mateja Jamnik, Grecia Garcia Garcia, Holly E. A. Sutherland, and Peter C.-H. Cheng, Intelligent Computer Mathematics, 2019, pp. 227–242. https://dx.doi.org/10.1007/978-3-030-23250-4_16 SELECTED AWARDS 2021Best Student Paper, Diagrams"
aaron_stockdill,aaron_stockdill_Q28,Awards & Extracurricular Activities,"Has the applicant received any awards or recognitions? If so, which is the most significant?",Yes. Best Student Paper Award; Hamilton Cambridge International Scholarship; multiple university prizes.,S3_RAG,gpt2,"- ""predicted_answer"": A concise and factual answer to the question.

- ""rationale"": A brief explanation of why this answer is correct based on the section.

- ""confidence_score"": A float between 0.0 and 1.0 representing your confidence.

- ""rationale"": A brief explanation of why this answer is correct based on the section.

- ""confidence_score"": A float between 0.0 and 1.0 representing your confidence.

- ""rationale"": A brief explanation of why this answer is correct based on the section.

- """,,,,2.568521022796631,0.043639183044433594,2.5248818397521973,589,128,0.0,,,,,,,,E2_QA_Accuracy,"Conference 2021. Awarded for ‘Considerations in Representation Selection for Problem Solving: a Review’ . 2017Hamilton Cambridge International Scholarship, Cambridge Trust, University of Cambridge. Full scholarship to study towards my PhD at the University of Cambridge. 2016Graduating BSc(Hons) Computer Science Student of the Y ear, University of Canterbury. Awarded for academic achievement throughout my undergraduate and honours study. 2016G B Battersby Trimble Scholarship in Computer Science, University of Canterbury. Awarded for academic merit, broad knowledge outside of computer science, and research of benefit to New Zealand. 2016Freemasons University Scholarship. For academic merit, community involvement, and leadership potential. 2015Page Memorial Prize, University of Canterbury, for academic achievement in Level 300 Mathematics. OUTREACH AND VOLUNTEERING 2022Representational Systems Theory: What, Why and How, Diagrams 2022 tutorial. • Co-organising and will run a 90 minute tutorial at Diagrams 2022, targeted at researchers in diagrammatic representations. • The tutorial will be an interactive introduction to Representational Systems Theory, using a web app we have developed. 2018–2020STIMULUS V olunteer, University of Cambridge. • V olunteered 90 minutes per week at a local sixth form college, working with the teacher to extend both their knowledge and that of the students, providing extra resources and information, raising their enthusiasm for computer science. • Engaged individually with students to provide practical help, extension activities, or alternative explanations, developing and encouraging their passion for computer science and programming. 2015–2016Scholarship Calculus Coordinator, Cashmere High School, NZ. • Developed the Scholarship Calculus programme for advanced Y ear 13 students, building on their standard curriculum and producing a set of resources for myself and future teachers running this programme. • As a result of the new programme and teaching pattern, my 2016 cohort received a record four scholarships, double the previous best record for the school, and helping fund the students’ tertiary education."
aaron_stockdill,aaron_stockdill_Q29,Awards & Extracurricular Activities,Did the applicant share a brief overview of an extracurricular or volunteer activity they have been involved in?,Yes. Volunteer with STIMULUS program; scholarship coordinator; tutorial organizer; committee roles.,S3_RAG,gpt2,"- ""predicted_answer"": A concise and factual answer to the question.

- ""rationale"": A brief explanation of why this answer is correct based on the section.

- ""confidence_score"": A float between 0.0 and 1.0 representing your confidence.

- ""rationale"": A brief explanation of why this answer is correct based on the section.

- ""confidence_score"": A float between 0.0 and 1.0 representing your confidence.

- ""rationale"": A brief explanation of why this answer is correct based on the section.

- """,,,,2.711374044418335,0.08941221237182617,2.621961832046509,592,128,0.0,,,,,,,,E2_QA_Accuracy,"Conference 2021. Awarded for ‘Considerations in Representation Selection for Problem Solving: a Review’ . 2017Hamilton Cambridge International Scholarship, Cambridge Trust, University of Cambridge. Full scholarship to study towards my PhD at the University of Cambridge. 2016Graduating BSc(Hons) Computer Science Student of the Y ear, University of Canterbury. Awarded for academic achievement throughout my undergraduate and honours study. 2016G B Battersby Trimble Scholarship in Computer Science, University of Canterbury. Awarded for academic merit, broad knowledge outside of computer science, and research of benefit to New Zealand. 2016Freemasons University Scholarship. For academic merit, community involvement, and leadership potential. 2015Page Memorial Prize, University of Canterbury, for academic achievement in Level 300 Mathematics. OUTREACH AND VOLUNTEERING 2022Representational Systems Theory: What, Why and How, Diagrams 2022 tutorial. • Co-organising and will run a 90 minute tutorial at Diagrams 2022, targeted at researchers in diagrammatic representations. • The tutorial will be an interactive introduction to Representational Systems Theory, using a web app we have developed. 2018–2020STIMULUS V olunteer, University of Cambridge. • V olunteered 90 minutes per week at a local sixth form college, working with the teacher to extend both their knowledge and that of the students, providing extra resources and information, raising their enthusiasm for computer science. • Engaged individually with students to provide practical help, extension activities, or alternative explanations, developing and encouraging their passion for computer science and programming. 2015–2016Scholarship Calculus Coordinator, Cashmere High School, NZ. • Developed the Scholarship Calculus programme for advanced Y ear 13 students, building on their standard curriculum and producing a set of resources for myself and future teachers running this programme. • As a result of the new programme and teaching pattern, my 2016 cohort received a record four scholarships, double the previous best record for the school, and helping fund the students’ tertiary education."
aaron_stockdill,aaron_stockdill_Q30,Awards & Extracurricular Activities,Did the applicant describe any notable academic achievements or honors received?,Yes. First Class Honours; highest cohort awards; Hamilton Scholarship; best paper award.,S3_RAG,gpt2,"- ""predicted_answer"": A concise and factual answer to the question.

- ""rationale"": A brief explanation of why this answer is correct based on the section.

- ""confidence_score"": A float between 0.0 and 1.0 representing your confidence.

- ""rationale"": A brief explanation of why this answer is correct based on the section.

- ""confidence_score"": A float between 0.0 and 1.0 representing your confidence.

- ""rationale"": A brief explanation of why this answer is correct based on the section.

- """,,,,2.4949357509613037,0.01112675666809082,2.483808994293213,582,128,0.0,,,,,,,,E2_QA_Accuracy,"Conference 2021. Awarded for ‘Considerations in Representation Selection for Problem Solving: a Review’ . 2017Hamilton Cambridge International Scholarship, Cambridge Trust, University of Cambridge. Full scholarship to study towards my PhD at the University of Cambridge. 2016Graduating BSc(Hons) Computer Science Student of the Y ear, University of Canterbury. Awarded for academic achievement throughout my undergraduate and honours study. 2016G B Battersby Trimble Scholarship in Computer Science, University of Canterbury. Awarded for academic merit, broad knowledge outside of computer science, and research of benefit to New Zealand. 2016Freemasons University Scholarship. For academic merit, community involvement, and leadership potential. 2015Page Memorial Prize, University of Canterbury, for academic achievement in Level 300 Mathematics. OUTREACH AND VOLUNTEERING 2022Representational Systems Theory: What, Why and How, Diagrams 2022 tutorial. • Co-organising and will run a 90 minute tutorial at Diagrams 2022, targeted at researchers in diagrammatic representations. • The tutorial will be an interactive introduction to Representational Systems Theory, using a web app we have developed. 2018–2020STIMULUS V olunteer, University of Cambridge. • V olunteered 90 minutes per week at a local sixth form college, working with the teacher to extend both their knowledge and that of the students, providing extra resources and information, raising their enthusiasm for computer science. • Engaged individually with students to provide practical help, extension activities, or alternative explanations, developing and encouraging their passion for computer science and programming. 2015–2016Scholarship Calculus Coordinator, Cashmere High School, NZ. • Developed the Scholarship Calculus programme for advanced Y ear 13 students, building on their standard curriculum and producing a set of resources for myself and future teachers running this programme. • As a result of the new programme and teaching pattern, my 2016 cohort received a record four scholarships, double the previous best record for the school, and helping fund the students’ tertiary education."
