cv_id,question_id,question_category,question_text,ground_truth_answer,strategy,model_name,raw_response,predicted_answer,confidence_score,rationale,latency,lookup_latency,llm_generation_latency,input_tokens,output_tokens,estimated_cost,normalized_answer,score_exact_match,score_f1,overlap,semantic_score,human_eval_score,error_type,experiment_name,retrieved_text
aaron_stockdill,aaron_stockdill_Q1,Personal Information,What is the applicant's full name?,Aaron Stockdill,S2_Retrieve_Section,mistralai/Mistral-7B-Instruct-v0.3,"{
  ""predicted_answer"": ""Aaron Stockdill"",
  ""rationale"": ""The full name is mentioned at the beginning of the CV section."",
  ""confidence_score"": 1.0
}",,,,1.579822063446045,0.00021386146545410156,1.5796082019805908,1022,51,0.0,,,,,,,,E2_QA_Accuracy,"AARON STOCKDILL Quantitative T echnologist at Qube Research and T echnologies aaronstockdill@me.com · https://aaron.stockdill.nz/ EDUCATION 2017–2021Doctor of Philosophy, University of Cambridge, UK. • Computer Science. Thesis: “ Automating representation change across domains for reasoning” , supervised by Prof. Mateja Jamnik. Developed a theory of cross-domain correspondences to enable user-aware, contextual AI explanations in an interdisciplinary team from Cambridge and Sussex. • Have published six conference papers and one workshop paper, all peer reviewed, presenting two. One further is under review. Presented a one hour seminar for the AI Research Group Seminar Series in the Computer Lab, and a 15 minute Postgraduate Seminar at college. • Hamilton Cambridge International Scholarship recipient, awarded once every three years; gives full funding and stipend. • Computing Officer for the Selwyn College MCR Committee, which represents graduate students at the college; I managed the punt reservations, committee elections, and website. In the department, I managed the AI Research Group website. 2013–2016Bachelor of Science with First Class Honours, University of Canterbury, NZ. • Computer Science honours, GPA 8.9 of 9, 2016. Report: “Neuromorphic Computing with Reservoir Neural Networks on Memristive Hardware” . Simulated new hardware to implement faster and more power efficient neural networks. • Published two peer-reviewed conference papers. • Double major in Computer Science and Mathematics, GPA 8.83 of 9, 2013–2015. • Graduating BSc(Hons) Computer Science Student of the Y ear Prize 2016 recipient, and Graduating BSc Computer Science Student of the Y ear Prize 2015 recipient, for highest cohort grades. • Committee member of the Computing Society and Mathematics Society, providing academic support, social functions, and subject promotion. Built the Computing Society website. Helped co-ordinate the eventual merger of these two societies. RECENT EMPLOYMENT Feb 2023– presentQuantitative T echnologist, Qube Research and T echnologies, London. Sept 2021–Jan 2023Research Fellow in Informatics, University of Sussex, UK. • Developing theory and tools to describe representations in a uniform, and cognitively centred, manner (RIST). • W orking as part of a research team of six split between Sussex and Cambridge, continuing work from my PhD. • Formalising the cognitive representation notation (RISN), while developing a web app using React and ReScript. Jan 2021–July 2021Software Engineer, Jane Street Europe. • W orked with an international team to develop, deploy, and support in-house software in the finance industry. • New and existing software was developed using OCaml; the environment demanded software that was fault-tolerant, distributed, and real-time. Development was backed up by extensive testing and code review. • Provided operational support deploying our software to servers around the globe, and ensured 24/7 up-time for users of our software. W e also supported users with trouble-shooting, and providing new features both responsively and proactively. 2017–2020Supervisor, Computer Science, University of Cambridge, UK. • Organised and ran small group teaching sessions for undergraduate students in their first and second years. • Tailored individual and group work to the students’ needs, ensuring my time and feedback was used effectively and targeted to their interests and weaknesses for both coursework and future career."
aaron_stockdill,aaron_stockdill_Q2,Personal Information,What is the applicant's LinkedIn?,nan,S2_Retrieve_Section,mistralai/Mistral-7B-Instruct-v0.3,"{
  ""predicted_answer"": ""Not found"",
  ""rationale"": ""The provided CV section does not contain a LinkedIn profile for the applicant."",
  ""confidence_score"": 1.0
}",,,,1.271510124206543,0.00026869773864746094,1.2712414264678955,1022,51,0.0,,,,,,,,E2_QA_Accuracy,"AARON STOCKDILL Quantitative T echnologist at Qube Research and T echnologies aaronstockdill@me.com · https://aaron.stockdill.nz/ EDUCATION 2017–2021Doctor of Philosophy, University of Cambridge, UK. • Computer Science. Thesis: “ Automating representation change across domains for reasoning” , supervised by Prof. Mateja Jamnik. Developed a theory of cross-domain correspondences to enable user-aware, contextual AI explanations in an interdisciplinary team from Cambridge and Sussex. • Have published six conference papers and one workshop paper, all peer reviewed, presenting two. One further is under review. Presented a one hour seminar for the AI Research Group Seminar Series in the Computer Lab, and a 15 minute Postgraduate Seminar at college. • Hamilton Cambridge International Scholarship recipient, awarded once every three years; gives full funding and stipend. • Computing Officer for the Selwyn College MCR Committee, which represents graduate students at the college; I managed the punt reservations, committee elections, and website. In the department, I managed the AI Research Group website. 2013–2016Bachelor of Science with First Class Honours, University of Canterbury, NZ. • Computer Science honours, GPA 8.9 of 9, 2016. Report: “Neuromorphic Computing with Reservoir Neural Networks on Memristive Hardware” . Simulated new hardware to implement faster and more power efficient neural networks. • Published two peer-reviewed conference papers. • Double major in Computer Science and Mathematics, GPA 8.83 of 9, 2013–2015. • Graduating BSc(Hons) Computer Science Student of the Y ear Prize 2016 recipient, and Graduating BSc Computer Science Student of the Y ear Prize 2015 recipient, for highest cohort grades. • Committee member of the Computing Society and Mathematics Society, providing academic support, social functions, and subject promotion. Built the Computing Society website. Helped co-ordinate the eventual merger of these two societies. RECENT EMPLOYMENT Feb 2023– presentQuantitative T echnologist, Qube Research and T echnologies, London. Sept 2021–Jan 2023Research Fellow in Informatics, University of Sussex, UK. • Developing theory and tools to describe representations in a uniform, and cognitively centred, manner (RIST). • W orking as part of a research team of six split between Sussex and Cambridge, continuing work from my PhD. • Formalising the cognitive representation notation (RISN), while developing a web app using React and ReScript. Jan 2021–July 2021Software Engineer, Jane Street Europe. • W orked with an international team to develop, deploy, and support in-house software in the finance industry. • New and existing software was developed using OCaml; the environment demanded software that was fault-tolerant, distributed, and real-time. Development was backed up by extensive testing and code review. • Provided operational support deploying our software to servers around the globe, and ensured 24/7 up-time for users of our software. W e also supported users with trouble-shooting, and providing new features both responsively and proactively. 2017–2020Supervisor, Computer Science, University of Cambridge, UK. • Organised and ran small group teaching sessions for undergraduate students in their first and second years. • Tailored individual and group work to the students’ needs, ensuring my time and feedback was used effectively and targeted to their interests and weaknesses for both coursework and future career."
aaron_stockdill,aaron_stockdill_Q3,Personal Information,What is the applicant's primary contact number?,nan,S2_Retrieve_Section,mistralai/Mistral-7B-Instruct-v0.3,"{
  ""predicted_answer"": ""Not found"",
  ""rationale"": ""The provided CV section does not contain a primary contact number for the applicant."",
  ""confidence_score"": 1.0
}",,,,1.1489627361297607,0.00028705596923828125,1.1486756801605225,1023,51,0.0,,,,,,,,E2_QA_Accuracy,"AARON STOCKDILL Quantitative T echnologist at Qube Research and T echnologies aaronstockdill@me.com · https://aaron.stockdill.nz/ EDUCATION 2017–2021Doctor of Philosophy, University of Cambridge, UK. • Computer Science. Thesis: “ Automating representation change across domains for reasoning” , supervised by Prof. Mateja Jamnik. Developed a theory of cross-domain correspondences to enable user-aware, contextual AI explanations in an interdisciplinary team from Cambridge and Sussex. • Have published six conference papers and one workshop paper, all peer reviewed, presenting two. One further is under review. Presented a one hour seminar for the AI Research Group Seminar Series in the Computer Lab, and a 15 minute Postgraduate Seminar at college. • Hamilton Cambridge International Scholarship recipient, awarded once every three years; gives full funding and stipend. • Computing Officer for the Selwyn College MCR Committee, which represents graduate students at the college; I managed the punt reservations, committee elections, and website. In the department, I managed the AI Research Group website. 2013–2016Bachelor of Science with First Class Honours, University of Canterbury, NZ. • Computer Science honours, GPA 8.9 of 9, 2016. Report: “Neuromorphic Computing with Reservoir Neural Networks on Memristive Hardware” . Simulated new hardware to implement faster and more power efficient neural networks. • Published two peer-reviewed conference papers. • Double major in Computer Science and Mathematics, GPA 8.83 of 9, 2013–2015. • Graduating BSc(Hons) Computer Science Student of the Y ear Prize 2016 recipient, and Graduating BSc Computer Science Student of the Y ear Prize 2015 recipient, for highest cohort grades. • Committee member of the Computing Society and Mathematics Society, providing academic support, social functions, and subject promotion. Built the Computing Society website. Helped co-ordinate the eventual merger of these two societies. RECENT EMPLOYMENT Feb 2023– presentQuantitative T echnologist, Qube Research and T echnologies, London. Sept 2021–Jan 2023Research Fellow in Informatics, University of Sussex, UK. • Developing theory and tools to describe representations in a uniform, and cognitively centred, manner (RIST). • W orking as part of a research team of six split between Sussex and Cambridge, continuing work from my PhD. • Formalising the cognitive representation notation (RISN), while developing a web app using React and ReScript. Jan 2021–July 2021Software Engineer, Jane Street Europe. • W orked with an international team to develop, deploy, and support in-house software in the finance industry. • New and existing software was developed using OCaml; the environment demanded software that was fault-tolerant, distributed, and real-time. Development was backed up by extensive testing and code review. • Provided operational support deploying our software to servers around the globe, and ensured 24/7 up-time for users of our software. W e also supported users with trouble-shooting, and providing new features both responsively and proactively. 2017–2020Supervisor, Computer Science, University of Cambridge, UK. • Organised and ran small group teaching sessions for undergraduate students in their first and second years. • Tailored individual and group work to the students’ needs, ensuring my time and feedback was used effectively and targeted to their interests and weaknesses for both coursework and future career."
aaron_stockdill,aaron_stockdill_Q4,Personal Information,In which city and country is the applicant currently located?,"London, UK",S2_Retrieve_Section,mistralai/Mistral-7B-Instruct-v0.3,"{
  ""predicted_answer"": ""London"",
  ""rationale"": ""The applicant is currently employed as a Quantitative Technologist at Qube Research and Technologies in London."",
  ""confidence_score"": 1.0
}",,,,1.3782958984375,0.00023674964904785156,1.3780591487884521,1024,56,0.0,,,,,,,,E2_QA_Accuracy,"AARON STOCKDILL Quantitative T echnologist at Qube Research and T echnologies aaronstockdill@me.com · https://aaron.stockdill.nz/ EDUCATION 2017–2021Doctor of Philosophy, University of Cambridge, UK. • Computer Science. Thesis: “ Automating representation change across domains for reasoning” , supervised by Prof. Mateja Jamnik. Developed a theory of cross-domain correspondences to enable user-aware, contextual AI explanations in an interdisciplinary team from Cambridge and Sussex. • Have published six conference papers and one workshop paper, all peer reviewed, presenting two. One further is under review. Presented a one hour seminar for the AI Research Group Seminar Series in the Computer Lab, and a 15 minute Postgraduate Seminar at college. • Hamilton Cambridge International Scholarship recipient, awarded once every three years; gives full funding and stipend. • Computing Officer for the Selwyn College MCR Committee, which represents graduate students at the college; I managed the punt reservations, committee elections, and website. In the department, I managed the AI Research Group website. 2013–2016Bachelor of Science with First Class Honours, University of Canterbury, NZ. • Computer Science honours, GPA 8.9 of 9, 2016. Report: “Neuromorphic Computing with Reservoir Neural Networks on Memristive Hardware” . Simulated new hardware to implement faster and more power efficient neural networks. • Published two peer-reviewed conference papers. • Double major in Computer Science and Mathematics, GPA 8.83 of 9, 2013–2015. • Graduating BSc(Hons) Computer Science Student of the Y ear Prize 2016 recipient, and Graduating BSc Computer Science Student of the Y ear Prize 2015 recipient, for highest cohort grades. • Committee member of the Computing Society and Mathematics Society, providing academic support, social functions, and subject promotion. Built the Computing Society website. Helped co-ordinate the eventual merger of these two societies. RECENT EMPLOYMENT Feb 2023– presentQuantitative T echnologist, Qube Research and T echnologies, London. Sept 2021–Jan 2023Research Fellow in Informatics, University of Sussex, UK. • Developing theory and tools to describe representations in a uniform, and cognitively centred, manner (RIST). • W orking as part of a research team of six split between Sussex and Cambridge, continuing work from my PhD. • Formalising the cognitive representation notation (RISN), while developing a web app using React and ReScript. Jan 2021–July 2021Software Engineer, Jane Street Europe. • W orked with an international team to develop, deploy, and support in-house software in the finance industry. • New and existing software was developed using OCaml; the environment demanded software that was fault-tolerant, distributed, and real-time. Development was backed up by extensive testing and code review. • Provided operational support deploying our software to servers around the globe, and ensured 24/7 up-time for users of our software. W e also supported users with trouble-shooting, and providing new features both responsively and proactively. 2017–2020Supervisor, Computer Science, University of Cambridge, UK. • Organised and ran small group teaching sessions for undergraduate students in their first and second years. • Tailored individual and group work to the students’ needs, ensuring my time and feedback was used effectively and targeted to their interests and weaknesses for both coursework and future career."
aaron_stockdill,aaron_stockdill_Q5,Personal Information,Did the applicant provide a brief professional summary or career objective?,Yes. Research focuses on automating representation change and developing cognitively-centered AI explanations.,S2_Retrieve_Section,mistralai/Mistral-7B-Instruct-v0.3,"{
  ""predicted_answer"": ""Not found"",
  ""rationale"": ""The provided CV section does not contain a professional summary or career objective."",
  ""confidence_score"": 1.0
}",,,,1.0521893501281738,0.00024199485778808594,1.0519473552703857,684,49,0.0,,,,,,,,E2_QA_Accuracy,"Conference 2021. Awarded for ‘Considerations in Representation Selection for Problem Solving: a Review’ . 2017Hamilton Cambridge International Scholarship, Cambridge Trust, University of Cambridge. Full scholarship to study towards my PhD at the University of Cambridge. 2016Graduating BSc(Hons) Computer Science Student of the Y ear, University of Canterbury. Awarded for academic achievement throughout my undergraduate and honours study. 2016G B Battersby Trimble Scholarship in Computer Science, University of Canterbury. Awarded for academic merit, broad knowledge outside of computer science, and research of benefit to New Zealand. 2016Freemasons University Scholarship. For academic merit, community involvement, and leadership potential. 2015Page Memorial Prize, University of Canterbury, for academic achievement in Level 300 Mathematics. OUTREACH AND VOLUNTEERING 2022Representational Systems Theory: What, Why and How, Diagrams 2022 tutorial. • Co-organising and will run a 90 minute tutorial at Diagrams 2022, targeted at researchers in diagrammatic representations. • The tutorial will be an interactive introduction to Representational Systems Theory, using a web app we have developed. 2018–2020STIMULUS V olunteer, University of Cambridge. • V olunteered 90 minutes per week at a local sixth form college, working with the teacher to extend both their knowledge and that of the students, providing extra resources and information, raising their enthusiasm for computer science. • Engaged individually with students to provide practical help, extension activities, or alternative explanations, developing and encouraging their passion for computer science and programming. 2015–2016Scholarship Calculus Coordinator, Cashmere High School, NZ. • Developed the Scholarship Calculus programme for advanced Y ear 13 students, building on their standard curriculum and producing a set of resources for myself and future teachers running this programme. • As a result of the new programme and teaching pattern, my 2016 cohort received a record four scholarships, double the previous best record for the school, and helping fund the students’ tertiary education."
aaron_stockdill,aaron_stockdill_Q6,Education,What is the highest level of education the applicant has completed?,Doctor of Philosophy in Computer Science,S2_Retrieve_Section,mistralai/Mistral-7B-Instruct-v0.3,"{
  ""predicted_answer"": ""Doctor of Philosophy"",
  ""rationale"": ""The applicant completed a Doctor of Philosophy degree at the University of Cambridge."",
  ""confidence_score"": 1.0
}",,,,1.3279149532318115,0.0002422332763671875,1.3276727199554443,1025,54,0.0,,,,,,,,E2_QA_Accuracy,"AARON STOCKDILL Quantitative T echnologist at Qube Research and T echnologies aaronstockdill@me.com · https://aaron.stockdill.nz/ EDUCATION 2017–2021Doctor of Philosophy, University of Cambridge, UK. • Computer Science. Thesis: “ Automating representation change across domains for reasoning” , supervised by Prof. Mateja Jamnik. Developed a theory of cross-domain correspondences to enable user-aware, contextual AI explanations in an interdisciplinary team from Cambridge and Sussex. • Have published six conference papers and one workshop paper, all peer reviewed, presenting two. One further is under review. Presented a one hour seminar for the AI Research Group Seminar Series in the Computer Lab, and a 15 minute Postgraduate Seminar at college. • Hamilton Cambridge International Scholarship recipient, awarded once every three years; gives full funding and stipend. • Computing Officer for the Selwyn College MCR Committee, which represents graduate students at the college; I managed the punt reservations, committee elections, and website. In the department, I managed the AI Research Group website. 2013–2016Bachelor of Science with First Class Honours, University of Canterbury, NZ. • Computer Science honours, GPA 8.9 of 9, 2016. Report: “Neuromorphic Computing with Reservoir Neural Networks on Memristive Hardware” . Simulated new hardware to implement faster and more power efficient neural networks. • Published two peer-reviewed conference papers. • Double major in Computer Science and Mathematics, GPA 8.83 of 9, 2013–2015. • Graduating BSc(Hons) Computer Science Student of the Y ear Prize 2016 recipient, and Graduating BSc Computer Science Student of the Y ear Prize 2015 recipient, for highest cohort grades. • Committee member of the Computing Society and Mathematics Society, providing academic support, social functions, and subject promotion. Built the Computing Society website. Helped co-ordinate the eventual merger of these two societies. RECENT EMPLOYMENT Feb 2023– presentQuantitative T echnologist, Qube Research and T echnologies, London. Sept 2021–Jan 2023Research Fellow in Informatics, University of Sussex, UK. • Developing theory and tools to describe representations in a uniform, and cognitively centred, manner (RIST). • W orking as part of a research team of six split between Sussex and Cambridge, continuing work from my PhD. • Formalising the cognitive representation notation (RISN), while developing a web app using React and ReScript. Jan 2021–July 2021Software Engineer, Jane Street Europe. • W orked with an international team to develop, deploy, and support in-house software in the finance industry. • New and existing software was developed using OCaml; the environment demanded software that was fault-tolerant, distributed, and real-time. Development was backed up by extensive testing and code review. • Provided operational support deploying our software to servers around the globe, and ensured 24/7 up-time for users of our software. W e also supported users with trouble-shooting, and providing new features both responsively and proactively. 2017–2020Supervisor, Computer Science, University of Cambridge, UK. • Organised and ran small group teaching sessions for undergraduate students in their first and second years. • Tailored individual and group work to the students’ needs, ensuring my time and feedback was used effectively and targeted to their interests and weaknesses for both coursework and future career."
aaron_stockdill,aaron_stockdill_Q7,Education,Which institutions did the applicant attend?,University of Cambridge; University of Canterbury,S2_Retrieve_Section,mistralai/Mistral-7B-Instruct-v0.3,"{
  ""predicted_answer"": [""University of Cambridge, UK"", ""University of Canterbury, NZ""],
  ""rationale"": ""The CV section mentions that the applicant completed a Doctor of Philosophy at the University of Cambridge, UK and a Bachelor of Science with First Class Honours at the University of Canterbury, NZ."",
  ""confidence_score"": 1.0
}",,,,2.0700926780700684,0.0002429485321044922,2.069849729537964,1020,93,0.0,,,,,,,,E2_QA_Accuracy,"AARON STOCKDILL Quantitative T echnologist at Qube Research and T echnologies aaronstockdill@me.com · https://aaron.stockdill.nz/ EDUCATION 2017–2021Doctor of Philosophy, University of Cambridge, UK. • Computer Science. Thesis: “ Automating representation change across domains for reasoning” , supervised by Prof. Mateja Jamnik. Developed a theory of cross-domain correspondences to enable user-aware, contextual AI explanations in an interdisciplinary team from Cambridge and Sussex. • Have published six conference papers and one workshop paper, all peer reviewed, presenting two. One further is under review. Presented a one hour seminar for the AI Research Group Seminar Series in the Computer Lab, and a 15 minute Postgraduate Seminar at college. • Hamilton Cambridge International Scholarship recipient, awarded once every three years; gives full funding and stipend. • Computing Officer for the Selwyn College MCR Committee, which represents graduate students at the college; I managed the punt reservations, committee elections, and website. In the department, I managed the AI Research Group website. 2013–2016Bachelor of Science with First Class Honours, University of Canterbury, NZ. • Computer Science honours, GPA 8.9 of 9, 2016. Report: “Neuromorphic Computing with Reservoir Neural Networks on Memristive Hardware” . Simulated new hardware to implement faster and more power efficient neural networks. • Published two peer-reviewed conference papers. • Double major in Computer Science and Mathematics, GPA 8.83 of 9, 2013–2015. • Graduating BSc(Hons) Computer Science Student of the Y ear Prize 2016 recipient, and Graduating BSc Computer Science Student of the Y ear Prize 2015 recipient, for highest cohort grades. • Committee member of the Computing Society and Mathematics Society, providing academic support, social functions, and subject promotion. Built the Computing Society website. Helped co-ordinate the eventual merger of these two societies. RECENT EMPLOYMENT Feb 2023– presentQuantitative T echnologist, Qube Research and T echnologies, London. Sept 2021–Jan 2023Research Fellow in Informatics, University of Sussex, UK. • Developing theory and tools to describe representations in a uniform, and cognitively centred, manner (RIST). • W orking as part of a research team of six split between Sussex and Cambridge, continuing work from my PhD. • Formalising the cognitive representation notation (RISN), while developing a web app using React and ReScript. Jan 2021–July 2021Software Engineer, Jane Street Europe. • W orked with an international team to develop, deploy, and support in-house software in the finance industry. • New and existing software was developed using OCaml; the environment demanded software that was fault-tolerant, distributed, and real-time. Development was backed up by extensive testing and code review. • Provided operational support deploying our software to servers around the globe, and ensured 24/7 up-time for users of our software. W e also supported users with trouble-shooting, and providing new features both responsively and proactively. 2017–2020Supervisor, Computer Science, University of Cambridge, UK. • Organised and ran small group teaching sessions for undergraduate students in their first and second years. • Tailored individual and group work to the students’ needs, ensuring my time and feedback was used effectively and targeted to their interests and weaknesses for both coursework and future career."
aaron_stockdill,aaron_stockdill_Q8,Education,What is the applicant's score or GPA for his highest level of education?,8.9/9 (Honours GPA); 8.83/9 (Undergraduate GPA),S2_Retrieve_Section,mistralai/Mistral-7B-Instruct-v0.3,"{
  ""predicted_answer"": ""8.9"",
  ""rationale"": ""The applicant received a GPA of 8.9 for his Computer Science honours in 2016."",
  ""confidence_score"": 1.0
}",,,,1.4068660736083984,0.00031280517578125,1.4065532684326172,1030,61,0.0,,,,,,,,E2_QA_Accuracy,"AARON STOCKDILL Quantitative T echnologist at Qube Research and T echnologies aaronstockdill@me.com · https://aaron.stockdill.nz/ EDUCATION 2017–2021Doctor of Philosophy, University of Cambridge, UK. • Computer Science. Thesis: “ Automating representation change across domains for reasoning” , supervised by Prof. Mateja Jamnik. Developed a theory of cross-domain correspondences to enable user-aware, contextual AI explanations in an interdisciplinary team from Cambridge and Sussex. • Have published six conference papers and one workshop paper, all peer reviewed, presenting two. One further is under review. Presented a one hour seminar for the AI Research Group Seminar Series in the Computer Lab, and a 15 minute Postgraduate Seminar at college. • Hamilton Cambridge International Scholarship recipient, awarded once every three years; gives full funding and stipend. • Computing Officer for the Selwyn College MCR Committee, which represents graduate students at the college; I managed the punt reservations, committee elections, and website. In the department, I managed the AI Research Group website. 2013–2016Bachelor of Science with First Class Honours, University of Canterbury, NZ. • Computer Science honours, GPA 8.9 of 9, 2016. Report: “Neuromorphic Computing with Reservoir Neural Networks on Memristive Hardware” . Simulated new hardware to implement faster and more power efficient neural networks. • Published two peer-reviewed conference papers. • Double major in Computer Science and Mathematics, GPA 8.83 of 9, 2013–2015. • Graduating BSc(Hons) Computer Science Student of the Y ear Prize 2016 recipient, and Graduating BSc Computer Science Student of the Y ear Prize 2015 recipient, for highest cohort grades. • Committee member of the Computing Society and Mathematics Society, providing academic support, social functions, and subject promotion. Built the Computing Society website. Helped co-ordinate the eventual merger of these two societies. RECENT EMPLOYMENT Feb 2023– presentQuantitative T echnologist, Qube Research and T echnologies, London. Sept 2021–Jan 2023Research Fellow in Informatics, University of Sussex, UK. • Developing theory and tools to describe representations in a uniform, and cognitively centred, manner (RIST). • W orking as part of a research team of six split between Sussex and Cambridge, continuing work from my PhD. • Formalising the cognitive representation notation (RISN), while developing a web app using React and ReScript. Jan 2021–July 2021Software Engineer, Jane Street Europe. • W orked with an international team to develop, deploy, and support in-house software in the finance industry. • New and existing software was developed using OCaml; the environment demanded software that was fault-tolerant, distributed, and real-time. Development was backed up by extensive testing and code review. • Provided operational support deploying our software to servers around the globe, and ensured 24/7 up-time for users of our software. W e also supported users with trouble-shooting, and providing new features both responsively and proactively. 2017–2020Supervisor, Computer Science, University of Cambridge, UK. • Organised and ran small group teaching sessions for undergraduate students in their first and second years. • Tailored individual and group work to the students’ needs, ensuring my time and feedback was used effectively and targeted to their interests and weaknesses for both coursework and future career."
aaron_stockdill,aaron_stockdill_Q9,Education,What was the applicant's field of study or major?,Computer Science (PhD); Computer Science & Mathematics (BSc Hons),S2_Retrieve_Section,mistralai/Mistral-7B-Instruct-v0.3,"{
  ""predicted_answer"": [""Computer Science""],
  ""rationale"": [""The applicant's field of study or major is mentioned multiple times in the CV section. It is stated as 'Computer Science' in both the University of Cambridge and University of Canterbury sections.""],
  ""confidence_score"": 1.0
}",,,,1.8349413871765137,0.00024962425231933594,1.8346917629241943,1025,79,0.0,,,,,,,,E2_QA_Accuracy,"AARON STOCKDILL Quantitative T echnologist at Qube Research and T echnologies aaronstockdill@me.com · https://aaron.stockdill.nz/ EDUCATION 2017–2021Doctor of Philosophy, University of Cambridge, UK. • Computer Science. Thesis: “ Automating representation change across domains for reasoning” , supervised by Prof. Mateja Jamnik. Developed a theory of cross-domain correspondences to enable user-aware, contextual AI explanations in an interdisciplinary team from Cambridge and Sussex. • Have published six conference papers and one workshop paper, all peer reviewed, presenting two. One further is under review. Presented a one hour seminar for the AI Research Group Seminar Series in the Computer Lab, and a 15 minute Postgraduate Seminar at college. • Hamilton Cambridge International Scholarship recipient, awarded once every three years; gives full funding and stipend. • Computing Officer for the Selwyn College MCR Committee, which represents graduate students at the college; I managed the punt reservations, committee elections, and website. In the department, I managed the AI Research Group website. 2013–2016Bachelor of Science with First Class Honours, University of Canterbury, NZ. • Computer Science honours, GPA 8.9 of 9, 2016. Report: “Neuromorphic Computing with Reservoir Neural Networks on Memristive Hardware” . Simulated new hardware to implement faster and more power efficient neural networks. • Published two peer-reviewed conference papers. • Double major in Computer Science and Mathematics, GPA 8.83 of 9, 2013–2015. • Graduating BSc(Hons) Computer Science Student of the Y ear Prize 2016 recipient, and Graduating BSc Computer Science Student of the Y ear Prize 2015 recipient, for highest cohort grades. • Committee member of the Computing Society and Mathematics Society, providing academic support, social functions, and subject promotion. Built the Computing Society website. Helped co-ordinate the eventual merger of these two societies. RECENT EMPLOYMENT Feb 2023– presentQuantitative T echnologist, Qube Research and T echnologies, London. Sept 2021–Jan 2023Research Fellow in Informatics, University of Sussex, UK. • Developing theory and tools to describe representations in a uniform, and cognitively centred, manner (RIST). • W orking as part of a research team of six split between Sussex and Cambridge, continuing work from my PhD. • Formalising the cognitive representation notation (RISN), while developing a web app using React and ReScript. Jan 2021–July 2021Software Engineer, Jane Street Europe. • W orked with an international team to develop, deploy, and support in-house software in the finance industry. • New and existing software was developed using OCaml; the environment demanded software that was fault-tolerant, distributed, and real-time. Development was backed up by extensive testing and code review. • Provided operational support deploying our software to servers around the globe, and ensured 24/7 up-time for users of our software. W e also supported users with trouble-shooting, and providing new features both responsively and proactively. 2017–2020Supervisor, Computer Science, University of Cambridge, UK. • Organised and ran small group teaching sessions for undergraduate students in their first and second years. • Tailored individual and group work to the students’ needs, ensuring my time and feedback was used effectively and targeted to their interests and weaknesses for both coursework and future career."
aaron_stockdill,aaron_stockdill_Q10,Professional Experience,What is the name of the applicant's current (or most recent) employer?,Qube Research and Technologies,S2_Retrieve_Section,mistralai/Mistral-7B-Instruct-v0.3,"{
  ""predicted_answer"": ""Qube Research and Technologies"",
  ""rationale"": ""The most recent employment information is provided in the CV section, stating that the applicant is currently a Quantitative Technologist at Qube Research and Technologies."",
  ""confidence_score"": 1.0
}",,,,1.6564583778381348,0.0002853870391845703,1.6561729907989502,1030,71,0.0,,,,,,,,E2_QA_Accuracy,"AARON STOCKDILL Quantitative T echnologist at Qube Research and T echnologies aaronstockdill@me.com · https://aaron.stockdill.nz/ EDUCATION 2017–2021Doctor of Philosophy, University of Cambridge, UK. • Computer Science. Thesis: “ Automating representation change across domains for reasoning” , supervised by Prof. Mateja Jamnik. Developed a theory of cross-domain correspondences to enable user-aware, contextual AI explanations in an interdisciplinary team from Cambridge and Sussex. • Have published six conference papers and one workshop paper, all peer reviewed, presenting two. One further is under review. Presented a one hour seminar for the AI Research Group Seminar Series in the Computer Lab, and a 15 minute Postgraduate Seminar at college. • Hamilton Cambridge International Scholarship recipient, awarded once every three years; gives full funding and stipend. • Computing Officer for the Selwyn College MCR Committee, which represents graduate students at the college; I managed the punt reservations, committee elections, and website. In the department, I managed the AI Research Group website. 2013–2016Bachelor of Science with First Class Honours, University of Canterbury, NZ. • Computer Science honours, GPA 8.9 of 9, 2016. Report: “Neuromorphic Computing with Reservoir Neural Networks on Memristive Hardware” . Simulated new hardware to implement faster and more power efficient neural networks. • Published two peer-reviewed conference papers. • Double major in Computer Science and Mathematics, GPA 8.83 of 9, 2013–2015. • Graduating BSc(Hons) Computer Science Student of the Y ear Prize 2016 recipient, and Graduating BSc Computer Science Student of the Y ear Prize 2015 recipient, for highest cohort grades. • Committee member of the Computing Society and Mathematics Society, providing academic support, social functions, and subject promotion. Built the Computing Society website. Helped co-ordinate the eventual merger of these two societies. RECENT EMPLOYMENT Feb 2023– presentQuantitative T echnologist, Qube Research and T echnologies, London. Sept 2021–Jan 2023Research Fellow in Informatics, University of Sussex, UK. • Developing theory and tools to describe representations in a uniform, and cognitively centred, manner (RIST). • W orking as part of a research team of six split between Sussex and Cambridge, continuing work from my PhD. • Formalising the cognitive representation notation (RISN), while developing a web app using React and ReScript. Jan 2021–July 2021Software Engineer, Jane Street Europe. • W orked with an international team to develop, deploy, and support in-house software in the finance industry. • New and existing software was developed using OCaml; the environment demanded software that was fault-tolerant, distributed, and real-time. Development was backed up by extensive testing and code review. • Provided operational support deploying our software to servers around the globe, and ensured 24/7 up-time for users of our software. W e also supported users with trouble-shooting, and providing new features both responsively and proactively. 2017–2020Supervisor, Computer Science, University of Cambridge, UK. • Organised and ran small group teaching sessions for undergraduate students in their first and second years. • Tailored individual and group work to the students’ needs, ensuring my time and feedback was used effectively and targeted to their interests and weaknesses for both coursework and future career."
aaron_stockdill,aaron_stockdill_Q11,Professional Experience,What is the applicant's job title in the most recent role?,Quantitative Technologist,S2_Retrieve_Section,mistralai/Mistral-7B-Instruct-v0.3,"{
  ""predicted_answer"": ""Quantitative Technologist"",
  ""rationale"": ""The applicant's job title in the most recent role is 'Quantitative Technologist', as stated in the relevant section."",
  ""confidence_score"": 1.0
}",,,,1.4216020107269287,0.0003077983856201172,1.4212942123413086,1027,63,0.0,,,,,,,,E2_QA_Accuracy,"AARON STOCKDILL Quantitative T echnologist at Qube Research and T echnologies aaronstockdill@me.com · https://aaron.stockdill.nz/ EDUCATION 2017–2021Doctor of Philosophy, University of Cambridge, UK. • Computer Science. Thesis: “ Automating representation change across domains for reasoning” , supervised by Prof. Mateja Jamnik. Developed a theory of cross-domain correspondences to enable user-aware, contextual AI explanations in an interdisciplinary team from Cambridge and Sussex. • Have published six conference papers and one workshop paper, all peer reviewed, presenting two. One further is under review. Presented a one hour seminar for the AI Research Group Seminar Series in the Computer Lab, and a 15 minute Postgraduate Seminar at college. • Hamilton Cambridge International Scholarship recipient, awarded once every three years; gives full funding and stipend. • Computing Officer for the Selwyn College MCR Committee, which represents graduate students at the college; I managed the punt reservations, committee elections, and website. In the department, I managed the AI Research Group website. 2013–2016Bachelor of Science with First Class Honours, University of Canterbury, NZ. • Computer Science honours, GPA 8.9 of 9, 2016. Report: “Neuromorphic Computing with Reservoir Neural Networks on Memristive Hardware” . Simulated new hardware to implement faster and more power efficient neural networks. • Published two peer-reviewed conference papers. • Double major in Computer Science and Mathematics, GPA 8.83 of 9, 2013–2015. • Graduating BSc(Hons) Computer Science Student of the Y ear Prize 2016 recipient, and Graduating BSc Computer Science Student of the Y ear Prize 2015 recipient, for highest cohort grades. • Committee member of the Computing Society and Mathematics Society, providing academic support, social functions, and subject promotion. Built the Computing Society website. Helped co-ordinate the eventual merger of these two societies. RECENT EMPLOYMENT Feb 2023– presentQuantitative T echnologist, Qube Research and T echnologies, London. Sept 2021–Jan 2023Research Fellow in Informatics, University of Sussex, UK. • Developing theory and tools to describe representations in a uniform, and cognitively centred, manner (RIST). • W orking as part of a research team of six split between Sussex and Cambridge, continuing work from my PhD. • Formalising the cognitive representation notation (RISN), while developing a web app using React and ReScript. Jan 2021–July 2021Software Engineer, Jane Street Europe. • W orked with an international team to develop, deploy, and support in-house software in the finance industry. • New and existing software was developed using OCaml; the environment demanded software that was fault-tolerant, distributed, and real-time. Development was backed up by extensive testing and code review. • Provided operational support deploying our software to servers around the globe, and ensured 24/7 up-time for users of our software. W e also supported users with trouble-shooting, and providing new features both responsively and proactively. 2017–2020Supervisor, Computer Science, University of Cambridge, UK. • Organised and ran small group teaching sessions for undergraduate students in their first and second years. • Tailored individual and group work to the students’ needs, ensuring my time and feedback was used effectively and targeted to their interests and weaknesses for both coursework and future career."
aaron_stockdill,aaron_stockdill_Q12,Professional Experience,How many years of experience does the applicant have?,Professional experience since 2017 (~8+ years),S2_Retrieve_Section,mistralai/Mistral-7B-Instruct-v0.3,"{
  ""predicted_answer"": ""Not found"",
  ""rationale"": ""The CV section does not provide any information about the number of years of experience."",
  ""confidence_score"": 1.0
}",,,,1.3634569644927979,0.0002484321594238281,1.363208532333374,1466,51,0.0,,,,,,,,E2_QA_Accuracy,"• Encouraged and moderated group discussions that included all members of the group, ensuring the students were teaching each other as much as I was teaching them; this gave new perspectives to their peers and verified their own understanding. 2017Lecturer, Computer Science, University of Canterbury, NZ. • Planned then delivered lectures full time in T erm 3 for more than 400 students in the ‘Introduction to Computer Science’ course which covers foundational concepts; in I received an average 4.30 of 5 in teaching effectiveness. • Developed and graded a cohesive, comprehensive three-part assignment, which was delivered and assessed online. • W orked with students individually both as part of the lab tutor teams and during office hours, the latter allowing me to spend time working with students that otherwise struggle in higher education environments. TECHNICAL SKILLS • Specialist in artificial intelligence, principally logical but also statistical; applications range from education to analysis to physics. My research includes theoretical proofs, human participant evaluations, and statistical analysis. • Secondary computer science specialisation in machine learning, algorithms, and data structures; mathematics specialisation in graph theory, algebraic structures, linear algebra, and probability. • Proficient with OCaml, ReScript, Python, Standard ML, HTML/CSS/Javascript, C, and LATEX. Familiar with APL, C ++, Fortran, Haskell, Lisp, and PHP . Others can be learnt quickly. Familiar with standard office software. SELECTED PUBLICATIONS Examining Experts’ Recommendations of Representational Systems for Problem Solving. Aaron Stockdill, Gem Stapleton, Daniel Raggi, Mateja Jamnik, Grecia Garcia Garcia, and Peter C.-H. Cheng, IEEE Symposium on Visual Languages and Human-Centric Computing, 2022, pp. 1–6. https://dx.doi.org/10.1109/VL/HCC53370.2022.9833141 Representational Interpretive Structure: Theory and Notation. Peter C.-H. Cheng, Aaron Stockdill, Grecia Garcia Garcia, Daniel Raggi, and Mateja Jamnik, 13th International Conference on the Theory and Application of Diagrams, 2022, pp. 54–69. https://dx.doi.org/10.1007/978-3-031-15146-0_4 Considerations in Representation Selection for Problem Solving: a Review . Aaron Stockdill, Daniel Raggi, Mateja Jamnik, Grecia Garcia Garcia, and Peter C.-H. Cheng, 12th International Conference on the Theory and Application of Diagrams, 2021, pp. 35–51. https://dx.doi.org/10.1007/978-3-030-86062-2_4 Cognitive Properties of Representations: A Framework. Peter C.-H. Cheng, Grecia Garcia Garcia, Daniel Raggi, Aaron Stockdill, and Mateja Jamnik, 12th International Conference on the Theory and Application of Diagrams, 2021, pp. 415–430. https://dx.doi.org/10.1007/978-3-030-86062-2_43 Correspondence-based analogies for choosing problem representations. Aaron Stockdill, Daniel Raggi, Mateja Jamnik, Grecia Garcia Garcia, Holly E. A. Sutherland, Peter C.-H. Cheng, and Advait Sarkar, IEEE Symposium on Visual Languages and Human-Centric Computing, 2020, pp. 1–5. https://dx.doi.org/10.1109/VL/HCC50065.2020.9127258 How to (Re)represent it?. Daniel Raggi, Gem Stapleton, Aaron Stockdill, Mateja Jamnik, Grecia Garcia Garcia, and Peter C.-H. Cheng, IEEE 32nd International Conference on T ools with Artificial Intelligence, 2020, pp. 1224–1232. https://dx.doi.org/10.1109/ICTAI50040.2020.00185 Dissecting Representations. Daniel Raggi, Aaron Stockdill, Mateja Jamnik, Grecia Garcia Garcia, Holly E. A. Sutherland, and Peter C.-H. Cheng, 11th International Conference on the Theory and Application of Diagrams, 2020, pp. 144–152. https://dx.doi.org/10.1007/978-3-030-54249-8_11 Inspection and Selection of Representations. Daniel Raggi, Aaron Stockdill, Mateja Jamnik, Grecia Garcia Garcia, Holly E. A. Sutherland, and Peter C.-H. Cheng, Intelligent Computer Mathematics, 2019, pp. 227–242. https://dx.doi.org/10.1007/978-3-030-23250-4_16 SELECTED AWARDS 2021Best Student Paper, Diagrams"
aaron_stockdill,aaron_stockdill_Q13,Professional Experience,What leadership position did the applicant hold?,Yes. Computing Officer for Selwyn College MCR; committee roles in academic societies; project leadership.,S2_Retrieve_Section,mistralai/Mistral-7B-Instruct-v0.3,"{
  ""predicted_answer"": ""Scholarship Calculus Coordinator"",
  ""rationale"": ""The applicant held the position of Scholarship Calculus Coordinator at Cashmere High School, NZ."",
  ""confidence_score"": 1.0
}",,,,1.4323067665100098,0.0002713203430175781,1.4320354461669922,680,66,0.0,,,,,,,,E2_QA_Accuracy,"Conference 2021. Awarded for ‘Considerations in Representation Selection for Problem Solving: a Review’ . 2017Hamilton Cambridge International Scholarship, Cambridge Trust, University of Cambridge. Full scholarship to study towards my PhD at the University of Cambridge. 2016Graduating BSc(Hons) Computer Science Student of the Y ear, University of Canterbury. Awarded for academic achievement throughout my undergraduate and honours study. 2016G B Battersby Trimble Scholarship in Computer Science, University of Canterbury. Awarded for academic merit, broad knowledge outside of computer science, and research of benefit to New Zealand. 2016Freemasons University Scholarship. For academic merit, community involvement, and leadership potential. 2015Page Memorial Prize, University of Canterbury, for academic achievement in Level 300 Mathematics. OUTREACH AND VOLUNTEERING 2022Representational Systems Theory: What, Why and How, Diagrams 2022 tutorial. • Co-organising and will run a 90 minute tutorial at Diagrams 2022, targeted at researchers in diagrammatic representations. • The tutorial will be an interactive introduction to Representational Systems Theory, using a web app we have developed. 2018–2020STIMULUS V olunteer, University of Cambridge. • V olunteered 90 minutes per week at a local sixth form college, working with the teacher to extend both their knowledge and that of the students, providing extra resources and information, raising their enthusiasm for computer science. • Engaged individually with students to provide practical help, extension activities, or alternative explanations, developing and encouraging their passion for computer science and programming. 2015–2016Scholarship Calculus Coordinator, Cashmere High School, NZ. • Developed the Scholarship Calculus programme for advanced Y ear 13 students, building on their standard curriculum and producing a set of resources for myself and future teachers running this programme. • As a result of the new programme and teaching pattern, my 2016 cohort received a record four scholarships, double the previous best record for the school, and helping fund the students’ tertiary education."
aaron_stockdill,aaron_stockdill_Q14,Professional Experience,Could the applicant briefly describe their key responsibilities in previous roles?,Yes. Conducts research in AI and representation theory; develops software in finance; teaches and supervises students.,S2_Retrieve_Section,mistralai/Mistral-7B-Instruct-v0.3,"{
  ""predicted_answer"": ""The applicant's key responsibilities in previous roles include developing theories and tools, formalising cognitive representation notations, managing websites, organising and running small group teaching sessions, and developing, deploying, and supporting in-house software."",
  ""rationale"": ""The applicant's key responsibilities are mentioned in their employment history and education sections. In their recent employment at Qube Research and Sussex University, they developed theories and tools, formalised cognitive representation notations, and worked on a web app. At Jane Street Europe, they developed, deployed, and",,,,2.913773536682129,0.0002803802490234375,2.9134931564331055,1026,129,0.0,,,,,,,,E2_QA_Accuracy,"AARON STOCKDILL Quantitative T echnologist at Qube Research and T echnologies aaronstockdill@me.com · https://aaron.stockdill.nz/ EDUCATION 2017–2021Doctor of Philosophy, University of Cambridge, UK. • Computer Science. Thesis: “ Automating representation change across domains for reasoning” , supervised by Prof. Mateja Jamnik. Developed a theory of cross-domain correspondences to enable user-aware, contextual AI explanations in an interdisciplinary team from Cambridge and Sussex. • Have published six conference papers and one workshop paper, all peer reviewed, presenting two. One further is under review. Presented a one hour seminar for the AI Research Group Seminar Series in the Computer Lab, and a 15 minute Postgraduate Seminar at college. • Hamilton Cambridge International Scholarship recipient, awarded once every three years; gives full funding and stipend. • Computing Officer for the Selwyn College MCR Committee, which represents graduate students at the college; I managed the punt reservations, committee elections, and website. In the department, I managed the AI Research Group website. 2013–2016Bachelor of Science with First Class Honours, University of Canterbury, NZ. • Computer Science honours, GPA 8.9 of 9, 2016. Report: “Neuromorphic Computing with Reservoir Neural Networks on Memristive Hardware” . Simulated new hardware to implement faster and more power efficient neural networks. • Published two peer-reviewed conference papers. • Double major in Computer Science and Mathematics, GPA 8.83 of 9, 2013–2015. • Graduating BSc(Hons) Computer Science Student of the Y ear Prize 2016 recipient, and Graduating BSc Computer Science Student of the Y ear Prize 2015 recipient, for highest cohort grades. • Committee member of the Computing Society and Mathematics Society, providing academic support, social functions, and subject promotion. Built the Computing Society website. Helped co-ordinate the eventual merger of these two societies. RECENT EMPLOYMENT Feb 2023– presentQuantitative T echnologist, Qube Research and T echnologies, London. Sept 2021–Jan 2023Research Fellow in Informatics, University of Sussex, UK. • Developing theory and tools to describe representations in a uniform, and cognitively centred, manner (RIST). • W orking as part of a research team of six split between Sussex and Cambridge, continuing work from my PhD. • Formalising the cognitive representation notation (RISN), while developing a web app using React and ReScript. Jan 2021–July 2021Software Engineer, Jane Street Europe. • W orked with an international team to develop, deploy, and support in-house software in the finance industry. • New and existing software was developed using OCaml; the environment demanded software that was fault-tolerant, distributed, and real-time. Development was backed up by extensive testing and code review. • Provided operational support deploying our software to servers around the globe, and ensured 24/7 up-time for users of our software. W e also supported users with trouble-shooting, and providing new features both responsively and proactively. 2017–2020Supervisor, Computer Science, University of Cambridge, UK. • Organised and ran small group teaching sessions for undergraduate students in their first and second years. • Tailored individual and group work to the students’ needs, ensuring my time and feedback was used effectively and targeted to their interests and weaknesses for both coursework and future career."
aaron_stockdill,aaron_stockdill_Q15,Professional Experience,Has the applicant worked in more than one job or organization?,"Yes. Qube Research, University of Sussex, Jane Street, University of Cambridge, University of Canterbury.",S2_Retrieve_Section,mistralai/Mistral-7B-Instruct-v0.3,"{
  ""predicted_answer"": ""Yes"",
  ""rationale"": ""The applicant has worked at Qube Research and Technologies and University of Sussex as a Quantitative Technologist and Research Fellow respectively."",
  ""confidence_score"": 1.0
}",,,,1.4156267642974854,0.00031280517578125,1.415313959121704,1025,62,0.0,,,,,,,,E2_QA_Accuracy,"AARON STOCKDILL Quantitative T echnologist at Qube Research and T echnologies aaronstockdill@me.com · https://aaron.stockdill.nz/ EDUCATION 2017–2021Doctor of Philosophy, University of Cambridge, UK. • Computer Science. Thesis: “ Automating representation change across domains for reasoning” , supervised by Prof. Mateja Jamnik. Developed a theory of cross-domain correspondences to enable user-aware, contextual AI explanations in an interdisciplinary team from Cambridge and Sussex. • Have published six conference papers and one workshop paper, all peer reviewed, presenting two. One further is under review. Presented a one hour seminar for the AI Research Group Seminar Series in the Computer Lab, and a 15 minute Postgraduate Seminar at college. • Hamilton Cambridge International Scholarship recipient, awarded once every three years; gives full funding and stipend. • Computing Officer for the Selwyn College MCR Committee, which represents graduate students at the college; I managed the punt reservations, committee elections, and website. In the department, I managed the AI Research Group website. 2013–2016Bachelor of Science with First Class Honours, University of Canterbury, NZ. • Computer Science honours, GPA 8.9 of 9, 2016. Report: “Neuromorphic Computing with Reservoir Neural Networks on Memristive Hardware” . Simulated new hardware to implement faster and more power efficient neural networks. • Published two peer-reviewed conference papers. • Double major in Computer Science and Mathematics, GPA 8.83 of 9, 2013–2015. • Graduating BSc(Hons) Computer Science Student of the Y ear Prize 2016 recipient, and Graduating BSc Computer Science Student of the Y ear Prize 2015 recipient, for highest cohort grades. • Committee member of the Computing Society and Mathematics Society, providing academic support, social functions, and subject promotion. Built the Computing Society website. Helped co-ordinate the eventual merger of these two societies. RECENT EMPLOYMENT Feb 2023– presentQuantitative T echnologist, Qube Research and T echnologies, London. Sept 2021–Jan 2023Research Fellow in Informatics, University of Sussex, UK. • Developing theory and tools to describe representations in a uniform, and cognitively centred, manner (RIST). • W orking as part of a research team of six split between Sussex and Cambridge, continuing work from my PhD. • Formalising the cognitive representation notation (RISN), while developing a web app using React and ReScript. Jan 2021–July 2021Software Engineer, Jane Street Europe. • W orked with an international team to develop, deploy, and support in-house software in the finance industry. • New and existing software was developed using OCaml; the environment demanded software that was fault-tolerant, distributed, and real-time. Development was backed up by extensive testing and code review. • Provided operational support deploying our software to servers around the globe, and ensured 24/7 up-time for users of our software. W e also supported users with trouble-shooting, and providing new features both responsively and proactively. 2017–2020Supervisor, Computer Science, University of Cambridge, UK. • Organised and ran small group teaching sessions for undergraduate students in their first and second years. • Tailored individual and group work to the students’ needs, ensuring my time and feedback was used effectively and targeted to their interests and weaknesses for both coursework and future career."
aaron_stockdill,aaron_stockdill_Q16,Professional Experience,What were the applicant's major accomplishments?,Best Student Paper at Diagrams 2021; multiple conference publications; Hamilton Cambridge International Scholarship.,S2_Retrieve_Section,mistralai/Mistral-7B-Instruct-v0.3,"{
  ""predicted_answer"": [
    ""Doctor of Philosophy from the University of Cambridge, published six conference papers and one workshop paper, recipient of the Hamilton Cambridge International Scholarship, Computing Officer for the Selwyn College MCR Committee, Graduating BSc(Hons) Computer Science Student of the Year Prize 2016 recipient, Graduating BSc Computer Science Student of the Year Prize 2015 recipient, Supervisor at the University of Cambridge, Quantitative Technologist at Qube Research and Technologies, Research Fellow in Informatics at the University of",,,,2.825551748275757,0.000247955322265625,2.825303792953491,1023,129,0.0,,,,,,,,E2_QA_Accuracy,"AARON STOCKDILL Quantitative T echnologist at Qube Research and T echnologies aaronstockdill@me.com · https://aaron.stockdill.nz/ EDUCATION 2017–2021Doctor of Philosophy, University of Cambridge, UK. • Computer Science. Thesis: “ Automating representation change across domains for reasoning” , supervised by Prof. Mateja Jamnik. Developed a theory of cross-domain correspondences to enable user-aware, contextual AI explanations in an interdisciplinary team from Cambridge and Sussex. • Have published six conference papers and one workshop paper, all peer reviewed, presenting two. One further is under review. Presented a one hour seminar for the AI Research Group Seminar Series in the Computer Lab, and a 15 minute Postgraduate Seminar at college. • Hamilton Cambridge International Scholarship recipient, awarded once every three years; gives full funding and stipend. • Computing Officer for the Selwyn College MCR Committee, which represents graduate students at the college; I managed the punt reservations, committee elections, and website. In the department, I managed the AI Research Group website. 2013–2016Bachelor of Science with First Class Honours, University of Canterbury, NZ. • Computer Science honours, GPA 8.9 of 9, 2016. Report: “Neuromorphic Computing with Reservoir Neural Networks on Memristive Hardware” . Simulated new hardware to implement faster and more power efficient neural networks. • Published two peer-reviewed conference papers. • Double major in Computer Science and Mathematics, GPA 8.83 of 9, 2013–2015. • Graduating BSc(Hons) Computer Science Student of the Y ear Prize 2016 recipient, and Graduating BSc Computer Science Student of the Y ear Prize 2015 recipient, for highest cohort grades. • Committee member of the Computing Society and Mathematics Society, providing academic support, social functions, and subject promotion. Built the Computing Society website. Helped co-ordinate the eventual merger of these two societies. RECENT EMPLOYMENT Feb 2023– presentQuantitative T echnologist, Qube Research and T echnologies, London. Sept 2021–Jan 2023Research Fellow in Informatics, University of Sussex, UK. • Developing theory and tools to describe representations in a uniform, and cognitively centred, manner (RIST). • W orking as part of a research team of six split between Sussex and Cambridge, continuing work from my PhD. • Formalising the cognitive representation notation (RISN), while developing a web app using React and ReScript. Jan 2021–July 2021Software Engineer, Jane Street Europe. • W orked with an international team to develop, deploy, and support in-house software in the finance industry. • New and existing software was developed using OCaml; the environment demanded software that was fault-tolerant, distributed, and real-time. Development was backed up by extensive testing and code review. • Provided operational support deploying our software to servers around the globe, and ensured 24/7 up-time for users of our software. W e also supported users with trouble-shooting, and providing new features both responsively and proactively. 2017–2020Supervisor, Computer Science, University of Cambridge, UK. • Organised and ran small group teaching sessions for undergraduate students in their first and second years. • Tailored individual and group work to the students’ needs, ensuring my time and feedback was used effectively and targeted to their interests and weaknesses for both coursework and future career."
aaron_stockdill,aaron_stockdill_Q17,Professional Experience,What key metric did they improve?,Developed theory of cross-domain correspondences; built tools for representation selection; improved teaching outcomes.,S2_Retrieve_Section,mistralai/Mistral-7B-Instruct-v0.3,"{
  ""predicted_answer"": ""Not found"",
  ""rationale"": ""The provided CV section does not contain information about a key metric that was improved."",
  ""confidence_score"": 1.0
}",,,,1.278386116027832,0.0002796649932861328,1.278106451034546,1019,51,0.0,,,,,,,,E2_QA_Accuracy,"AARON STOCKDILL Quantitative T echnologist at Qube Research and T echnologies aaronstockdill@me.com · https://aaron.stockdill.nz/ EDUCATION 2017–2021Doctor of Philosophy, University of Cambridge, UK. • Computer Science. Thesis: “ Automating representation change across domains for reasoning” , supervised by Prof. Mateja Jamnik. Developed a theory of cross-domain correspondences to enable user-aware, contextual AI explanations in an interdisciplinary team from Cambridge and Sussex. • Have published six conference papers and one workshop paper, all peer reviewed, presenting two. One further is under review. Presented a one hour seminar for the AI Research Group Seminar Series in the Computer Lab, and a 15 minute Postgraduate Seminar at college. • Hamilton Cambridge International Scholarship recipient, awarded once every three years; gives full funding and stipend. • Computing Officer for the Selwyn College MCR Committee, which represents graduate students at the college; I managed the punt reservations, committee elections, and website. In the department, I managed the AI Research Group website. 2013–2016Bachelor of Science with First Class Honours, University of Canterbury, NZ. • Computer Science honours, GPA 8.9 of 9, 2016. Report: “Neuromorphic Computing with Reservoir Neural Networks on Memristive Hardware” . Simulated new hardware to implement faster and more power efficient neural networks. • Published two peer-reviewed conference papers. • Double major in Computer Science and Mathematics, GPA 8.83 of 9, 2013–2015. • Graduating BSc(Hons) Computer Science Student of the Y ear Prize 2016 recipient, and Graduating BSc Computer Science Student of the Y ear Prize 2015 recipient, for highest cohort grades. • Committee member of the Computing Society and Mathematics Society, providing academic support, social functions, and subject promotion. Built the Computing Society website. Helped co-ordinate the eventual merger of these two societies. RECENT EMPLOYMENT Feb 2023– presentQuantitative T echnologist, Qube Research and T echnologies, London. Sept 2021–Jan 2023Research Fellow in Informatics, University of Sussex, UK. • Developing theory and tools to describe representations in a uniform, and cognitively centred, manner (RIST). • W orking as part of a research team of six split between Sussex and Cambridge, continuing work from my PhD. • Formalising the cognitive representation notation (RISN), while developing a web app using React and ReScript. Jan 2021–July 2021Software Engineer, Jane Street Europe. • W orked with an international team to develop, deploy, and support in-house software in the finance industry. • New and existing software was developed using OCaml; the environment demanded software that was fault-tolerant, distributed, and real-time. Development was backed up by extensive testing and code review. • Provided operational support deploying our software to servers around the globe, and ensured 24/7 up-time for users of our software. W e also supported users with trouble-shooting, and providing new features both responsively and proactively. 2017–2020Supervisor, Computer Science, University of Cambridge, UK. • Organised and ran small group teaching sessions for undergraduate students in their first and second years. • Tailored individual and group work to the students’ needs, ensuring my time and feedback was used effectively and targeted to their interests and weaknesses for both coursework and future career."
aaron_stockdill,aaron_stockdill_Q18,Research and Projects,What is the name of a key project the applicant has worked on?,Automating representation change across domains; Representational Interpretive Structure (RIST); AquaSense (previous),S2_Retrieve_Section,mistralai/Mistral-7B-Instruct-v0.3,"{
  ""predicted_answer"": ""\""Automating representation change across domains for reasoning\"""",
  ""rationale"": ""The project name is mentioned in the PhD thesis title."",
  ""confidence_score"": 1.0
}",,,,1.2550995349884033,0.0002613067626953125,1.254838228225708,1027,54,0.0,,,,,,,,E2_QA_Accuracy,"AARON STOCKDILL Quantitative T echnologist at Qube Research and T echnologies aaronstockdill@me.com · https://aaron.stockdill.nz/ EDUCATION 2017–2021Doctor of Philosophy, University of Cambridge, UK. • Computer Science. Thesis: “ Automating representation change across domains for reasoning” , supervised by Prof. Mateja Jamnik. Developed a theory of cross-domain correspondences to enable user-aware, contextual AI explanations in an interdisciplinary team from Cambridge and Sussex. • Have published six conference papers and one workshop paper, all peer reviewed, presenting two. One further is under review. Presented a one hour seminar for the AI Research Group Seminar Series in the Computer Lab, and a 15 minute Postgraduate Seminar at college. • Hamilton Cambridge International Scholarship recipient, awarded once every three years; gives full funding and stipend. • Computing Officer for the Selwyn College MCR Committee, which represents graduate students at the college; I managed the punt reservations, committee elections, and website. In the department, I managed the AI Research Group website. 2013–2016Bachelor of Science with First Class Honours, University of Canterbury, NZ. • Computer Science honours, GPA 8.9 of 9, 2016. Report: “Neuromorphic Computing with Reservoir Neural Networks on Memristive Hardware” . Simulated new hardware to implement faster and more power efficient neural networks. • Published two peer-reviewed conference papers. • Double major in Computer Science and Mathematics, GPA 8.83 of 9, 2013–2015. • Graduating BSc(Hons) Computer Science Student of the Y ear Prize 2016 recipient, and Graduating BSc Computer Science Student of the Y ear Prize 2015 recipient, for highest cohort grades. • Committee member of the Computing Society and Mathematics Society, providing academic support, social functions, and subject promotion. Built the Computing Society website. Helped co-ordinate the eventual merger of these two societies. RECENT EMPLOYMENT Feb 2023– presentQuantitative T echnologist, Qube Research and T echnologies, London. Sept 2021–Jan 2023Research Fellow in Informatics, University of Sussex, UK. • Developing theory and tools to describe representations in a uniform, and cognitively centred, manner (RIST). • W orking as part of a research team of six split between Sussex and Cambridge, continuing work from my PhD. • Formalising the cognitive representation notation (RISN), while developing a web app using React and ReScript. Jan 2021–July 2021Software Engineer, Jane Street Europe. • W orked with an international team to develop, deploy, and support in-house software in the finance industry. • New and existing software was developed using OCaml; the environment demanded software that was fault-tolerant, distributed, and real-time. Development was backed up by extensive testing and code review. • Provided operational support deploying our software to servers around the globe, and ensured 24/7 up-time for users of our software. W e also supported users with trouble-shooting, and providing new features both responsively and proactively. 2017–2020Supervisor, Computer Science, University of Cambridge, UK. • Organised and ran small group teaching sessions for undergraduate students in their first and second years. • Tailored individual and group work to the students’ needs, ensuring my time and feedback was used effectively and targeted to their interests and weaknesses for both coursework and future career."
aaron_stockdill,aaron_stockdill_Q19,Research and Projects,Which tools or technologies did the applicant use in their projects?,"OCaml, ReScript, Python, Standard ML, C, JavaScript; React, web development tools",S2_Retrieve_Section,mistralai/Mistral-7B-Instruct-v0.3,"{
  ""predicted_answer"": [""React, ReScript, OCaml""],
  ""rationale"": ""The applicant mentions working on a web app using React and ReScript (in the University of Sussex employment section), and developing software using OCaml (in the Jane Street Europe employment section)."",
  ""confidence_score"": 1.0
}",,,,1.9558541774749756,0.00028443336486816406,1.9555697441101074,1025,83,0.0,,,,,,,,E2_QA_Accuracy,"AARON STOCKDILL Quantitative T echnologist at Qube Research and T echnologies aaronstockdill@me.com · https://aaron.stockdill.nz/ EDUCATION 2017–2021Doctor of Philosophy, University of Cambridge, UK. • Computer Science. Thesis: “ Automating representation change across domains for reasoning” , supervised by Prof. Mateja Jamnik. Developed a theory of cross-domain correspondences to enable user-aware, contextual AI explanations in an interdisciplinary team from Cambridge and Sussex. • Have published six conference papers and one workshop paper, all peer reviewed, presenting two. One further is under review. Presented a one hour seminar for the AI Research Group Seminar Series in the Computer Lab, and a 15 minute Postgraduate Seminar at college. • Hamilton Cambridge International Scholarship recipient, awarded once every three years; gives full funding and stipend. • Computing Officer for the Selwyn College MCR Committee, which represents graduate students at the college; I managed the punt reservations, committee elections, and website. In the department, I managed the AI Research Group website. 2013–2016Bachelor of Science with First Class Honours, University of Canterbury, NZ. • Computer Science honours, GPA 8.9 of 9, 2016. Report: “Neuromorphic Computing with Reservoir Neural Networks on Memristive Hardware” . Simulated new hardware to implement faster and more power efficient neural networks. • Published two peer-reviewed conference papers. • Double major in Computer Science and Mathematics, GPA 8.83 of 9, 2013–2015. • Graduating BSc(Hons) Computer Science Student of the Y ear Prize 2016 recipient, and Graduating BSc Computer Science Student of the Y ear Prize 2015 recipient, for highest cohort grades. • Committee member of the Computing Society and Mathematics Society, providing academic support, social functions, and subject promotion. Built the Computing Society website. Helped co-ordinate the eventual merger of these two societies. RECENT EMPLOYMENT Feb 2023– presentQuantitative T echnologist, Qube Research and T echnologies, London. Sept 2021–Jan 2023Research Fellow in Informatics, University of Sussex, UK. • Developing theory and tools to describe representations in a uniform, and cognitively centred, manner (RIST). • W orking as part of a research team of six split between Sussex and Cambridge, continuing work from my PhD. • Formalising the cognitive representation notation (RISN), while developing a web app using React and ReScript. Jan 2021–July 2021Software Engineer, Jane Street Europe. • W orked with an international team to develop, deploy, and support in-house software in the finance industry. • New and existing software was developed using OCaml; the environment demanded software that was fault-tolerant, distributed, and real-time. Development was backed up by extensive testing and code review. • Provided operational support deploying our software to servers around the globe, and ensured 24/7 up-time for users of our software. W e also supported users with trouble-shooting, and providing new features both responsively and proactively. 2017–2020Supervisor, Computer Science, University of Cambridge, UK. • Organised and ran small group teaching sessions for undergraduate students in their first and second years. • Tailored individual and group work to the students’ needs, ensuring my time and feedback was used effectively and targeted to their interests and weaknesses for both coursework and future career."
aaron_stockdill,aaron_stockdill_Q20,Research and Projects,Did any project have a specific budget or numeric goal?,nan,S2_Retrieve_Section,mistralai/Mistral-7B-Instruct-v0.3,"{
  ""predicted_answer"": ""Not found"",
  ""rationale"": ""No specific budget or numeric goal is mentioned in the provided CV section."",
  ""confidence_score"": 1.0
}",,,,1.2098665237426758,0.0002510547637939453,1.2096154689788818,683,50,0.0,,,,,,,,E2_QA_Accuracy,"Conference 2021. Awarded for ‘Considerations in Representation Selection for Problem Solving: a Review’ . 2017Hamilton Cambridge International Scholarship, Cambridge Trust, University of Cambridge. Full scholarship to study towards my PhD at the University of Cambridge. 2016Graduating BSc(Hons) Computer Science Student of the Y ear, University of Canterbury. Awarded for academic achievement throughout my undergraduate and honours study. 2016G B Battersby Trimble Scholarship in Computer Science, University of Canterbury. Awarded for academic merit, broad knowledge outside of computer science, and research of benefit to New Zealand. 2016Freemasons University Scholarship. For academic merit, community involvement, and leadership potential. 2015Page Memorial Prize, University of Canterbury, for academic achievement in Level 300 Mathematics. OUTREACH AND VOLUNTEERING 2022Representational Systems Theory: What, Why and How, Diagrams 2022 tutorial. • Co-organising and will run a 90 minute tutorial at Diagrams 2022, targeted at researchers in diagrammatic representations. • The tutorial will be an interactive introduction to Representational Systems Theory, using a web app we have developed. 2018–2020STIMULUS V olunteer, University of Cambridge. • V olunteered 90 minutes per week at a local sixth form college, working with the teacher to extend both their knowledge and that of the students, providing extra resources and information, raising their enthusiasm for computer science. • Engaged individually with students to provide practical help, extension activities, or alternative explanations, developing and encouraging their passion for computer science and programming. 2015–2016Scholarship Calculus Coordinator, Cashmere High School, NZ. • Developed the Scholarship Calculus programme for advanced Y ear 13 students, building on their standard curriculum and producing a set of resources for myself and future teachers running this programme. • As a result of the new programme and teaching pattern, my 2016 cohort received a record four scholarships, double the previous best record for the school, and helping fund the students’ tertiary education."
aaron_stockdill,aaron_stockdill_Q21,Research and Projects,What were the main objectives of the applicant's projects?,To advance AI explanation and problem-solving through automated representation selection and change.,S2_Retrieve_Section,mistralai/Mistral-7B-Instruct-v0.3,"{
  ""predicted_answer"": ""The main objectives of the applicant's projects were to examine experts' recommendations of representational systems for problem solving, develop a representational interpretive structure theory and notation, considerations in representation selection for problem solving, cognitive properties of representations, correspondence-based analogies for choosing problem representations, and inspection and selection of representations."",
  ""rationale"": ""The objectives are stated in the 'SELECTED PUBLICATIONS' section."",
  ""confidence_score"": 1.0
}",,,,2.639400005340576,0.00024962425231933594,2.639150381088257,1468,115,0.0,,,,,,,,E2_QA_Accuracy,"• Encouraged and moderated group discussions that included all members of the group, ensuring the students were teaching each other as much as I was teaching them; this gave new perspectives to their peers and verified their own understanding. 2017Lecturer, Computer Science, University of Canterbury, NZ. • Planned then delivered lectures full time in T erm 3 for more than 400 students in the ‘Introduction to Computer Science’ course which covers foundational concepts; in I received an average 4.30 of 5 in teaching effectiveness. • Developed and graded a cohesive, comprehensive three-part assignment, which was delivered and assessed online. • W orked with students individually both as part of the lab tutor teams and during office hours, the latter allowing me to spend time working with students that otherwise struggle in higher education environments. TECHNICAL SKILLS • Specialist in artificial intelligence, principally logical but also statistical; applications range from education to analysis to physics. My research includes theoretical proofs, human participant evaluations, and statistical analysis. • Secondary computer science specialisation in machine learning, algorithms, and data structures; mathematics specialisation in graph theory, algebraic structures, linear algebra, and probability. • Proficient with OCaml, ReScript, Python, Standard ML, HTML/CSS/Javascript, C, and LATEX. Familiar with APL, C ++, Fortran, Haskell, Lisp, and PHP . Others can be learnt quickly. Familiar with standard office software. SELECTED PUBLICATIONS Examining Experts’ Recommendations of Representational Systems for Problem Solving. Aaron Stockdill, Gem Stapleton, Daniel Raggi, Mateja Jamnik, Grecia Garcia Garcia, and Peter C.-H. Cheng, IEEE Symposium on Visual Languages and Human-Centric Computing, 2022, pp. 1–6. https://dx.doi.org/10.1109/VL/HCC53370.2022.9833141 Representational Interpretive Structure: Theory and Notation. Peter C.-H. Cheng, Aaron Stockdill, Grecia Garcia Garcia, Daniel Raggi, and Mateja Jamnik, 13th International Conference on the Theory and Application of Diagrams, 2022, pp. 54–69. https://dx.doi.org/10.1007/978-3-031-15146-0_4 Considerations in Representation Selection for Problem Solving: a Review . Aaron Stockdill, Daniel Raggi, Mateja Jamnik, Grecia Garcia Garcia, and Peter C.-H. Cheng, 12th International Conference on the Theory and Application of Diagrams, 2021, pp. 35–51. https://dx.doi.org/10.1007/978-3-030-86062-2_4 Cognitive Properties of Representations: A Framework. Peter C.-H. Cheng, Grecia Garcia Garcia, Daniel Raggi, Aaron Stockdill, and Mateja Jamnik, 12th International Conference on the Theory and Application of Diagrams, 2021, pp. 415–430. https://dx.doi.org/10.1007/978-3-030-86062-2_43 Correspondence-based analogies for choosing problem representations. Aaron Stockdill, Daniel Raggi, Mateja Jamnik, Grecia Garcia Garcia, Holly E. A. Sutherland, Peter C.-H. Cheng, and Advait Sarkar, IEEE Symposium on Visual Languages and Human-Centric Computing, 2020, pp. 1–5. https://dx.doi.org/10.1109/VL/HCC50065.2020.9127258 How to (Re)represent it?. Daniel Raggi, Gem Stapleton, Aaron Stockdill, Mateja Jamnik, Grecia Garcia Garcia, and Peter C.-H. Cheng, IEEE 32nd International Conference on T ools with Artificial Intelligence, 2020, pp. 1224–1232. https://dx.doi.org/10.1109/ICTAI50040.2020.00185 Dissecting Representations. Daniel Raggi, Aaron Stockdill, Mateja Jamnik, Grecia Garcia Garcia, Holly E. A. Sutherland, and Peter C.-H. Cheng, 11th International Conference on the Theory and Application of Diagrams, 2020, pp. 144–152. https://dx.doi.org/10.1007/978-3-030-54249-8_11 Inspection and Selection of Representations. Daniel Raggi, Aaron Stockdill, Mateja Jamnik, Grecia Garcia Garcia, Holly E. A. Sutherland, and Peter C.-H. Cheng, Intelligent Computer Mathematics, 2019, pp. 227–242. https://dx.doi.org/10.1007/978-3-030-23250-4_16 SELECTED AWARDS 2021Best Student Paper, Diagrams"
aaron_stockdill,aaron_stockdill_Q22,Research and Projects,What are the applicant s publications?,"Six conference papers, one workshop paper, one under review; publications in Diagrams, VL/HCC, ICTAI.",S2_Retrieve_Section,mistralai/Mistral-7B-Instruct-v0.3,"{
  ""predicted_answer"": [""Automating representation change across domains for reasoning"", ""Neuromorphic Computing with Reservoir Neural Networks on Memristive Hardware"", ""A theory of cross-domain correspondences to enable user-aware, contextual AI explanations in an interdisciplinary team from Cambridge and Sussex"", ""Two peer-reviewed conference papers"", ""Two peer-reviewed conference papers"", ""A one hour seminar for the AI Research Group Seminar Series in the Computer Lab, and a 15 minute Postgraduate Seminar at college"", ""Published two peer",,,,2.845982074737549,0.0002779960632324219,2.8457040786743164,1020,129,0.0,,,,,,,,E2_QA_Accuracy,"AARON STOCKDILL Quantitative T echnologist at Qube Research and T echnologies aaronstockdill@me.com · https://aaron.stockdill.nz/ EDUCATION 2017–2021Doctor of Philosophy, University of Cambridge, UK. • Computer Science. Thesis: “ Automating representation change across domains for reasoning” , supervised by Prof. Mateja Jamnik. Developed a theory of cross-domain correspondences to enable user-aware, contextual AI explanations in an interdisciplinary team from Cambridge and Sussex. • Have published six conference papers and one workshop paper, all peer reviewed, presenting two. One further is under review. Presented a one hour seminar for the AI Research Group Seminar Series in the Computer Lab, and a 15 minute Postgraduate Seminar at college. • Hamilton Cambridge International Scholarship recipient, awarded once every three years; gives full funding and stipend. • Computing Officer for the Selwyn College MCR Committee, which represents graduate students at the college; I managed the punt reservations, committee elections, and website. In the department, I managed the AI Research Group website. 2013–2016Bachelor of Science with First Class Honours, University of Canterbury, NZ. • Computer Science honours, GPA 8.9 of 9, 2016. Report: “Neuromorphic Computing with Reservoir Neural Networks on Memristive Hardware” . Simulated new hardware to implement faster and more power efficient neural networks. • Published two peer-reviewed conference papers. • Double major in Computer Science and Mathematics, GPA 8.83 of 9, 2013–2015. • Graduating BSc(Hons) Computer Science Student of the Y ear Prize 2016 recipient, and Graduating BSc Computer Science Student of the Y ear Prize 2015 recipient, for highest cohort grades. • Committee member of the Computing Society and Mathematics Society, providing academic support, social functions, and subject promotion. Built the Computing Society website. Helped co-ordinate the eventual merger of these two societies. RECENT EMPLOYMENT Feb 2023– presentQuantitative T echnologist, Qube Research and T echnologies, London. Sept 2021–Jan 2023Research Fellow in Informatics, University of Sussex, UK. • Developing theory and tools to describe representations in a uniform, and cognitively centred, manner (RIST). • W orking as part of a research team of six split between Sussex and Cambridge, continuing work from my PhD. • Formalising the cognitive representation notation (RISN), while developing a web app using React and ReScript. Jan 2021–July 2021Software Engineer, Jane Street Europe. • W orked with an international team to develop, deploy, and support in-house software in the finance industry. • New and existing software was developed using OCaml; the environment demanded software that was fault-tolerant, distributed, and real-time. Development was backed up by extensive testing and code review. • Provided operational support deploying our software to servers around the globe, and ensured 24/7 up-time for users of our software. W e also supported users with trouble-shooting, and providing new features both responsively and proactively. 2017–2020Supervisor, Computer Science, University of Cambridge, UK. • Organised and ran small group teaching sessions for undergraduate students in their first and second years. • Tailored individual and group work to the students’ needs, ensuring my time and feedback was used effectively and targeted to their interests and weaknesses for both coursework and future career."
aaron_stockdill,aaron_stockdill_Q23,Research and Projects,Did the applicant outline the approach or methodology they used?,"Yes. Combines theoretical proofs, human participant evaluations, statistical analysis, and tool development.",S2_Retrieve_Section,mistralai/Mistral-7B-Instruct-v0.3,"{
  ""predicted_answer"": ""Not found"",
  ""rationale"": ""The provided CV section does not contain any information about the approach or methodology used by the applicant."",
  ""confidence_score"": 1.0
}",,,,1.2245159149169922,0.00029850006103515625,1.224217414855957,684,56,0.0,,,,,,,,E2_QA_Accuracy,"Conference 2021. Awarded for ‘Considerations in Representation Selection for Problem Solving: a Review’ . 2017Hamilton Cambridge International Scholarship, Cambridge Trust, University of Cambridge. Full scholarship to study towards my PhD at the University of Cambridge. 2016Graduating BSc(Hons) Computer Science Student of the Y ear, University of Canterbury. Awarded for academic achievement throughout my undergraduate and honours study. 2016G B Battersby Trimble Scholarship in Computer Science, University of Canterbury. Awarded for academic merit, broad knowledge outside of computer science, and research of benefit to New Zealand. 2016Freemasons University Scholarship. For academic merit, community involvement, and leadership potential. 2015Page Memorial Prize, University of Canterbury, for academic achievement in Level 300 Mathematics. OUTREACH AND VOLUNTEERING 2022Representational Systems Theory: What, Why and How, Diagrams 2022 tutorial. • Co-organising and will run a 90 minute tutorial at Diagrams 2022, targeted at researchers in diagrammatic representations. • The tutorial will be an interactive introduction to Representational Systems Theory, using a web app we have developed. 2018–2020STIMULUS V olunteer, University of Cambridge. • V olunteered 90 minutes per week at a local sixth form college, working with the teacher to extend both their knowledge and that of the students, providing extra resources and information, raising their enthusiasm for computer science. • Engaged individually with students to provide practical help, extension activities, or alternative explanations, developing and encouraging their passion for computer science and programming. 2015–2016Scholarship Calculus Coordinator, Cashmere High School, NZ. • Developed the Scholarship Calculus programme for advanced Y ear 13 students, building on their standard curriculum and producing a set of resources for myself and future teachers running this programme. • As a result of the new programme and teaching pattern, my 2016 cohort received a record four scholarships, double the previous best record for the school, and helping fund the students’ tertiary education."
aaron_stockdill,aaron_stockdill_Q24,Research and Projects,What are the applicant's research areas?,"Artificial Intelligence, Representation Theory, Human-Centric Computing, Diagrammatic Reasoning, Cognitive Science",S2_Retrieve_Section,mistralai/Mistral-7B-Instruct-v0.3,"{
  ""predicted_answer"": [""Artificial Intelligence"", ""Computer Science"", ""Informatics""],
  ""rationale"": [""The applicant's research areas are inferred from their PhD thesis title and recent employment as a Research Fellow in Informatics. The thesis title, 'Automating representation change across domains for reasoning', suggests a focus on AI and computer science. The recent employment at the University of Sussex as a Research Fellow in Informatics further supports this inference.""],
  ""confidence_score"": 0.9
}",,,,2.688915252685547,0.00028705596923828125,2.6886281967163086,1022,120,0.0,,,,,,,,E2_QA_Accuracy,"AARON STOCKDILL Quantitative T echnologist at Qube Research and T echnologies aaronstockdill@me.com · https://aaron.stockdill.nz/ EDUCATION 2017–2021Doctor of Philosophy, University of Cambridge, UK. • Computer Science. Thesis: “ Automating representation change across domains for reasoning” , supervised by Prof. Mateja Jamnik. Developed a theory of cross-domain correspondences to enable user-aware, contextual AI explanations in an interdisciplinary team from Cambridge and Sussex. • Have published six conference papers and one workshop paper, all peer reviewed, presenting two. One further is under review. Presented a one hour seminar for the AI Research Group Seminar Series in the Computer Lab, and a 15 minute Postgraduate Seminar at college. • Hamilton Cambridge International Scholarship recipient, awarded once every three years; gives full funding and stipend. • Computing Officer for the Selwyn College MCR Committee, which represents graduate students at the college; I managed the punt reservations, committee elections, and website. In the department, I managed the AI Research Group website. 2013–2016Bachelor of Science with First Class Honours, University of Canterbury, NZ. • Computer Science honours, GPA 8.9 of 9, 2016. Report: “Neuromorphic Computing with Reservoir Neural Networks on Memristive Hardware” . Simulated new hardware to implement faster and more power efficient neural networks. • Published two peer-reviewed conference papers. • Double major in Computer Science and Mathematics, GPA 8.83 of 9, 2013–2015. • Graduating BSc(Hons) Computer Science Student of the Y ear Prize 2016 recipient, and Graduating BSc Computer Science Student of the Y ear Prize 2015 recipient, for highest cohort grades. • Committee member of the Computing Society and Mathematics Society, providing academic support, social functions, and subject promotion. Built the Computing Society website. Helped co-ordinate the eventual merger of these two societies. RECENT EMPLOYMENT Feb 2023– presentQuantitative T echnologist, Qube Research and T echnologies, London. Sept 2021–Jan 2023Research Fellow in Informatics, University of Sussex, UK. • Developing theory and tools to describe representations in a uniform, and cognitively centred, manner (RIST). • W orking as part of a research team of six split between Sussex and Cambridge, continuing work from my PhD. • Formalising the cognitive representation notation (RISN), while developing a web app using React and ReScript. Jan 2021–July 2021Software Engineer, Jane Street Europe. • W orked with an international team to develop, deploy, and support in-house software in the finance industry. • New and existing software was developed using OCaml; the environment demanded software that was fault-tolerant, distributed, and real-time. Development was backed up by extensive testing and code review. • Provided operational support deploying our software to servers around the globe, and ensured 24/7 up-time for users of our software. W e also supported users with trouble-shooting, and providing new features both responsively and proactively. 2017–2020Supervisor, Computer Science, University of Cambridge, UK. • Organised and ran small group teaching sessions for undergraduate students in their first and second years. • Tailored individual and group work to the students’ needs, ensuring my time and feedback was used effectively and targeted to their interests and weaknesses for both coursework and future career."
aaron_stockdill,aaron_stockdill_Q25,Skills,What are the applicant s key soft skills?,"Teaching, mentoring, academic service, outreach, collaboration, leadership in committees",S2_Retrieve_Section,mistralai/Mistral-7B-Instruct-v0.3,"{
  ""predicted_answer"": [""Encouraging, Moderating, Teaching, Planning, Delivering, Grading, Working Individually""],
  ""rationale"": [""The applicant encouraged and moderated group discussions, planned and delivered lectures, developed and graded assignments, and worked with students individually. These actions demonstrate the applicant's ability to encourage, moderate, teach, plan, deliver, grade, and work individually.""],
  ""confidence_score"": 1.0
}",,,,2.586764097213745,0.0003170967102050781,2.58644700050354,1465,111,0.0,,,,,,,,E2_QA_Accuracy,"• Encouraged and moderated group discussions that included all members of the group, ensuring the students were teaching each other as much as I was teaching them; this gave new perspectives to their peers and verified their own understanding. 2017Lecturer, Computer Science, University of Canterbury, NZ. • Planned then delivered lectures full time in T erm 3 for more than 400 students in the ‘Introduction to Computer Science’ course which covers foundational concepts; in I received an average 4.30 of 5 in teaching effectiveness. • Developed and graded a cohesive, comprehensive three-part assignment, which was delivered and assessed online. • W orked with students individually both as part of the lab tutor teams and during office hours, the latter allowing me to spend time working with students that otherwise struggle in higher education environments. TECHNICAL SKILLS • Specialist in artificial intelligence, principally logical but also statistical; applications range from education to analysis to physics. My research includes theoretical proofs, human participant evaluations, and statistical analysis. • Secondary computer science specialisation in machine learning, algorithms, and data structures; mathematics specialisation in graph theory, algebraic structures, linear algebra, and probability. • Proficient with OCaml, ReScript, Python, Standard ML, HTML/CSS/Javascript, C, and LATEX. Familiar with APL, C ++, Fortran, Haskell, Lisp, and PHP . Others can be learnt quickly. Familiar with standard office software. SELECTED PUBLICATIONS Examining Experts’ Recommendations of Representational Systems for Problem Solving. Aaron Stockdill, Gem Stapleton, Daniel Raggi, Mateja Jamnik, Grecia Garcia Garcia, and Peter C.-H. Cheng, IEEE Symposium on Visual Languages and Human-Centric Computing, 2022, pp. 1–6. https://dx.doi.org/10.1109/VL/HCC53370.2022.9833141 Representational Interpretive Structure: Theory and Notation. Peter C.-H. Cheng, Aaron Stockdill, Grecia Garcia Garcia, Daniel Raggi, and Mateja Jamnik, 13th International Conference on the Theory and Application of Diagrams, 2022, pp. 54–69. https://dx.doi.org/10.1007/978-3-031-15146-0_4 Considerations in Representation Selection for Problem Solving: a Review . Aaron Stockdill, Daniel Raggi, Mateja Jamnik, Grecia Garcia Garcia, and Peter C.-H. Cheng, 12th International Conference on the Theory and Application of Diagrams, 2021, pp. 35–51. https://dx.doi.org/10.1007/978-3-030-86062-2_4 Cognitive Properties of Representations: A Framework. Peter C.-H. Cheng, Grecia Garcia Garcia, Daniel Raggi, Aaron Stockdill, and Mateja Jamnik, 12th International Conference on the Theory and Application of Diagrams, 2021, pp. 415–430. https://dx.doi.org/10.1007/978-3-030-86062-2_43 Correspondence-based analogies for choosing problem representations. Aaron Stockdill, Daniel Raggi, Mateja Jamnik, Grecia Garcia Garcia, Holly E. A. Sutherland, Peter C.-H. Cheng, and Advait Sarkar, IEEE Symposium on Visual Languages and Human-Centric Computing, 2020, pp. 1–5. https://dx.doi.org/10.1109/VL/HCC50065.2020.9127258 How to (Re)represent it?. Daniel Raggi, Gem Stapleton, Aaron Stockdill, Mateja Jamnik, Grecia Garcia Garcia, and Peter C.-H. Cheng, IEEE 32nd International Conference on T ools with Artificial Intelligence, 2020, pp. 1224–1232. https://dx.doi.org/10.1109/ICTAI50040.2020.00185 Dissecting Representations. Daniel Raggi, Aaron Stockdill, Mateja Jamnik, Grecia Garcia Garcia, Holly E. A. Sutherland, and Peter C.-H. Cheng, 11th International Conference on the Theory and Application of Diagrams, 2020, pp. 144–152. https://dx.doi.org/10.1007/978-3-030-54249-8_11 Inspection and Selection of Representations. Daniel Raggi, Aaron Stockdill, Mateja Jamnik, Grecia Garcia Garcia, Holly E. A. Sutherland, and Peter C.-H. Cheng, Intelligent Computer Mathematics, 2019, pp. 227–242. https://dx.doi.org/10.1007/978-3-030-23250-4_16 SELECTED AWARDS 2021Best Student Paper, Diagrams"
aaron_stockdill,aaron_stockdill_Q26,Skills,"Are there any certifications, licenses, or trainings listed by the applicant?",Yes. PhD in Computer Science; Hamilton Scholarship; multiple undergraduate awards and scholarships.,S2_Retrieve_Section,mistralai/Mistral-7B-Instruct-v0.3,"{
  ""predicted_answer"": ""Not found"",
  ""rationale"": ""No certifications, licenses, or trainings are listed in the provided CV section."",
  ""confidence_score"": 1.0
}",,,,1.2219882011413574,0.00031495094299316406,1.2216732501983643,1029,52,0.0,,,,,,,,E2_QA_Accuracy,"AARON STOCKDILL Quantitative T echnologist at Qube Research and T echnologies aaronstockdill@me.com · https://aaron.stockdill.nz/ EDUCATION 2017–2021Doctor of Philosophy, University of Cambridge, UK. • Computer Science. Thesis: “ Automating representation change across domains for reasoning” , supervised by Prof. Mateja Jamnik. Developed a theory of cross-domain correspondences to enable user-aware, contextual AI explanations in an interdisciplinary team from Cambridge and Sussex. • Have published six conference papers and one workshop paper, all peer reviewed, presenting two. One further is under review. Presented a one hour seminar for the AI Research Group Seminar Series in the Computer Lab, and a 15 minute Postgraduate Seminar at college. • Hamilton Cambridge International Scholarship recipient, awarded once every three years; gives full funding and stipend. • Computing Officer for the Selwyn College MCR Committee, which represents graduate students at the college; I managed the punt reservations, committee elections, and website. In the department, I managed the AI Research Group website. 2013–2016Bachelor of Science with First Class Honours, University of Canterbury, NZ. • Computer Science honours, GPA 8.9 of 9, 2016. Report: “Neuromorphic Computing with Reservoir Neural Networks on Memristive Hardware” . Simulated new hardware to implement faster and more power efficient neural networks. • Published two peer-reviewed conference papers. • Double major in Computer Science and Mathematics, GPA 8.83 of 9, 2013–2015. • Graduating BSc(Hons) Computer Science Student of the Y ear Prize 2016 recipient, and Graduating BSc Computer Science Student of the Y ear Prize 2015 recipient, for highest cohort grades. • Committee member of the Computing Society and Mathematics Society, providing academic support, social functions, and subject promotion. Built the Computing Society website. Helped co-ordinate the eventual merger of these two societies. RECENT EMPLOYMENT Feb 2023– presentQuantitative T echnologist, Qube Research and T echnologies, London. Sept 2021–Jan 2023Research Fellow in Informatics, University of Sussex, UK. • Developing theory and tools to describe representations in a uniform, and cognitively centred, manner (RIST). • W orking as part of a research team of six split between Sussex and Cambridge, continuing work from my PhD. • Formalising the cognitive representation notation (RISN), while developing a web app using React and ReScript. Jan 2021–July 2021Software Engineer, Jane Street Europe. • W orked with an international team to develop, deploy, and support in-house software in the finance industry. • New and existing software was developed using OCaml; the environment demanded software that was fault-tolerant, distributed, and real-time. Development was backed up by extensive testing and code review. • Provided operational support deploying our software to servers around the globe, and ensured 24/7 up-time for users of our software. W e also supported users with trouble-shooting, and providing new features both responsively and proactively. 2017–2020Supervisor, Computer Science, University of Cambridge, UK. • Organised and ran small group teaching sessions for undergraduate students in their first and second years. • Tailored individual and group work to the students’ needs, ensuring my time and feedback was used effectively and targeted to their interests and weaknesses for both coursework and future career."
aaron_stockdill,aaron_stockdill_Q27,Skills,Did the applicant describe a situation where they applied one of their key skills effectively?,Yes. Applied representation theory to AI explanations; developed educational programmes; built financial software.,S2_Retrieve_Section,mistralai/Mistral-7B-Instruct-v0.3,"{
  ""predicted_answer"": ""Not found"",
  ""rationale"": ""The provided CV section does not contain a specific situation where the applicant applied one of their key skills effectively."",
  ""confidence_score"": 1.0
}",,,,1.430126667022705,0.000255584716796875,1.4298710823059082,1029,57,0.0,,,,,,,,E2_QA_Accuracy,"AARON STOCKDILL Quantitative T echnologist at Qube Research and T echnologies aaronstockdill@me.com · https://aaron.stockdill.nz/ EDUCATION 2017–2021Doctor of Philosophy, University of Cambridge, UK. • Computer Science. Thesis: “ Automating representation change across domains for reasoning” , supervised by Prof. Mateja Jamnik. Developed a theory of cross-domain correspondences to enable user-aware, contextual AI explanations in an interdisciplinary team from Cambridge and Sussex. • Have published six conference papers and one workshop paper, all peer reviewed, presenting two. One further is under review. Presented a one hour seminar for the AI Research Group Seminar Series in the Computer Lab, and a 15 minute Postgraduate Seminar at college. • Hamilton Cambridge International Scholarship recipient, awarded once every three years; gives full funding and stipend. • Computing Officer for the Selwyn College MCR Committee, which represents graduate students at the college; I managed the punt reservations, committee elections, and website. In the department, I managed the AI Research Group website. 2013–2016Bachelor of Science with First Class Honours, University of Canterbury, NZ. • Computer Science honours, GPA 8.9 of 9, 2016. Report: “Neuromorphic Computing with Reservoir Neural Networks on Memristive Hardware” . Simulated new hardware to implement faster and more power efficient neural networks. • Published two peer-reviewed conference papers. • Double major in Computer Science and Mathematics, GPA 8.83 of 9, 2013–2015. • Graduating BSc(Hons) Computer Science Student of the Y ear Prize 2016 recipient, and Graduating BSc Computer Science Student of the Y ear Prize 2015 recipient, for highest cohort grades. • Committee member of the Computing Society and Mathematics Society, providing academic support, social functions, and subject promotion. Built the Computing Society website. Helped co-ordinate the eventual merger of these two societies. RECENT EMPLOYMENT Feb 2023– presentQuantitative T echnologist, Qube Research and T echnologies, London. Sept 2021–Jan 2023Research Fellow in Informatics, University of Sussex, UK. • Developing theory and tools to describe representations in a uniform, and cognitively centred, manner (RIST). • W orking as part of a research team of six split between Sussex and Cambridge, continuing work from my PhD. • Formalising the cognitive representation notation (RISN), while developing a web app using React and ReScript. Jan 2021–July 2021Software Engineer, Jane Street Europe. • W orked with an international team to develop, deploy, and support in-house software in the finance industry. • New and existing software was developed using OCaml; the environment demanded software that was fault-tolerant, distributed, and real-time. Development was backed up by extensive testing and code review. • Provided operational support deploying our software to servers around the globe, and ensured 24/7 up-time for users of our software. W e also supported users with trouble-shooting, and providing new features both responsively and proactively. 2017–2020Supervisor, Computer Science, University of Cambridge, UK. • Organised and ran small group teaching sessions for undergraduate students in their first and second years. • Tailored individual and group work to the students’ needs, ensuring my time and feedback was used effectively and targeted to their interests and weaknesses for both coursework and future career."
aaron_stockdill,aaron_stockdill_Q28,Awards & Extracurricular Activities,"Has the applicant received any awards or recognitions? If so, which is the most significant?",Yes. Best Student Paper Award; Hamilton Cambridge International Scholarship; multiple university prizes.,S2_Retrieve_Section,mistralai/Mistral-7B-Instruct-v0.3,"{
  ""predicted_answer"": ""Yes"",
  ""rationale"": ""The CV section includes a list of 'SELECTED AWARDS' with the year 2021 for 'Best Student Paper, Diagrams'."",
  ""confidence_score"": 1.0
}",,,,1.6088895797729492,0.0003523826599121094,1.608537197113037,1475,67,0.0,,,,,,,,E2_QA_Accuracy,"• Encouraged and moderated group discussions that included all members of the group, ensuring the students were teaching each other as much as I was teaching them; this gave new perspectives to their peers and verified their own understanding. 2017Lecturer, Computer Science, University of Canterbury, NZ. • Planned then delivered lectures full time in T erm 3 for more than 400 students in the ‘Introduction to Computer Science’ course which covers foundational concepts; in I received an average 4.30 of 5 in teaching effectiveness. • Developed and graded a cohesive, comprehensive three-part assignment, which was delivered and assessed online. • W orked with students individually both as part of the lab tutor teams and during office hours, the latter allowing me to spend time working with students that otherwise struggle in higher education environments. TECHNICAL SKILLS • Specialist in artificial intelligence, principally logical but also statistical; applications range from education to analysis to physics. My research includes theoretical proofs, human participant evaluations, and statistical analysis. • Secondary computer science specialisation in machine learning, algorithms, and data structures; mathematics specialisation in graph theory, algebraic structures, linear algebra, and probability. • Proficient with OCaml, ReScript, Python, Standard ML, HTML/CSS/Javascript, C, and LATEX. Familiar with APL, C ++, Fortran, Haskell, Lisp, and PHP . Others can be learnt quickly. Familiar with standard office software. SELECTED PUBLICATIONS Examining Experts’ Recommendations of Representational Systems for Problem Solving. Aaron Stockdill, Gem Stapleton, Daniel Raggi, Mateja Jamnik, Grecia Garcia Garcia, and Peter C.-H. Cheng, IEEE Symposium on Visual Languages and Human-Centric Computing, 2022, pp. 1–6. https://dx.doi.org/10.1109/VL/HCC53370.2022.9833141 Representational Interpretive Structure: Theory and Notation. Peter C.-H. Cheng, Aaron Stockdill, Grecia Garcia Garcia, Daniel Raggi, and Mateja Jamnik, 13th International Conference on the Theory and Application of Diagrams, 2022, pp. 54–69. https://dx.doi.org/10.1007/978-3-031-15146-0_4 Considerations in Representation Selection for Problem Solving: a Review . Aaron Stockdill, Daniel Raggi, Mateja Jamnik, Grecia Garcia Garcia, and Peter C.-H. Cheng, 12th International Conference on the Theory and Application of Diagrams, 2021, pp. 35–51. https://dx.doi.org/10.1007/978-3-030-86062-2_4 Cognitive Properties of Representations: A Framework. Peter C.-H. Cheng, Grecia Garcia Garcia, Daniel Raggi, Aaron Stockdill, and Mateja Jamnik, 12th International Conference on the Theory and Application of Diagrams, 2021, pp. 415–430. https://dx.doi.org/10.1007/978-3-030-86062-2_43 Correspondence-based analogies for choosing problem representations. Aaron Stockdill, Daniel Raggi, Mateja Jamnik, Grecia Garcia Garcia, Holly E. A. Sutherland, Peter C.-H. Cheng, and Advait Sarkar, IEEE Symposium on Visual Languages and Human-Centric Computing, 2020, pp. 1–5. https://dx.doi.org/10.1109/VL/HCC50065.2020.9127258 How to (Re)represent it?. Daniel Raggi, Gem Stapleton, Aaron Stockdill, Mateja Jamnik, Grecia Garcia Garcia, and Peter C.-H. Cheng, IEEE 32nd International Conference on T ools with Artificial Intelligence, 2020, pp. 1224–1232. https://dx.doi.org/10.1109/ICTAI50040.2020.00185 Dissecting Representations. Daniel Raggi, Aaron Stockdill, Mateja Jamnik, Grecia Garcia Garcia, Holly E. A. Sutherland, and Peter C.-H. Cheng, 11th International Conference on the Theory and Application of Diagrams, 2020, pp. 144–152. https://dx.doi.org/10.1007/978-3-030-54249-8_11 Inspection and Selection of Representations. Daniel Raggi, Aaron Stockdill, Mateja Jamnik, Grecia Garcia Garcia, Holly E. A. Sutherland, and Peter C.-H. Cheng, Intelligent Computer Mathematics, 2019, pp. 227–242. https://dx.doi.org/10.1007/978-3-030-23250-4_16 SELECTED AWARDS 2021Best Student Paper, Diagrams"
aaron_stockdill,aaron_stockdill_Q29,Awards & Extracurricular Activities,Did the applicant share a brief overview of an extracurricular or volunteer activity they have been involved in?,Yes. Volunteer with STIMULUS program; scholarship coordinator; tutorial organizer; committee roles.,S2_Retrieve_Section,mistralai/Mistral-7B-Instruct-v0.3,"{
  ""predicted_answer"": ""Yes, the applicant shared a brief overview of an extracurricular or volunteer activity they have been involved in, specifically STIMULUS Volunteer at the University of Cambridge."",
  ""rationale"": ""The applicant mentioned volunteering 90 minutes per week at a local sixth form college, working with the teacher to extend both their knowledge and that of the students, providing extra resources and information, raising their enthusiasm for computer science. This activity is identified as STIMULUS Volunteer."",
  ""confidence_score"": 1.0",,,,2.8726439476013184,0.000263214111328125,2.8723807334899902,695,129,0.0,,,,,,,,E2_QA_Accuracy,"Conference 2021. Awarded for ‘Considerations in Representation Selection for Problem Solving: a Review’ . 2017Hamilton Cambridge International Scholarship, Cambridge Trust, University of Cambridge. Full scholarship to study towards my PhD at the University of Cambridge. 2016Graduating BSc(Hons) Computer Science Student of the Y ear, University of Canterbury. Awarded for academic achievement throughout my undergraduate and honours study. 2016G B Battersby Trimble Scholarship in Computer Science, University of Canterbury. Awarded for academic merit, broad knowledge outside of computer science, and research of benefit to New Zealand. 2016Freemasons University Scholarship. For academic merit, community involvement, and leadership potential. 2015Page Memorial Prize, University of Canterbury, for academic achievement in Level 300 Mathematics. OUTREACH AND VOLUNTEERING 2022Representational Systems Theory: What, Why and How, Diagrams 2022 tutorial. • Co-organising and will run a 90 minute tutorial at Diagrams 2022, targeted at researchers in diagrammatic representations. • The tutorial will be an interactive introduction to Representational Systems Theory, using a web app we have developed. 2018–2020STIMULUS V olunteer, University of Cambridge. • V olunteered 90 minutes per week at a local sixth form college, working with the teacher to extend both their knowledge and that of the students, providing extra resources and information, raising their enthusiasm for computer science. • Engaged individually with students to provide practical help, extension activities, or alternative explanations, developing and encouraging their passion for computer science and programming. 2015–2016Scholarship Calculus Coordinator, Cashmere High School, NZ. • Developed the Scholarship Calculus programme for advanced Y ear 13 students, building on their standard curriculum and producing a set of resources for myself and future teachers running this programme. • As a result of the new programme and teaching pattern, my 2016 cohort received a record four scholarships, double the previous best record for the school, and helping fund the students’ tertiary education."
aaron_stockdill,aaron_stockdill_Q30,Awards & Extracurricular Activities,Did the applicant describe any notable academic achievements or honors received?,Yes. First Class Honours; highest cohort awards; Hamilton Scholarship; best paper award.,S2_Retrieve_Section,mistralai/Mistral-7B-Instruct-v0.3,"{
  ""predicted_answer"": ""Yes"",
  ""rationale"": ""The applicant mentioned receiving the Hamilton Cambridge International Scholarship, which is awarded once every three years; gives full funding and stipend. They also received the Graduating BSc(Hons) Computer Science Student of the Year Prize 2016 and 2015, for highest cohort grades."",
  ""confidence_score"": 1.0
}",,,,2.2814924716949463,0.0003218650817871094,2.281170606613159,1026,102,0.0,,,,,,,,E2_QA_Accuracy,"AARON STOCKDILL Quantitative T echnologist at Qube Research and T echnologies aaronstockdill@me.com · https://aaron.stockdill.nz/ EDUCATION 2017–2021Doctor of Philosophy, University of Cambridge, UK. • Computer Science. Thesis: “ Automating representation change across domains for reasoning” , supervised by Prof. Mateja Jamnik. Developed a theory of cross-domain correspondences to enable user-aware, contextual AI explanations in an interdisciplinary team from Cambridge and Sussex. • Have published six conference papers and one workshop paper, all peer reviewed, presenting two. One further is under review. Presented a one hour seminar for the AI Research Group Seminar Series in the Computer Lab, and a 15 minute Postgraduate Seminar at college. • Hamilton Cambridge International Scholarship recipient, awarded once every three years; gives full funding and stipend. • Computing Officer for the Selwyn College MCR Committee, which represents graduate students at the college; I managed the punt reservations, committee elections, and website. In the department, I managed the AI Research Group website. 2013–2016Bachelor of Science with First Class Honours, University of Canterbury, NZ. • Computer Science honours, GPA 8.9 of 9, 2016. Report: “Neuromorphic Computing with Reservoir Neural Networks on Memristive Hardware” . Simulated new hardware to implement faster and more power efficient neural networks. • Published two peer-reviewed conference papers. • Double major in Computer Science and Mathematics, GPA 8.83 of 9, 2013–2015. • Graduating BSc(Hons) Computer Science Student of the Y ear Prize 2016 recipient, and Graduating BSc Computer Science Student of the Y ear Prize 2015 recipient, for highest cohort grades. • Committee member of the Computing Society and Mathematics Society, providing academic support, social functions, and subject promotion. Built the Computing Society website. Helped co-ordinate the eventual merger of these two societies. RECENT EMPLOYMENT Feb 2023– presentQuantitative T echnologist, Qube Research and T echnologies, London. Sept 2021–Jan 2023Research Fellow in Informatics, University of Sussex, UK. • Developing theory and tools to describe representations in a uniform, and cognitively centred, manner (RIST). • W orking as part of a research team of six split between Sussex and Cambridge, continuing work from my PhD. • Formalising the cognitive representation notation (RISN), while developing a web app using React and ReScript. Jan 2021–July 2021Software Engineer, Jane Street Europe. • W orked with an international team to develop, deploy, and support in-house software in the finance industry. • New and existing software was developed using OCaml; the environment demanded software that was fault-tolerant, distributed, and real-time. Development was backed up by extensive testing and code review. • Provided operational support deploying our software to servers around the globe, and ensured 24/7 up-time for users of our software. W e also supported users with trouble-shooting, and providing new features both responsively and proactively. 2017–2020Supervisor, Computer Science, University of Cambridge, UK. • Organised and ran small group teaching sessions for undergraduate students in their first and second years. • Tailored individual and group work to the students’ needs, ensuring my time and feedback was used effectively and targeted to their interests and weaknesses for both coursework and future career."
aditi_tiwari,aditi_tiwari_Q1,Personal Information,What is the applicant's full name?,Aditi Tiwari,S2_Retrieve_Section,mistralai/Mistral-7B-Instruct-v0.3,"{
  ""predicted_answer"": ""Not found"",
  ""rationale"": ""The applicant's full name is not provided in the given CV section."",
  ""confidence_score"": 1.0
}",,,,1.21746826171875,0.00036978721618652344,1.2170984745025635,1086,51,0.0,,,,,,,,E2_QA_Accuracy,"latency of 2-4 seconds, surpassing company benchmarks, and reducing manual input by 85% . Coordinated Science Laboratory, UIUC Urbana, IL Research Assistant (Computer Vision/Machine Learning) Sep 2022-May 2024 ● Curated one of the first action detection datasets of 360-degree firefighting videos and developed a custom annotation script. ● Developed ACT360 , a quantized, latency-efficient action detection model for 360-degree videos , surpassing baseline YOWO with 4% mAP improvement (0.865) while achieving 48ms/frame inference . ● Optimized ACT360 for deployment , implementing NMS, confidence threshold tuning, and quantization-based compression , reducing inference time to 33ms while maintaining 0.850 mAP , enabling real-world firefighter training applications. ● ACT360 made video analysis during firefighter training 95% faster. Model successfully deployed at Illinois State Fire Department to be used during training sessions of firefighters. Indian Institute of Technology (IIT) Delhi, India Machine Learning Research Intern May 2021-Sep 2021 ● Engineered UAV for autonomous object detection and route adaptation, attaining accuracy of 88.21% (matching SOTA). INDUSTRY EXPERIENCE McAfee Inc. Bangalore, India Software Engineer Intern Aug 2021-Dec 2021 ● Optimized HAR file processing automation in McAfee MVision, reducing file processing time by 58% using Python and Bash ● Developed a responsive customer query interface with AngularJS and JavaScript, and enhanced a results dashboard to facilitate faster, data-driven insights, cutting development time by 15%. ● Spearheaded data-driven process improvements by automating SQL-based data extraction, saving 6 person-hours per week. MEDSupervision (Startup) Delhi, India Full Stack Developer Intern Nov 2020-May 2021 ● Integrated real-time video calling into the website using Twilio API, enhancing patient-provider interaction and increasing user engagement by 37% . ● Redesigned the patient portal interface to improve usability, streamlining the experience for medical staff and patients. ● Analyzed and optimized the database by restructuring over 10,000 data entries, achieving a 50% faster data retrieval rate and reducing system load. ● Built a dynamic, centralized admin portal for easier data management and streamlined workflows, increasing operational efficiency and reducing manual input by 20%. QikCircle (Startup) Delhi, India Software Development Engineer Intern Feb 2020-May 2020 ● Developed front-end of website using HTML, CSS, and JavaScript, resulting in 25% increase in user engagement. ● Upgraded backend functionalities using Python/Flask, enabling seamless data retrieval and updates from SQL database. ● Designed user registration system, reducing account creation time by 40% through SQL database optimizations. TEACHING EXPERIENCE Thesis Co-advisor, UIUC Urbana, IL Undergraduate Student for her Senior Thesis Aug 2023-May 2024 ● Co-advised an undergraduate student in her senior thesis with Professor Klara Nahrstedt. Our research is centered on real-time detection of actions in 360-degree videos, employing advanced image segmentation models to enhance the precision and efficiency of the detection process. Graduate Teaching Assistant, UIUC Urbana, IL CS107 Data Science Discovery Aug 2023-Dec 2023 ● Lab instructor for a class with over 1000 students where I spearheaded lab sections, delivered lectures on data science concepts, contributed to course content development, including guides for intricate data science topics, and conducted regular office hours to provide additional support and clarification. PROJECTS ●"
aditi_tiwari,aditi_tiwari_Q2,Personal Information,What is the applicant's LinkedIn?,https://www.linkedin.com/in/adititiwari2000,S2_Retrieve_Section,mistralai/Mistral-7B-Instruct-v0.3,"{
  ""predicted_answer"": ""Not found"",
  ""rationale"": ""The provided CV section does not contain any information about the applicant's LinkedIn profile."",
  ""confidence_score"": 1.0
}",,,,1.3531627655029297,0.000339508056640625,1.352823257446289,1086,54,0.0,,,,,,,,E2_QA_Accuracy,"latency of 2-4 seconds, surpassing company benchmarks, and reducing manual input by 85% . Coordinated Science Laboratory, UIUC Urbana, IL Research Assistant (Computer Vision/Machine Learning) Sep 2022-May 2024 ● Curated one of the first action detection datasets of 360-degree firefighting videos and developed a custom annotation script. ● Developed ACT360 , a quantized, latency-efficient action detection model for 360-degree videos , surpassing baseline YOWO with 4% mAP improvement (0.865) while achieving 48ms/frame inference . ● Optimized ACT360 for deployment , implementing NMS, confidence threshold tuning, and quantization-based compression , reducing inference time to 33ms while maintaining 0.850 mAP , enabling real-world firefighter training applications. ● ACT360 made video analysis during firefighter training 95% faster. Model successfully deployed at Illinois State Fire Department to be used during training sessions of firefighters. Indian Institute of Technology (IIT) Delhi, India Machine Learning Research Intern May 2021-Sep 2021 ● Engineered UAV for autonomous object detection and route adaptation, attaining accuracy of 88.21% (matching SOTA). INDUSTRY EXPERIENCE McAfee Inc. Bangalore, India Software Engineer Intern Aug 2021-Dec 2021 ● Optimized HAR file processing automation in McAfee MVision, reducing file processing time by 58% using Python and Bash ● Developed a responsive customer query interface with AngularJS and JavaScript, and enhanced a results dashboard to facilitate faster, data-driven insights, cutting development time by 15%. ● Spearheaded data-driven process improvements by automating SQL-based data extraction, saving 6 person-hours per week. MEDSupervision (Startup) Delhi, India Full Stack Developer Intern Nov 2020-May 2021 ● Integrated real-time video calling into the website using Twilio API, enhancing patient-provider interaction and increasing user engagement by 37% . ● Redesigned the patient portal interface to improve usability, streamlining the experience for medical staff and patients. ● Analyzed and optimized the database by restructuring over 10,000 data entries, achieving a 50% faster data retrieval rate and reducing system load. ● Built a dynamic, centralized admin portal for easier data management and streamlined workflows, increasing operational efficiency and reducing manual input by 20%. QikCircle (Startup) Delhi, India Software Development Engineer Intern Feb 2020-May 2020 ● Developed front-end of website using HTML, CSS, and JavaScript, resulting in 25% increase in user engagement. ● Upgraded backend functionalities using Python/Flask, enabling seamless data retrieval and updates from SQL database. ● Designed user registration system, reducing account creation time by 40% through SQL database optimizations. TEACHING EXPERIENCE Thesis Co-advisor, UIUC Urbana, IL Undergraduate Student for her Senior Thesis Aug 2023-May 2024 ● Co-advised an undergraduate student in her senior thesis with Professor Klara Nahrstedt. Our research is centered on real-time detection of actions in 360-degree videos, employing advanced image segmentation models to enhance the precision and efficiency of the detection process. Graduate Teaching Assistant, UIUC Urbana, IL CS107 Data Science Discovery Aug 2023-Dec 2023 ● Lab instructor for a class with over 1000 students where I spearheaded lab sections, delivered lectures on data science concepts, contributed to course content development, including guides for intricate data science topics, and conducted regular office hours to provide additional support and clarification. PROJECTS ●"
aditi_tiwari,aditi_tiwari_Q3,Personal Information,What is the applicant's primary contact number?,+1 (347)-968-1293,S2_Retrieve_Section,mistralai/Mistral-7B-Instruct-v0.3,"{
  ""predicted_answer"": ""Not found"",
  ""rationale"": ""The provided CV section does not contain the applicant's primary contact number."",
  ""confidence_score"": 1.0
}",,,,1.2120146751403809,0.00036072731018066406,1.2116539478302002,1087,51,0.0,,,,,,,,E2_QA_Accuracy,"latency of 2-4 seconds, surpassing company benchmarks, and reducing manual input by 85% . Coordinated Science Laboratory, UIUC Urbana, IL Research Assistant (Computer Vision/Machine Learning) Sep 2022-May 2024 ● Curated one of the first action detection datasets of 360-degree firefighting videos and developed a custom annotation script. ● Developed ACT360 , a quantized, latency-efficient action detection model for 360-degree videos , surpassing baseline YOWO with 4% mAP improvement (0.865) while achieving 48ms/frame inference . ● Optimized ACT360 for deployment , implementing NMS, confidence threshold tuning, and quantization-based compression , reducing inference time to 33ms while maintaining 0.850 mAP , enabling real-world firefighter training applications. ● ACT360 made video analysis during firefighter training 95% faster. Model successfully deployed at Illinois State Fire Department to be used during training sessions of firefighters. Indian Institute of Technology (IIT) Delhi, India Machine Learning Research Intern May 2021-Sep 2021 ● Engineered UAV for autonomous object detection and route adaptation, attaining accuracy of 88.21% (matching SOTA). INDUSTRY EXPERIENCE McAfee Inc. Bangalore, India Software Engineer Intern Aug 2021-Dec 2021 ● Optimized HAR file processing automation in McAfee MVision, reducing file processing time by 58% using Python and Bash ● Developed a responsive customer query interface with AngularJS and JavaScript, and enhanced a results dashboard to facilitate faster, data-driven insights, cutting development time by 15%. ● Spearheaded data-driven process improvements by automating SQL-based data extraction, saving 6 person-hours per week. MEDSupervision (Startup) Delhi, India Full Stack Developer Intern Nov 2020-May 2021 ● Integrated real-time video calling into the website using Twilio API, enhancing patient-provider interaction and increasing user engagement by 37% . ● Redesigned the patient portal interface to improve usability, streamlining the experience for medical staff and patients. ● Analyzed and optimized the database by restructuring over 10,000 data entries, achieving a 50% faster data retrieval rate and reducing system load. ● Built a dynamic, centralized admin portal for easier data management and streamlined workflows, increasing operational efficiency and reducing manual input by 20%. QikCircle (Startup) Delhi, India Software Development Engineer Intern Feb 2020-May 2020 ● Developed front-end of website using HTML, CSS, and JavaScript, resulting in 25% increase in user engagement. ● Upgraded backend functionalities using Python/Flask, enabling seamless data retrieval and updates from SQL database. ● Designed user registration system, reducing account creation time by 40% through SQL database optimizations. TEACHING EXPERIENCE Thesis Co-advisor, UIUC Urbana, IL Undergraduate Student for her Senior Thesis Aug 2023-May 2024 ● Co-advised an undergraduate student in her senior thesis with Professor Klara Nahrstedt. Our research is centered on real-time detection of actions in 360-degree videos, employing advanced image segmentation models to enhance the precision and efficiency of the detection process. Graduate Teaching Assistant, UIUC Urbana, IL CS107 Data Science Discovery Aug 2023-Dec 2023 ● Lab instructor for a class with over 1000 students where I spearheaded lab sections, delivered lectures on data science concepts, contributed to course content development, including guides for intricate data science topics, and conducted regular office hours to provide additional support and clarification. PROJECTS ●"
aditi_tiwari,aditi_tiwari_Q4,Personal Information,In which city and country is the applicant currently located?,"Urbana, IL, USA",S2_Retrieve_Section,mistralai/Mistral-7B-Instruct-v0.3,"{
  ""predicted_answer"": ""Urbana, IL"",
  ""rationale"": ""The applicant's current position as a Research Assistant at the Coordinated Science Laboratory, UIUC Urbana, IL is mentioned in the CV section."",
  ""confidence_score"": 1.0
}",,,,1.727423906326294,0.00033473968505859375,1.7270891666412354,1088,71,0.0,,,,,,,,E2_QA_Accuracy,"latency of 2-4 seconds, surpassing company benchmarks, and reducing manual input by 85% . Coordinated Science Laboratory, UIUC Urbana, IL Research Assistant (Computer Vision/Machine Learning) Sep 2022-May 2024 ● Curated one of the first action detection datasets of 360-degree firefighting videos and developed a custom annotation script. ● Developed ACT360 , a quantized, latency-efficient action detection model for 360-degree videos , surpassing baseline YOWO with 4% mAP improvement (0.865) while achieving 48ms/frame inference . ● Optimized ACT360 for deployment , implementing NMS, confidence threshold tuning, and quantization-based compression , reducing inference time to 33ms while maintaining 0.850 mAP , enabling real-world firefighter training applications. ● ACT360 made video analysis during firefighter training 95% faster. Model successfully deployed at Illinois State Fire Department to be used during training sessions of firefighters. Indian Institute of Technology (IIT) Delhi, India Machine Learning Research Intern May 2021-Sep 2021 ● Engineered UAV for autonomous object detection and route adaptation, attaining accuracy of 88.21% (matching SOTA). INDUSTRY EXPERIENCE McAfee Inc. Bangalore, India Software Engineer Intern Aug 2021-Dec 2021 ● Optimized HAR file processing automation in McAfee MVision, reducing file processing time by 58% using Python and Bash ● Developed a responsive customer query interface with AngularJS and JavaScript, and enhanced a results dashboard to facilitate faster, data-driven insights, cutting development time by 15%. ● Spearheaded data-driven process improvements by automating SQL-based data extraction, saving 6 person-hours per week. MEDSupervision (Startup) Delhi, India Full Stack Developer Intern Nov 2020-May 2021 ● Integrated real-time video calling into the website using Twilio API, enhancing patient-provider interaction and increasing user engagement by 37% . ● Redesigned the patient portal interface to improve usability, streamlining the experience for medical staff and patients. ● Analyzed and optimized the database by restructuring over 10,000 data entries, achieving a 50% faster data retrieval rate and reducing system load. ● Built a dynamic, centralized admin portal for easier data management and streamlined workflows, increasing operational efficiency and reducing manual input by 20%. QikCircle (Startup) Delhi, India Software Development Engineer Intern Feb 2020-May 2020 ● Developed front-end of website using HTML, CSS, and JavaScript, resulting in 25% increase in user engagement. ● Upgraded backend functionalities using Python/Flask, enabling seamless data retrieval and updates from SQL database. ● Designed user registration system, reducing account creation time by 40% through SQL database optimizations. TEACHING EXPERIENCE Thesis Co-advisor, UIUC Urbana, IL Undergraduate Student for her Senior Thesis Aug 2023-May 2024 ● Co-advised an undergraduate student in her senior thesis with Professor Klara Nahrstedt. Our research is centered on real-time detection of actions in 360-degree videos, employing advanced image segmentation models to enhance the precision and efficiency of the detection process. Graduate Teaching Assistant, UIUC Urbana, IL CS107 Data Science Discovery Aug 2023-Dec 2023 ● Lab instructor for a class with over 1000 students where I spearheaded lab sections, delivered lectures on data science concepts, contributed to course content development, including guides for intricate data science topics, and conducted regular office hours to provide additional support and clarification. PROJECTS ●"
aditi_tiwari,aditi_tiwari_Q5,Personal Information,Did the applicant provide a brief professional summary or career objective?,"Incoming Research Scientist Intern at Adobe, PhD in CS at UIUC, experienced in LLMs, multimodal learning, CV, and AI system optimization.",S2_Retrieve_Section,mistralai/Mistral-7B-Instruct-v0.3,"{
  ""predicted_answer"": ""Not found"",
  ""rationale"": ""The provided CV section does not contain a brief professional summary or career objective."",
  ""confidence_score"": 1.0
}",,,,1.1832776069641113,0.00029754638671875,1.1829800605773926,1089,50,0.0,,,,,,,,E2_QA_Accuracy,"latency of 2-4 seconds, surpassing company benchmarks, and reducing manual input by 85% . Coordinated Science Laboratory, UIUC Urbana, IL Research Assistant (Computer Vision/Machine Learning) Sep 2022-May 2024 ● Curated one of the first action detection datasets of 360-degree firefighting videos and developed a custom annotation script. ● Developed ACT360 , a quantized, latency-efficient action detection model for 360-degree videos , surpassing baseline YOWO with 4% mAP improvement (0.865) while achieving 48ms/frame inference . ● Optimized ACT360 for deployment , implementing NMS, confidence threshold tuning, and quantization-based compression , reducing inference time to 33ms while maintaining 0.850 mAP , enabling real-world firefighter training applications. ● ACT360 made video analysis during firefighter training 95% faster. Model successfully deployed at Illinois State Fire Department to be used during training sessions of firefighters. Indian Institute of Technology (IIT) Delhi, India Machine Learning Research Intern May 2021-Sep 2021 ● Engineered UAV for autonomous object detection and route adaptation, attaining accuracy of 88.21% (matching SOTA). INDUSTRY EXPERIENCE McAfee Inc. Bangalore, India Software Engineer Intern Aug 2021-Dec 2021 ● Optimized HAR file processing automation in McAfee MVision, reducing file processing time by 58% using Python and Bash ● Developed a responsive customer query interface with AngularJS and JavaScript, and enhanced a results dashboard to facilitate faster, data-driven insights, cutting development time by 15%. ● Spearheaded data-driven process improvements by automating SQL-based data extraction, saving 6 person-hours per week. MEDSupervision (Startup) Delhi, India Full Stack Developer Intern Nov 2020-May 2021 ● Integrated real-time video calling into the website using Twilio API, enhancing patient-provider interaction and increasing user engagement by 37% . ● Redesigned the patient portal interface to improve usability, streamlining the experience for medical staff and patients. ● Analyzed and optimized the database by restructuring over 10,000 data entries, achieving a 50% faster data retrieval rate and reducing system load. ● Built a dynamic, centralized admin portal for easier data management and streamlined workflows, increasing operational efficiency and reducing manual input by 20%. QikCircle (Startup) Delhi, India Software Development Engineer Intern Feb 2020-May 2020 ● Developed front-end of website using HTML, CSS, and JavaScript, resulting in 25% increase in user engagement. ● Upgraded backend functionalities using Python/Flask, enabling seamless data retrieval and updates from SQL database. ● Designed user registration system, reducing account creation time by 40% through SQL database optimizations. TEACHING EXPERIENCE Thesis Co-advisor, UIUC Urbana, IL Undergraduate Student for her Senior Thesis Aug 2023-May 2024 ● Co-advised an undergraduate student in her senior thesis with Professor Klara Nahrstedt. Our research is centered on real-time detection of actions in 360-degree videos, employing advanced image segmentation models to enhance the precision and efficiency of the detection process. Graduate Teaching Assistant, UIUC Urbana, IL CS107 Data Science Discovery Aug 2023-Dec 2023 ● Lab instructor for a class with over 1000 students where I spearheaded lab sections, delivered lectures on data science concepts, contributed to course content development, including guides for intricate data science topics, and conducted regular office hours to provide additional support and clarification. PROJECTS ●"
aditi_tiwari,aditi_tiwari_Q6,Education,What is the highest level of education the applicant has completed?,Msc in Computer Science,S2_Retrieve_Section,mistralai/Mistral-7B-Instruct-v0.3,"{
  ""predicted_answer"": ""PhD in Computer Science"",
  ""rationale"": ""The PhD in Computer Science is the highest level of education mentioned in the CV section."",
  ""confidence_score"": 1.0
}",,,,1.441795825958252,0.00033164024353027344,1.4414641857147217,1292,55,0.0,,,,,,,,E2_QA_Accuracy,"A D I T I T I W A R I aditit5@illinois.edu | https://github.com/adititiwari19 | https://www.linkedin.com/in/adititiwari2000 | +1 (347)-968-1293 EDUCATION University of Illinois, Urbana-Champaign (UIUC) Urbana, IL PhD in Computer Science Aug 2024 ● CGPA: 4.0/4.0 | Research Interests: LLM, Efficient Multimodal Learning, Computer Vision, Optimization of AI Systems ● Advisors: Dr. Klara Nahrstedt, Dr Heng Ji ● Collaborators: Dr. Derek Hoiem, Dr. Shenlong Wang University of Illinois, Urbana-Champaign (UIUC) Urbana, IL Master of Science in Computer Science Aug 2022-May 2024 ● CGPA: 3.85/4.0 | Courses : Computer Vision, Computational Photography, Autonomous Vehicle System Engineering, Applied Machine Learning, Applied Parallel Programming ● Thesis : Action Detection in In-Classroom Firefighter Training: A 360-Degree Video Analytics Service ● Advisor: Dr. Klara Nahrstedt Guru Gobind Singh Indraprastha University Delhi, India Bachelor of Technology in Computer Science Aug 2018-Jul 2022 ● CGPA: 9.39/10.0 | Gold medalist | Courses : Data Structures, Database Systems, Operating Systems, Computer Networks PUBLICATION AND POSTER PRESENTATION Under Review: ● MAGNET: Augmenting Generative Decoders with Representation Learning and Infilling Capabilities ● ACT360: Action-Centric Training with 360-Degree Video Analytics for First Responders. ● Balancing Speed and Precision: Comparing Latency and Accuracy Benchmarks in Quantized and Full-Precision LMMs. Peer-Reviewed Journal & Conference Papers: ● ST-360: Spatial–Temporal Filtering-Based Low-Latency 360-Degree Video Analytics Framework (ACM Transactions on Multimedia Computing, Communications and Applications, 2024). ● Latency-Aware 360-Degree Video Analytics Framework for First Responders Situational Awareness (ACM NOSSDAV, 2023). Thesis and Posters: ● Action Detection in In-Classroom Firefighter Training: A 360-Degree Video Analytics Service ( Masters Thesis, UIUC ) ● A Comprehensive Exploration of 360-Degree Video Representations (Multimedia Operating Systems and Networking (MONET) Research Group, 2022 - Poster) ● Transforming Content: A Transformer-Based Approach to Video Summarization ( GN Institute of Technology Undergraduate Research Presentation, 2022 - Poster ) RESEARCH EXPERIENCE Adobe San Jose, CA Incoming Research Scientist Intern May 2025 ● Will work on developing LLM agents and Agentic AI, exploring techniques to enhance autonomy and adaptability in AI-driven workflows. Adobe Remote Research Collaborator - MAGNET Project Dec 2024-Feb 2025 ● Contributed to the development of MAGNET by adapting model training from WikiText to SlimPajama, integrating it with HELM for benchmarking, and optimizing its evaluation on MMLU and other NLP tasks. UIUC Urbana, IL Research Collaborator Jan 2025-Present ● Collaborating with Prof. Derek Hoiem & Prof. Shenlong Wang on feedforward rendering techniques for 3D scene understanding and multimodal vision-language tasks. ● Exploring region-based slot attention for efficient 3D instance segmentation, aiming to improve semantic segmentation and object representation for large-scale scenes. ● Investigating self-supervised learning for scene change detection and 3D instance retrieval, leveraging multi-view geometric consistency and visual-language models to enable scene-aware AI agents. Rivian Automotive Palo Alto, CA Research Intern (Computer Vision) May 2024-Aug2024 ● Designed and coded custom Image Signal Processing (ISP) pipeline from scratch to convert raw sensor data into RGB/YUV formats for human evaluation. Used low-level language to ensure performance efficiency, scalability, and maintainability. ● Implemented core functions like histogram equalization, demosaicing, decompanding, gamma correction, etc. in C/C++, achieving end-to-end"
aditi_tiwari,aditi_tiwari_Q7,Education,Which institutions did the applicant attend?,"University of Illinois Urbana-Champaign (UIUC), Guru Gobind Singh Indraprastha University",S2_Retrieve_Section,mistralai/Mistral-7B-Instruct-v0.3,"{
  ""predicted_answer"": [""University of Illinois, Urbana-Champaign"", ""Guru Gobind Singh Indraprastha University""],
  ""rationale"": ""The applicant attended the University of Illinois, Urbana-Champaign for their PhD and Master's degree, and Guru Gobind Singh Indraprastha University for their Bachelor's degree."",
  ""confidence_score"": 1.0
}",,,,2.3974192142486572,0.00032448768615722656,2.3970947265625,1287,102,0.0,,,,,,,,E2_QA_Accuracy,"A D I T I T I W A R I aditit5@illinois.edu | https://github.com/adititiwari19 | https://www.linkedin.com/in/adititiwari2000 | +1 (347)-968-1293 EDUCATION University of Illinois, Urbana-Champaign (UIUC) Urbana, IL PhD in Computer Science Aug 2024 ● CGPA: 4.0/4.0 | Research Interests: LLM, Efficient Multimodal Learning, Computer Vision, Optimization of AI Systems ● Advisors: Dr. Klara Nahrstedt, Dr Heng Ji ● Collaborators: Dr. Derek Hoiem, Dr. Shenlong Wang University of Illinois, Urbana-Champaign (UIUC) Urbana, IL Master of Science in Computer Science Aug 2022-May 2024 ● CGPA: 3.85/4.0 | Courses : Computer Vision, Computational Photography, Autonomous Vehicle System Engineering, Applied Machine Learning, Applied Parallel Programming ● Thesis : Action Detection in In-Classroom Firefighter Training: A 360-Degree Video Analytics Service ● Advisor: Dr. Klara Nahrstedt Guru Gobind Singh Indraprastha University Delhi, India Bachelor of Technology in Computer Science Aug 2018-Jul 2022 ● CGPA: 9.39/10.0 | Gold medalist | Courses : Data Structures, Database Systems, Operating Systems, Computer Networks PUBLICATION AND POSTER PRESENTATION Under Review: ● MAGNET: Augmenting Generative Decoders with Representation Learning and Infilling Capabilities ● ACT360: Action-Centric Training with 360-Degree Video Analytics for First Responders. ● Balancing Speed and Precision: Comparing Latency and Accuracy Benchmarks in Quantized and Full-Precision LMMs. Peer-Reviewed Journal & Conference Papers: ● ST-360: Spatial–Temporal Filtering-Based Low-Latency 360-Degree Video Analytics Framework (ACM Transactions on Multimedia Computing, Communications and Applications, 2024). ● Latency-Aware 360-Degree Video Analytics Framework for First Responders Situational Awareness (ACM NOSSDAV, 2023). Thesis and Posters: ● Action Detection in In-Classroom Firefighter Training: A 360-Degree Video Analytics Service ( Masters Thesis, UIUC ) ● A Comprehensive Exploration of 360-Degree Video Representations (Multimedia Operating Systems and Networking (MONET) Research Group, 2022 - Poster) ● Transforming Content: A Transformer-Based Approach to Video Summarization ( GN Institute of Technology Undergraduate Research Presentation, 2022 - Poster ) RESEARCH EXPERIENCE Adobe San Jose, CA Incoming Research Scientist Intern May 2025 ● Will work on developing LLM agents and Agentic AI, exploring techniques to enhance autonomy and adaptability in AI-driven workflows. Adobe Remote Research Collaborator - MAGNET Project Dec 2024-Feb 2025 ● Contributed to the development of MAGNET by adapting model training from WikiText to SlimPajama, integrating it with HELM for benchmarking, and optimizing its evaluation on MMLU and other NLP tasks. UIUC Urbana, IL Research Collaborator Jan 2025-Present ● Collaborating with Prof. Derek Hoiem & Prof. Shenlong Wang on feedforward rendering techniques for 3D scene understanding and multimodal vision-language tasks. ● Exploring region-based slot attention for efficient 3D instance segmentation, aiming to improve semantic segmentation and object representation for large-scale scenes. ● Investigating self-supervised learning for scene change detection and 3D instance retrieval, leveraging multi-view geometric consistency and visual-language models to enable scene-aware AI agents. Rivian Automotive Palo Alto, CA Research Intern (Computer Vision) May 2024-Aug2024 ● Designed and coded custom Image Signal Processing (ISP) pipeline from scratch to convert raw sensor data into RGB/YUV formats for human evaluation. Used low-level language to ensure performance efficiency, scalability, and maintainability. ● Implemented core functions like histogram equalization, demosaicing, decompanding, gamma correction, etc. in C/C++, achieving end-to-end"
aditi_tiwari,aditi_tiwari_Q8,Education,What is the applicant's score or GPA for his highest level of education?,"4.0/4.0 (PhD), 3.85/4.0 (MS), 9.39/10.0 (BTech)",S2_Retrieve_Section,mistralai/Mistral-7B-Instruct-v0.3,"{
  ""predicted_answer"": ""4.0/4.0"",
  ""rationale"": ""The applicant's PhD in Computer Science at University of Illinois, Urbana-Champaign has a CGPA of 4.0/4.0."",
  ""confidence_score"": 1.0
}",,,,1.8665482997894287,0.0003247261047363281,1.8662235736846924,1297,76,0.0,,,,,,,,E2_QA_Accuracy,"A D I T I T I W A R I aditit5@illinois.edu | https://github.com/adititiwari19 | https://www.linkedin.com/in/adititiwari2000 | +1 (347)-968-1293 EDUCATION University of Illinois, Urbana-Champaign (UIUC) Urbana, IL PhD in Computer Science Aug 2024 ● CGPA: 4.0/4.0 | Research Interests: LLM, Efficient Multimodal Learning, Computer Vision, Optimization of AI Systems ● Advisors: Dr. Klara Nahrstedt, Dr Heng Ji ● Collaborators: Dr. Derek Hoiem, Dr. Shenlong Wang University of Illinois, Urbana-Champaign (UIUC) Urbana, IL Master of Science in Computer Science Aug 2022-May 2024 ● CGPA: 3.85/4.0 | Courses : Computer Vision, Computational Photography, Autonomous Vehicle System Engineering, Applied Machine Learning, Applied Parallel Programming ● Thesis : Action Detection in In-Classroom Firefighter Training: A 360-Degree Video Analytics Service ● Advisor: Dr. Klara Nahrstedt Guru Gobind Singh Indraprastha University Delhi, India Bachelor of Technology in Computer Science Aug 2018-Jul 2022 ● CGPA: 9.39/10.0 | Gold medalist | Courses : Data Structures, Database Systems, Operating Systems, Computer Networks PUBLICATION AND POSTER PRESENTATION Under Review: ● MAGNET: Augmenting Generative Decoders with Representation Learning and Infilling Capabilities ● ACT360: Action-Centric Training with 360-Degree Video Analytics for First Responders. ● Balancing Speed and Precision: Comparing Latency and Accuracy Benchmarks in Quantized and Full-Precision LMMs. Peer-Reviewed Journal & Conference Papers: ● ST-360: Spatial–Temporal Filtering-Based Low-Latency 360-Degree Video Analytics Framework (ACM Transactions on Multimedia Computing, Communications and Applications, 2024). ● Latency-Aware 360-Degree Video Analytics Framework for First Responders Situational Awareness (ACM NOSSDAV, 2023). Thesis and Posters: ● Action Detection in In-Classroom Firefighter Training: A 360-Degree Video Analytics Service ( Masters Thesis, UIUC ) ● A Comprehensive Exploration of 360-Degree Video Representations (Multimedia Operating Systems and Networking (MONET) Research Group, 2022 - Poster) ● Transforming Content: A Transformer-Based Approach to Video Summarization ( GN Institute of Technology Undergraduate Research Presentation, 2022 - Poster ) RESEARCH EXPERIENCE Adobe San Jose, CA Incoming Research Scientist Intern May 2025 ● Will work on developing LLM agents and Agentic AI, exploring techniques to enhance autonomy and adaptability in AI-driven workflows. Adobe Remote Research Collaborator - MAGNET Project Dec 2024-Feb 2025 ● Contributed to the development of MAGNET by adapting model training from WikiText to SlimPajama, integrating it with HELM for benchmarking, and optimizing its evaluation on MMLU and other NLP tasks. UIUC Urbana, IL Research Collaborator Jan 2025-Present ● Collaborating with Prof. Derek Hoiem & Prof. Shenlong Wang on feedforward rendering techniques for 3D scene understanding and multimodal vision-language tasks. ● Exploring region-based slot attention for efficient 3D instance segmentation, aiming to improve semantic segmentation and object representation for large-scale scenes. ● Investigating self-supervised learning for scene change detection and 3D instance retrieval, leveraging multi-view geometric consistency and visual-language models to enable scene-aware AI agents. Rivian Automotive Palo Alto, CA Research Intern (Computer Vision) May 2024-Aug2024 ● Designed and coded custom Image Signal Processing (ISP) pipeline from scratch to convert raw sensor data into RGB/YUV formats for human evaluation. Used low-level language to ensure performance efficiency, scalability, and maintainability. ● Implemented core functions like histogram equalization, demosaicing, decompanding, gamma correction, etc. in C/C++, achieving end-to-end"
aditi_tiwari,aditi_tiwari_Q9,Education,What was the applicant's field of study or major?,Computer Science,S2_Retrieve_Section,mistralai/Mistral-7B-Instruct-v0.3,"{
  ""predicted_answer"": ""Computer Science"",
  ""rationale"": ""The applicant's field of study is inferred from their degrees and research interests mentioned in the CV section."",
  ""confidence_score"": 1.0
}",,,,2.030545234680176,0.00028824806213378906,2.030256986618042,1292,59,0.0,,,,,,,,E2_QA_Accuracy,"A D I T I T I W A R I aditit5@illinois.edu | https://github.com/adititiwari19 | https://www.linkedin.com/in/adititiwari2000 | +1 (347)-968-1293 EDUCATION University of Illinois, Urbana-Champaign (UIUC) Urbana, IL PhD in Computer Science Aug 2024 ● CGPA: 4.0/4.0 | Research Interests: LLM, Efficient Multimodal Learning, Computer Vision, Optimization of AI Systems ● Advisors: Dr. Klara Nahrstedt, Dr Heng Ji ● Collaborators: Dr. Derek Hoiem, Dr. Shenlong Wang University of Illinois, Urbana-Champaign (UIUC) Urbana, IL Master of Science in Computer Science Aug 2022-May 2024 ● CGPA: 3.85/4.0 | Courses : Computer Vision, Computational Photography, Autonomous Vehicle System Engineering, Applied Machine Learning, Applied Parallel Programming ● Thesis : Action Detection in In-Classroom Firefighter Training: A 360-Degree Video Analytics Service ● Advisor: Dr. Klara Nahrstedt Guru Gobind Singh Indraprastha University Delhi, India Bachelor of Technology in Computer Science Aug 2018-Jul 2022 ● CGPA: 9.39/10.0 | Gold medalist | Courses : Data Structures, Database Systems, Operating Systems, Computer Networks PUBLICATION AND POSTER PRESENTATION Under Review: ● MAGNET: Augmenting Generative Decoders with Representation Learning and Infilling Capabilities ● ACT360: Action-Centric Training with 360-Degree Video Analytics for First Responders. ● Balancing Speed and Precision: Comparing Latency and Accuracy Benchmarks in Quantized and Full-Precision LMMs. Peer-Reviewed Journal & Conference Papers: ● ST-360: Spatial–Temporal Filtering-Based Low-Latency 360-Degree Video Analytics Framework (ACM Transactions on Multimedia Computing, Communications and Applications, 2024). ● Latency-Aware 360-Degree Video Analytics Framework for First Responders Situational Awareness (ACM NOSSDAV, 2023). Thesis and Posters: ● Action Detection in In-Classroom Firefighter Training: A 360-Degree Video Analytics Service ( Masters Thesis, UIUC ) ● A Comprehensive Exploration of 360-Degree Video Representations (Multimedia Operating Systems and Networking (MONET) Research Group, 2022 - Poster) ● Transforming Content: A Transformer-Based Approach to Video Summarization ( GN Institute of Technology Undergraduate Research Presentation, 2022 - Poster ) RESEARCH EXPERIENCE Adobe San Jose, CA Incoming Research Scientist Intern May 2025 ● Will work on developing LLM agents and Agentic AI, exploring techniques to enhance autonomy and adaptability in AI-driven workflows. Adobe Remote Research Collaborator - MAGNET Project Dec 2024-Feb 2025 ● Contributed to the development of MAGNET by adapting model training from WikiText to SlimPajama, integrating it with HELM for benchmarking, and optimizing its evaluation on MMLU and other NLP tasks. UIUC Urbana, IL Research Collaborator Jan 2025-Present ● Collaborating with Prof. Derek Hoiem & Prof. Shenlong Wang on feedforward rendering techniques for 3D scene understanding and multimodal vision-language tasks. ● Exploring region-based slot attention for efficient 3D instance segmentation, aiming to improve semantic segmentation and object representation for large-scale scenes. ● Investigating self-supervised learning for scene change detection and 3D instance retrieval, leveraging multi-view geometric consistency and visual-language models to enable scene-aware AI agents. Rivian Automotive Palo Alto, CA Research Intern (Computer Vision) May 2024-Aug2024 ● Designed and coded custom Image Signal Processing (ISP) pipeline from scratch to convert raw sensor data into RGB/YUV formats for human evaluation. Used low-level language to ensure performance efficiency, scalability, and maintainability. ● Implemented core functions like histogram equalization, demosaicing, decompanding, gamma correction, etc. in C/C++, achieving end-to-end"
aditi_tiwari,aditi_tiwari_Q10,Professional Experience,What is the name of the applicant's current (or most recent) employer?,Rivian Automotive and University of Illinois Urbana-Champaign (UIUC),S2_Retrieve_Section,mistralai/Mistral-7B-Instruct-v0.3,"{
  ""predicted_answer"": ""Coordinated Science Laboratory, UIUC Urbana, IL"",
  ""rationale"": ""The applicant's most recent employer is mentioned in the CV section as Coordinated Science Laboratory, UIUC Urbana, IL."",
  ""confidence_score"": 1.0
}",,,,2.474581241607666,0.0003190040588378906,2.474262237548828,1094,75,0.0,,,,,,,,E2_QA_Accuracy,"latency of 2-4 seconds, surpassing company benchmarks, and reducing manual input by 85% . Coordinated Science Laboratory, UIUC Urbana, IL Research Assistant (Computer Vision/Machine Learning) Sep 2022-May 2024 ● Curated one of the first action detection datasets of 360-degree firefighting videos and developed a custom annotation script. ● Developed ACT360 , a quantized, latency-efficient action detection model for 360-degree videos , surpassing baseline YOWO with 4% mAP improvement (0.865) while achieving 48ms/frame inference . ● Optimized ACT360 for deployment , implementing NMS, confidence threshold tuning, and quantization-based compression , reducing inference time to 33ms while maintaining 0.850 mAP , enabling real-world firefighter training applications. ● ACT360 made video analysis during firefighter training 95% faster. Model successfully deployed at Illinois State Fire Department to be used during training sessions of firefighters. Indian Institute of Technology (IIT) Delhi, India Machine Learning Research Intern May 2021-Sep 2021 ● Engineered UAV for autonomous object detection and route adaptation, attaining accuracy of 88.21% (matching SOTA). INDUSTRY EXPERIENCE McAfee Inc. Bangalore, India Software Engineer Intern Aug 2021-Dec 2021 ● Optimized HAR file processing automation in McAfee MVision, reducing file processing time by 58% using Python and Bash ● Developed a responsive customer query interface with AngularJS and JavaScript, and enhanced a results dashboard to facilitate faster, data-driven insights, cutting development time by 15%. ● Spearheaded data-driven process improvements by automating SQL-based data extraction, saving 6 person-hours per week. MEDSupervision (Startup) Delhi, India Full Stack Developer Intern Nov 2020-May 2021 ● Integrated real-time video calling into the website using Twilio API, enhancing patient-provider interaction and increasing user engagement by 37% . ● Redesigned the patient portal interface to improve usability, streamlining the experience for medical staff and patients. ● Analyzed and optimized the database by restructuring over 10,000 data entries, achieving a 50% faster data retrieval rate and reducing system load. ● Built a dynamic, centralized admin portal for easier data management and streamlined workflows, increasing operational efficiency and reducing manual input by 20%. QikCircle (Startup) Delhi, India Software Development Engineer Intern Feb 2020-May 2020 ● Developed front-end of website using HTML, CSS, and JavaScript, resulting in 25% increase in user engagement. ● Upgraded backend functionalities using Python/Flask, enabling seamless data retrieval and updates from SQL database. ● Designed user registration system, reducing account creation time by 40% through SQL database optimizations. TEACHING EXPERIENCE Thesis Co-advisor, UIUC Urbana, IL Undergraduate Student for her Senior Thesis Aug 2023-May 2024 ● Co-advised an undergraduate student in her senior thesis with Professor Klara Nahrstedt. Our research is centered on real-time detection of actions in 360-degree videos, employing advanced image segmentation models to enhance the precision and efficiency of the detection process. Graduate Teaching Assistant, UIUC Urbana, IL CS107 Data Science Discovery Aug 2023-Dec 2023 ● Lab instructor for a class with over 1000 students where I spearheaded lab sections, delivered lectures on data science concepts, contributed to course content development, including guides for intricate data science topics, and conducted regular office hours to provide additional support and clarification. PROJECTS ●"
aditi_tiwari,aditi_tiwari_Q11,Professional Experience,What is the applicant's job title in the most recent role?,Research Intern (Computer Vision) at Rivian; Research Collaborator at UIUC,S2_Retrieve_Section,mistralai/Mistral-7B-Instruct-v0.3,"{
  ""predicted_answer"": ""Research Assistant"",
  ""rationale"": ""The job title is mentioned as 'Research Assistant' in the relevant section."",
  ""confidence_score"": 1.0
}",,,,1.7501702308654785,0.0003936290740966797,1.7497766017913818,1091,52,0.0,,,,,,,,E2_QA_Accuracy,"latency of 2-4 seconds, surpassing company benchmarks, and reducing manual input by 85% . Coordinated Science Laboratory, UIUC Urbana, IL Research Assistant (Computer Vision/Machine Learning) Sep 2022-May 2024 ● Curated one of the first action detection datasets of 360-degree firefighting videos and developed a custom annotation script. ● Developed ACT360 , a quantized, latency-efficient action detection model for 360-degree videos , surpassing baseline YOWO with 4% mAP improvement (0.865) while achieving 48ms/frame inference . ● Optimized ACT360 for deployment , implementing NMS, confidence threshold tuning, and quantization-based compression , reducing inference time to 33ms while maintaining 0.850 mAP , enabling real-world firefighter training applications. ● ACT360 made video analysis during firefighter training 95% faster. Model successfully deployed at Illinois State Fire Department to be used during training sessions of firefighters. Indian Institute of Technology (IIT) Delhi, India Machine Learning Research Intern May 2021-Sep 2021 ● Engineered UAV for autonomous object detection and route adaptation, attaining accuracy of 88.21% (matching SOTA). INDUSTRY EXPERIENCE McAfee Inc. Bangalore, India Software Engineer Intern Aug 2021-Dec 2021 ● Optimized HAR file processing automation in McAfee MVision, reducing file processing time by 58% using Python and Bash ● Developed a responsive customer query interface with AngularJS and JavaScript, and enhanced a results dashboard to facilitate faster, data-driven insights, cutting development time by 15%. ● Spearheaded data-driven process improvements by automating SQL-based data extraction, saving 6 person-hours per week. MEDSupervision (Startup) Delhi, India Full Stack Developer Intern Nov 2020-May 2021 ● Integrated real-time video calling into the website using Twilio API, enhancing patient-provider interaction and increasing user engagement by 37% . ● Redesigned the patient portal interface to improve usability, streamlining the experience for medical staff and patients. ● Analyzed and optimized the database by restructuring over 10,000 data entries, achieving a 50% faster data retrieval rate and reducing system load. ● Built a dynamic, centralized admin portal for easier data management and streamlined workflows, increasing operational efficiency and reducing manual input by 20%. QikCircle (Startup) Delhi, India Software Development Engineer Intern Feb 2020-May 2020 ● Developed front-end of website using HTML, CSS, and JavaScript, resulting in 25% increase in user engagement. ● Upgraded backend functionalities using Python/Flask, enabling seamless data retrieval and updates from SQL database. ● Designed user registration system, reducing account creation time by 40% through SQL database optimizations. TEACHING EXPERIENCE Thesis Co-advisor, UIUC Urbana, IL Undergraduate Student for her Senior Thesis Aug 2023-May 2024 ● Co-advised an undergraduate student in her senior thesis with Professor Klara Nahrstedt. Our research is centered on real-time detection of actions in 360-degree videos, employing advanced image segmentation models to enhance the precision and efficiency of the detection process. Graduate Teaching Assistant, UIUC Urbana, IL CS107 Data Science Discovery Aug 2023-Dec 2023 ● Lab instructor for a class with over 1000 students where I spearheaded lab sections, delivered lectures on data science concepts, contributed to course content development, including guides for intricate data science topics, and conducted regular office hours to provide additional support and clarification. PROJECTS ●"
aditi_tiwari,aditi_tiwari_Q12,Professional Experience,How many years of experience does the applicant have?,Over 4 years of combined experience through multiple internships and academic roles,S2_Retrieve_Section,mistralai/Mistral-7B-Instruct-v0.3,"{
  ""predicted_answer"": ""4"",
  ""rationale"": ""The applicant has 4 years of experience as per the Bachelor's degree completion year in 2022 and the expected PhD completion year in 2024."",
  ""confidence_score"": 1.0
}",,,,2.3788976669311523,0.0006227493286132812,2.378274917602539,1290,71,0.0,,,,,,,,E2_QA_Accuracy,"A D I T I T I W A R I aditit5@illinois.edu | https://github.com/adititiwari19 | https://www.linkedin.com/in/adititiwari2000 | +1 (347)-968-1293 EDUCATION University of Illinois, Urbana-Champaign (UIUC) Urbana, IL PhD in Computer Science Aug 2024 ● CGPA: 4.0/4.0 | Research Interests: LLM, Efficient Multimodal Learning, Computer Vision, Optimization of AI Systems ● Advisors: Dr. Klara Nahrstedt, Dr Heng Ji ● Collaborators: Dr. Derek Hoiem, Dr. Shenlong Wang University of Illinois, Urbana-Champaign (UIUC) Urbana, IL Master of Science in Computer Science Aug 2022-May 2024 ● CGPA: 3.85/4.0 | Courses : Computer Vision, Computational Photography, Autonomous Vehicle System Engineering, Applied Machine Learning, Applied Parallel Programming ● Thesis : Action Detection in In-Classroom Firefighter Training: A 360-Degree Video Analytics Service ● Advisor: Dr. Klara Nahrstedt Guru Gobind Singh Indraprastha University Delhi, India Bachelor of Technology in Computer Science Aug 2018-Jul 2022 ● CGPA: 9.39/10.0 | Gold medalist | Courses : Data Structures, Database Systems, Operating Systems, Computer Networks PUBLICATION AND POSTER PRESENTATION Under Review: ● MAGNET: Augmenting Generative Decoders with Representation Learning and Infilling Capabilities ● ACT360: Action-Centric Training with 360-Degree Video Analytics for First Responders. ● Balancing Speed and Precision: Comparing Latency and Accuracy Benchmarks in Quantized and Full-Precision LMMs. Peer-Reviewed Journal & Conference Papers: ● ST-360: Spatial–Temporal Filtering-Based Low-Latency 360-Degree Video Analytics Framework (ACM Transactions on Multimedia Computing, Communications and Applications, 2024). ● Latency-Aware 360-Degree Video Analytics Framework for First Responders Situational Awareness (ACM NOSSDAV, 2023). Thesis and Posters: ● Action Detection in In-Classroom Firefighter Training: A 360-Degree Video Analytics Service ( Masters Thesis, UIUC ) ● A Comprehensive Exploration of 360-Degree Video Representations (Multimedia Operating Systems and Networking (MONET) Research Group, 2022 - Poster) ● Transforming Content: A Transformer-Based Approach to Video Summarization ( GN Institute of Technology Undergraduate Research Presentation, 2022 - Poster ) RESEARCH EXPERIENCE Adobe San Jose, CA Incoming Research Scientist Intern May 2025 ● Will work on developing LLM agents and Agentic AI, exploring techniques to enhance autonomy and adaptability in AI-driven workflows. Adobe Remote Research Collaborator - MAGNET Project Dec 2024-Feb 2025 ● Contributed to the development of MAGNET by adapting model training from WikiText to SlimPajama, integrating it with HELM for benchmarking, and optimizing its evaluation on MMLU and other NLP tasks. UIUC Urbana, IL Research Collaborator Jan 2025-Present ● Collaborating with Prof. Derek Hoiem & Prof. Shenlong Wang on feedforward rendering techniques for 3D scene understanding and multimodal vision-language tasks. ● Exploring region-based slot attention for efficient 3D instance segmentation, aiming to improve semantic segmentation and object representation for large-scale scenes. ● Investigating self-supervised learning for scene change detection and 3D instance retrieval, leveraging multi-view geometric consistency and visual-language models to enable scene-aware AI agents. Rivian Automotive Palo Alto, CA Research Intern (Computer Vision) May 2024-Aug2024 ● Designed and coded custom Image Signal Processing (ISP) pipeline from scratch to convert raw sensor data into RGB/YUV formats for human evaluation. Used low-level language to ensure performance efficiency, scalability, and maintainability. ● Implemented core functions like histogram equalization, demosaicing, decompanding, gamma correction, etc. in C/C++, achieving end-to-end"
aditi_tiwari,aditi_tiwari_Q13,Professional Experience,What leadership position did the applicant hold?,"Founder and President of NSS, GNIT, GGSIPU; Chapter Lead at Anita.Org; Head of Sports Society",S2_Retrieve_Section,mistralai/Mistral-7B-Instruct-v0.3,"{
  ""predicted_answer"": ""Not found"",
  ""rationale"": ""The provided CV section does not mention any leadership position."",
  ""confidence_score"": 1.0
}",,,,1.4696402549743652,0.0003159046173095703,1.4693243503570557,1288,46,0.0,,,,,,,,E2_QA_Accuracy,"A D I T I T I W A R I aditit5@illinois.edu | https://github.com/adititiwari19 | https://www.linkedin.com/in/adititiwari2000 | +1 (347)-968-1293 EDUCATION University of Illinois, Urbana-Champaign (UIUC) Urbana, IL PhD in Computer Science Aug 2024 ● CGPA: 4.0/4.0 | Research Interests: LLM, Efficient Multimodal Learning, Computer Vision, Optimization of AI Systems ● Advisors: Dr. Klara Nahrstedt, Dr Heng Ji ● Collaborators: Dr. Derek Hoiem, Dr. Shenlong Wang University of Illinois, Urbana-Champaign (UIUC) Urbana, IL Master of Science in Computer Science Aug 2022-May 2024 ● CGPA: 3.85/4.0 | Courses : Computer Vision, Computational Photography, Autonomous Vehicle System Engineering, Applied Machine Learning, Applied Parallel Programming ● Thesis : Action Detection in In-Classroom Firefighter Training: A 360-Degree Video Analytics Service ● Advisor: Dr. Klara Nahrstedt Guru Gobind Singh Indraprastha University Delhi, India Bachelor of Technology in Computer Science Aug 2018-Jul 2022 ● CGPA: 9.39/10.0 | Gold medalist | Courses : Data Structures, Database Systems, Operating Systems, Computer Networks PUBLICATION AND POSTER PRESENTATION Under Review: ● MAGNET: Augmenting Generative Decoders with Representation Learning and Infilling Capabilities ● ACT360: Action-Centric Training with 360-Degree Video Analytics for First Responders. ● Balancing Speed and Precision: Comparing Latency and Accuracy Benchmarks in Quantized and Full-Precision LMMs. Peer-Reviewed Journal & Conference Papers: ● ST-360: Spatial–Temporal Filtering-Based Low-Latency 360-Degree Video Analytics Framework (ACM Transactions on Multimedia Computing, Communications and Applications, 2024). ● Latency-Aware 360-Degree Video Analytics Framework for First Responders Situational Awareness (ACM NOSSDAV, 2023). Thesis and Posters: ● Action Detection in In-Classroom Firefighter Training: A 360-Degree Video Analytics Service ( Masters Thesis, UIUC ) ● A Comprehensive Exploration of 360-Degree Video Representations (Multimedia Operating Systems and Networking (MONET) Research Group, 2022 - Poster) ● Transforming Content: A Transformer-Based Approach to Video Summarization ( GN Institute of Technology Undergraduate Research Presentation, 2022 - Poster ) RESEARCH EXPERIENCE Adobe San Jose, CA Incoming Research Scientist Intern May 2025 ● Will work on developing LLM agents and Agentic AI, exploring techniques to enhance autonomy and adaptability in AI-driven workflows. Adobe Remote Research Collaborator - MAGNET Project Dec 2024-Feb 2025 ● Contributed to the development of MAGNET by adapting model training from WikiText to SlimPajama, integrating it with HELM for benchmarking, and optimizing its evaluation on MMLU and other NLP tasks. UIUC Urbana, IL Research Collaborator Jan 2025-Present ● Collaborating with Prof. Derek Hoiem & Prof. Shenlong Wang on feedforward rendering techniques for 3D scene understanding and multimodal vision-language tasks. ● Exploring region-based slot attention for efficient 3D instance segmentation, aiming to improve semantic segmentation and object representation for large-scale scenes. ● Investigating self-supervised learning for scene change detection and 3D instance retrieval, leveraging multi-view geometric consistency and visual-language models to enable scene-aware AI agents. Rivian Automotive Palo Alto, CA Research Intern (Computer Vision) May 2024-Aug2024 ● Designed and coded custom Image Signal Processing (ISP) pipeline from scratch to convert raw sensor data into RGB/YUV formats for human evaluation. Used low-level language to ensure performance efficiency, scalability, and maintainability. ● Implemented core functions like histogram equalization, demosaicing, decompanding, gamma correction, etc. in C/C++, achieving end-to-end"
aditi_tiwari,aditi_tiwari_Q14,Professional Experience,Could the applicant briefly describe their key responsibilities in previous roles?,"Developed and optimized computer vision models (ACT360), led research collaborations, created efficient AI pipelines for real-world deployment, and supervised student research.",S2_Retrieve_Section,mistralai/Mistral-7B-Instruct-v0.3,"{
  ""predicted_answer"": ""The applicant has not been assigned any key responsibilities in the provided section."",
  ""rationale"": ""The provided section does not contain any information about the applicant's key responsibilities in previous roles."",
  ""confidence_score"": 1.0
}",,,,1.6441707611083984,0.00028133392333984375,1.6438894271850586,1293,69,0.0,,,,,,,,E2_QA_Accuracy,"A D I T I T I W A R I aditit5@illinois.edu | https://github.com/adititiwari19 | https://www.linkedin.com/in/adititiwari2000 | +1 (347)-968-1293 EDUCATION University of Illinois, Urbana-Champaign (UIUC) Urbana, IL PhD in Computer Science Aug 2024 ● CGPA: 4.0/4.0 | Research Interests: LLM, Efficient Multimodal Learning, Computer Vision, Optimization of AI Systems ● Advisors: Dr. Klara Nahrstedt, Dr Heng Ji ● Collaborators: Dr. Derek Hoiem, Dr. Shenlong Wang University of Illinois, Urbana-Champaign (UIUC) Urbana, IL Master of Science in Computer Science Aug 2022-May 2024 ● CGPA: 3.85/4.0 | Courses : Computer Vision, Computational Photography, Autonomous Vehicle System Engineering, Applied Machine Learning, Applied Parallel Programming ● Thesis : Action Detection in In-Classroom Firefighter Training: A 360-Degree Video Analytics Service ● Advisor: Dr. Klara Nahrstedt Guru Gobind Singh Indraprastha University Delhi, India Bachelor of Technology in Computer Science Aug 2018-Jul 2022 ● CGPA: 9.39/10.0 | Gold medalist | Courses : Data Structures, Database Systems, Operating Systems, Computer Networks PUBLICATION AND POSTER PRESENTATION Under Review: ● MAGNET: Augmenting Generative Decoders with Representation Learning and Infilling Capabilities ● ACT360: Action-Centric Training with 360-Degree Video Analytics for First Responders. ● Balancing Speed and Precision: Comparing Latency and Accuracy Benchmarks in Quantized and Full-Precision LMMs. Peer-Reviewed Journal & Conference Papers: ● ST-360: Spatial–Temporal Filtering-Based Low-Latency 360-Degree Video Analytics Framework (ACM Transactions on Multimedia Computing, Communications and Applications, 2024). ● Latency-Aware 360-Degree Video Analytics Framework for First Responders Situational Awareness (ACM NOSSDAV, 2023). Thesis and Posters: ● Action Detection in In-Classroom Firefighter Training: A 360-Degree Video Analytics Service ( Masters Thesis, UIUC ) ● A Comprehensive Exploration of 360-Degree Video Representations (Multimedia Operating Systems and Networking (MONET) Research Group, 2022 - Poster) ● Transforming Content: A Transformer-Based Approach to Video Summarization ( GN Institute of Technology Undergraduate Research Presentation, 2022 - Poster ) RESEARCH EXPERIENCE Adobe San Jose, CA Incoming Research Scientist Intern May 2025 ● Will work on developing LLM agents and Agentic AI, exploring techniques to enhance autonomy and adaptability in AI-driven workflows. Adobe Remote Research Collaborator - MAGNET Project Dec 2024-Feb 2025 ● Contributed to the development of MAGNET by adapting model training from WikiText to SlimPajama, integrating it with HELM for benchmarking, and optimizing its evaluation on MMLU and other NLP tasks. UIUC Urbana, IL Research Collaborator Jan 2025-Present ● Collaborating with Prof. Derek Hoiem & Prof. Shenlong Wang on feedforward rendering techniques for 3D scene understanding and multimodal vision-language tasks. ● Exploring region-based slot attention for efficient 3D instance segmentation, aiming to improve semantic segmentation and object representation for large-scale scenes. ● Investigating self-supervised learning for scene change detection and 3D instance retrieval, leveraging multi-view geometric consistency and visual-language models to enable scene-aware AI agents. Rivian Automotive Palo Alto, CA Research Intern (Computer Vision) May 2024-Aug2024 ● Designed and coded custom Image Signal Processing (ISP) pipeline from scratch to convert raw sensor data into RGB/YUV formats for human evaluation. Used low-level language to ensure performance efficiency, scalability, and maintainability. ● Implemented core functions like histogram equalization, demosaicing, decompanding, gamma correction, etc. in C/C++, achieving end-to-end"
aditi_tiwari,aditi_tiwari_Q15,Professional Experience,Has the applicant worked in more than one job or organization?,Yes,S2_Retrieve_Section,mistralai/Mistral-7B-Instruct-v0.3,"{
  ""predicted_answer"": ""Yes"",
  ""rationale"": ""The applicant has worked in two organizations: Coordinated Science Laboratory, UIUC Urbana, IL and Indian Institute of Technology (IIT) Delhi, India."",
  ""confidence_score"": 1.0
}",,,,1.5957188606262207,0.00034928321838378906,1.595369577407837,1089,69,0.0,,,,,,,,E2_QA_Accuracy,"latency of 2-4 seconds, surpassing company benchmarks, and reducing manual input by 85% . Coordinated Science Laboratory, UIUC Urbana, IL Research Assistant (Computer Vision/Machine Learning) Sep 2022-May 2024 ● Curated one of the first action detection datasets of 360-degree firefighting videos and developed a custom annotation script. ● Developed ACT360 , a quantized, latency-efficient action detection model for 360-degree videos , surpassing baseline YOWO with 4% mAP improvement (0.865) while achieving 48ms/frame inference . ● Optimized ACT360 for deployment , implementing NMS, confidence threshold tuning, and quantization-based compression , reducing inference time to 33ms while maintaining 0.850 mAP , enabling real-world firefighter training applications. ● ACT360 made video analysis during firefighter training 95% faster. Model successfully deployed at Illinois State Fire Department to be used during training sessions of firefighters. Indian Institute of Technology (IIT) Delhi, India Machine Learning Research Intern May 2021-Sep 2021 ● Engineered UAV for autonomous object detection and route adaptation, attaining accuracy of 88.21% (matching SOTA). INDUSTRY EXPERIENCE McAfee Inc. Bangalore, India Software Engineer Intern Aug 2021-Dec 2021 ● Optimized HAR file processing automation in McAfee MVision, reducing file processing time by 58% using Python and Bash ● Developed a responsive customer query interface with AngularJS and JavaScript, and enhanced a results dashboard to facilitate faster, data-driven insights, cutting development time by 15%. ● Spearheaded data-driven process improvements by automating SQL-based data extraction, saving 6 person-hours per week. MEDSupervision (Startup) Delhi, India Full Stack Developer Intern Nov 2020-May 2021 ● Integrated real-time video calling into the website using Twilio API, enhancing patient-provider interaction and increasing user engagement by 37% . ● Redesigned the patient portal interface to improve usability, streamlining the experience for medical staff and patients. ● Analyzed and optimized the database by restructuring over 10,000 data entries, achieving a 50% faster data retrieval rate and reducing system load. ● Built a dynamic, centralized admin portal for easier data management and streamlined workflows, increasing operational efficiency and reducing manual input by 20%. QikCircle (Startup) Delhi, India Software Development Engineer Intern Feb 2020-May 2020 ● Developed front-end of website using HTML, CSS, and JavaScript, resulting in 25% increase in user engagement. ● Upgraded backend functionalities using Python/Flask, enabling seamless data retrieval and updates from SQL database. ● Designed user registration system, reducing account creation time by 40% through SQL database optimizations. TEACHING EXPERIENCE Thesis Co-advisor, UIUC Urbana, IL Undergraduate Student for her Senior Thesis Aug 2023-May 2024 ● Co-advised an undergraduate student in her senior thesis with Professor Klara Nahrstedt. Our research is centered on real-time detection of actions in 360-degree videos, employing advanced image segmentation models to enhance the precision and efficiency of the detection process. Graduate Teaching Assistant, UIUC Urbana, IL CS107 Data Science Discovery Aug 2023-Dec 2023 ● Lab instructor for a class with over 1000 students where I spearheaded lab sections, delivered lectures on data science concepts, contributed to course content development, including guides for intricate data science topics, and conducted regular office hours to provide additional support and clarification. PROJECTS ●"
aditi_tiwari,aditi_tiwari_Q16,Professional Experience,What were the applicant's major accomplishments?,ACT360 deployment at Illinois State Fire Department; Best Poster Award; Silver Medalist; Autonomous UAV; ISP pipeline performance gains at Rivian,S2_Retrieve_Section,mistralai/Mistral-7B-Instruct-v0.3,"{
  ""predicted_answer"": [""PhD Candidate in Computer Science at University of Illinois, Urbana-Champaign (CGPA: 4.0/4.0), Master of Science in Computer Science (CGPA: 3.85/4.0), Research Collaborator at UIUC, Adobe, and Rivian Automotive""],
  ""rationale"": [""The applicant is a PhD candidate with a CGPA of 4.0/4.0 at the University of Illinois, Urbana-Champaign. They also have a Master's",,,,2.9150147438049316,0.0002789497375488281,2.914735794067383,1290,129,0.0,,,,,,,,E2_QA_Accuracy,"A D I T I T I W A R I aditit5@illinois.edu | https://github.com/adititiwari19 | https://www.linkedin.com/in/adititiwari2000 | +1 (347)-968-1293 EDUCATION University of Illinois, Urbana-Champaign (UIUC) Urbana, IL PhD in Computer Science Aug 2024 ● CGPA: 4.0/4.0 | Research Interests: LLM, Efficient Multimodal Learning, Computer Vision, Optimization of AI Systems ● Advisors: Dr. Klara Nahrstedt, Dr Heng Ji ● Collaborators: Dr. Derek Hoiem, Dr. Shenlong Wang University of Illinois, Urbana-Champaign (UIUC) Urbana, IL Master of Science in Computer Science Aug 2022-May 2024 ● CGPA: 3.85/4.0 | Courses : Computer Vision, Computational Photography, Autonomous Vehicle System Engineering, Applied Machine Learning, Applied Parallel Programming ● Thesis : Action Detection in In-Classroom Firefighter Training: A 360-Degree Video Analytics Service ● Advisor: Dr. Klara Nahrstedt Guru Gobind Singh Indraprastha University Delhi, India Bachelor of Technology in Computer Science Aug 2018-Jul 2022 ● CGPA: 9.39/10.0 | Gold medalist | Courses : Data Structures, Database Systems, Operating Systems, Computer Networks PUBLICATION AND POSTER PRESENTATION Under Review: ● MAGNET: Augmenting Generative Decoders with Representation Learning and Infilling Capabilities ● ACT360: Action-Centric Training with 360-Degree Video Analytics for First Responders. ● Balancing Speed and Precision: Comparing Latency and Accuracy Benchmarks in Quantized and Full-Precision LMMs. Peer-Reviewed Journal & Conference Papers: ● ST-360: Spatial–Temporal Filtering-Based Low-Latency 360-Degree Video Analytics Framework (ACM Transactions on Multimedia Computing, Communications and Applications, 2024). ● Latency-Aware 360-Degree Video Analytics Framework for First Responders Situational Awareness (ACM NOSSDAV, 2023). Thesis and Posters: ● Action Detection in In-Classroom Firefighter Training: A 360-Degree Video Analytics Service ( Masters Thesis, UIUC ) ● A Comprehensive Exploration of 360-Degree Video Representations (Multimedia Operating Systems and Networking (MONET) Research Group, 2022 - Poster) ● Transforming Content: A Transformer-Based Approach to Video Summarization ( GN Institute of Technology Undergraduate Research Presentation, 2022 - Poster ) RESEARCH EXPERIENCE Adobe San Jose, CA Incoming Research Scientist Intern May 2025 ● Will work on developing LLM agents and Agentic AI, exploring techniques to enhance autonomy and adaptability in AI-driven workflows. Adobe Remote Research Collaborator - MAGNET Project Dec 2024-Feb 2025 ● Contributed to the development of MAGNET by adapting model training from WikiText to SlimPajama, integrating it with HELM for benchmarking, and optimizing its evaluation on MMLU and other NLP tasks. UIUC Urbana, IL Research Collaborator Jan 2025-Present ● Collaborating with Prof. Derek Hoiem & Prof. Shenlong Wang on feedforward rendering techniques for 3D scene understanding and multimodal vision-language tasks. ● Exploring region-based slot attention for efficient 3D instance segmentation, aiming to improve semantic segmentation and object representation for large-scale scenes. ● Investigating self-supervised learning for scene change detection and 3D instance retrieval, leveraging multi-view geometric consistency and visual-language models to enable scene-aware AI agents. Rivian Automotive Palo Alto, CA Research Intern (Computer Vision) May 2024-Aug2024 ● Designed and coded custom Image Signal Processing (ISP) pipeline from scratch to convert raw sensor data into RGB/YUV formats for human evaluation. Used low-level language to ensure performance efficiency, scalability, and maintainability. ● Implemented core functions like histogram equalization, demosaicing, decompanding, gamma correction, etc. in C/C++, achieving end-to-end"
aditi_tiwari,aditi_tiwari_Q17,Professional Experience,What key metric did they improve?,95% faster video analysis for firefighter training; 4% mAP improvement over baseline; 85% reduction in manual processing effort for ISP pipeline,S2_Retrieve_Section,mistralai/Mistral-7B-Instruct-v0.3,"{
  ""predicted_answer"": ""Not found"",
  ""rationale"": ""The provided CV section does not mention any specific key metric that was improved."",
  ""confidence_score"": 1.0
}",,,,1.3218932151794434,0.0002906322479248047,1.3216025829315186,1286,50,0.0,,,,,,,,E2_QA_Accuracy,"A D I T I T I W A R I aditit5@illinois.edu | https://github.com/adititiwari19 | https://www.linkedin.com/in/adititiwari2000 | +1 (347)-968-1293 EDUCATION University of Illinois, Urbana-Champaign (UIUC) Urbana, IL PhD in Computer Science Aug 2024 ● CGPA: 4.0/4.0 | Research Interests: LLM, Efficient Multimodal Learning, Computer Vision, Optimization of AI Systems ● Advisors: Dr. Klara Nahrstedt, Dr Heng Ji ● Collaborators: Dr. Derek Hoiem, Dr. Shenlong Wang University of Illinois, Urbana-Champaign (UIUC) Urbana, IL Master of Science in Computer Science Aug 2022-May 2024 ● CGPA: 3.85/4.0 | Courses : Computer Vision, Computational Photography, Autonomous Vehicle System Engineering, Applied Machine Learning, Applied Parallel Programming ● Thesis : Action Detection in In-Classroom Firefighter Training: A 360-Degree Video Analytics Service ● Advisor: Dr. Klara Nahrstedt Guru Gobind Singh Indraprastha University Delhi, India Bachelor of Technology in Computer Science Aug 2018-Jul 2022 ● CGPA: 9.39/10.0 | Gold medalist | Courses : Data Structures, Database Systems, Operating Systems, Computer Networks PUBLICATION AND POSTER PRESENTATION Under Review: ● MAGNET: Augmenting Generative Decoders with Representation Learning and Infilling Capabilities ● ACT360: Action-Centric Training with 360-Degree Video Analytics for First Responders. ● Balancing Speed and Precision: Comparing Latency and Accuracy Benchmarks in Quantized and Full-Precision LMMs. Peer-Reviewed Journal & Conference Papers: ● ST-360: Spatial–Temporal Filtering-Based Low-Latency 360-Degree Video Analytics Framework (ACM Transactions on Multimedia Computing, Communications and Applications, 2024). ● Latency-Aware 360-Degree Video Analytics Framework for First Responders Situational Awareness (ACM NOSSDAV, 2023). Thesis and Posters: ● Action Detection in In-Classroom Firefighter Training: A 360-Degree Video Analytics Service ( Masters Thesis, UIUC ) ● A Comprehensive Exploration of 360-Degree Video Representations (Multimedia Operating Systems and Networking (MONET) Research Group, 2022 - Poster) ● Transforming Content: A Transformer-Based Approach to Video Summarization ( GN Institute of Technology Undergraduate Research Presentation, 2022 - Poster ) RESEARCH EXPERIENCE Adobe San Jose, CA Incoming Research Scientist Intern May 2025 ● Will work on developing LLM agents and Agentic AI, exploring techniques to enhance autonomy and adaptability in AI-driven workflows. Adobe Remote Research Collaborator - MAGNET Project Dec 2024-Feb 2025 ● Contributed to the development of MAGNET by adapting model training from WikiText to SlimPajama, integrating it with HELM for benchmarking, and optimizing its evaluation on MMLU and other NLP tasks. UIUC Urbana, IL Research Collaborator Jan 2025-Present ● Collaborating with Prof. Derek Hoiem & Prof. Shenlong Wang on feedforward rendering techniques for 3D scene understanding and multimodal vision-language tasks. ● Exploring region-based slot attention for efficient 3D instance segmentation, aiming to improve semantic segmentation and object representation for large-scale scenes. ● Investigating self-supervised learning for scene change detection and 3D instance retrieval, leveraging multi-view geometric consistency and visual-language models to enable scene-aware AI agents. Rivian Automotive Palo Alto, CA Research Intern (Computer Vision) May 2024-Aug2024 ● Designed and coded custom Image Signal Processing (ISP) pipeline from scratch to convert raw sensor data into RGB/YUV formats for human evaluation. Used low-level language to ensure performance efficiency, scalability, and maintainability. ● Implemented core functions like histogram equalization, demosaicing, decompanding, gamma correction, etc. in C/C++, achieving end-to-end"
aditi_tiwari,aditi_tiwari_Q18,Research and Projects,What is the name of a key project the applicant has worked on?,"ACT360, MAGNET, ISP pipeline, Text2Face Generator, Quantization of Multimodal Models, Depth Estimation, Sentiment Analysis",S2_Retrieve_Section,mistralai/Mistral-7B-Instruct-v0.3,"{
  ""predicted_answer"": ""ACT360"",
  ""rationale"": ""The project name is mentioned as 'ACT360' in the CV section."",
  ""confidence_score"": 1.0
}",,,,1.263427734375,0.00028634071350097656,1.263141393661499,1091,54,0.0,,,,,,,,E2_QA_Accuracy,"latency of 2-4 seconds, surpassing company benchmarks, and reducing manual input by 85% . Coordinated Science Laboratory, UIUC Urbana, IL Research Assistant (Computer Vision/Machine Learning) Sep 2022-May 2024 ● Curated one of the first action detection datasets of 360-degree firefighting videos and developed a custom annotation script. ● Developed ACT360 , a quantized, latency-efficient action detection model for 360-degree videos , surpassing baseline YOWO with 4% mAP improvement (0.865) while achieving 48ms/frame inference . ● Optimized ACT360 for deployment , implementing NMS, confidence threshold tuning, and quantization-based compression , reducing inference time to 33ms while maintaining 0.850 mAP , enabling real-world firefighter training applications. ● ACT360 made video analysis during firefighter training 95% faster. Model successfully deployed at Illinois State Fire Department to be used during training sessions of firefighters. Indian Institute of Technology (IIT) Delhi, India Machine Learning Research Intern May 2021-Sep 2021 ● Engineered UAV for autonomous object detection and route adaptation, attaining accuracy of 88.21% (matching SOTA). INDUSTRY EXPERIENCE McAfee Inc. Bangalore, India Software Engineer Intern Aug 2021-Dec 2021 ● Optimized HAR file processing automation in McAfee MVision, reducing file processing time by 58% using Python and Bash ● Developed a responsive customer query interface with AngularJS and JavaScript, and enhanced a results dashboard to facilitate faster, data-driven insights, cutting development time by 15%. ● Spearheaded data-driven process improvements by automating SQL-based data extraction, saving 6 person-hours per week. MEDSupervision (Startup) Delhi, India Full Stack Developer Intern Nov 2020-May 2021 ● Integrated real-time video calling into the website using Twilio API, enhancing patient-provider interaction and increasing user engagement by 37% . ● Redesigned the patient portal interface to improve usability, streamlining the experience for medical staff and patients. ● Analyzed and optimized the database by restructuring over 10,000 data entries, achieving a 50% faster data retrieval rate and reducing system load. ● Built a dynamic, centralized admin portal for easier data management and streamlined workflows, increasing operational efficiency and reducing manual input by 20%. QikCircle (Startup) Delhi, India Software Development Engineer Intern Feb 2020-May 2020 ● Developed front-end of website using HTML, CSS, and JavaScript, resulting in 25% increase in user engagement. ● Upgraded backend functionalities using Python/Flask, enabling seamless data retrieval and updates from SQL database. ● Designed user registration system, reducing account creation time by 40% through SQL database optimizations. TEACHING EXPERIENCE Thesis Co-advisor, UIUC Urbana, IL Undergraduate Student for her Senior Thesis Aug 2023-May 2024 ● Co-advised an undergraduate student in her senior thesis with Professor Klara Nahrstedt. Our research is centered on real-time detection of actions in 360-degree videos, employing advanced image segmentation models to enhance the precision and efficiency of the detection process. Graduate Teaching Assistant, UIUC Urbana, IL CS107 Data Science Discovery Aug 2023-Dec 2023 ● Lab instructor for a class with over 1000 students where I spearheaded lab sections, delivered lectures on data science concepts, contributed to course content development, including guides for intricate data science topics, and conducted regular office hours to provide additional support and clarification. PROJECTS ●"
aditi_tiwari,aditi_tiwari_Q19,Research and Projects,Which tools or technologies did the applicant use in their projects?,"Python, C++, Java, PyTorch, TensorFlow, ReactJS, Flask, SQL, Docker, Jenkins, AngularJS, AWS, MATLAB, CUDA",S2_Retrieve_Section,mistralai/Mistral-7B-Instruct-v0.3,"{
  ""predicted_answer"": [""Python"", ""Bash"", ""AngularJS"", ""JavaScript"", ""Twilio API"", ""HTML"", ""CSS"", ""SQL"", ""Flask""],
  ""rationale"": ""Python and Bash were used in the McAfee project for optimizing HAR file processing automation. AngularJS and JavaScript were used in the McAfee project for developing a responsive customer query interface. Twilio API was used in the MEDSupervision project for integrating real-time video calling. HTML, CSS, and JavaScript were used in the Q",,,,2.960561990737915,0.0002837181091308594,2.960278272628784,1089,129,0.0,,,,,,,,E2_QA_Accuracy,"latency of 2-4 seconds, surpassing company benchmarks, and reducing manual input by 85% . Coordinated Science Laboratory, UIUC Urbana, IL Research Assistant (Computer Vision/Machine Learning) Sep 2022-May 2024 ● Curated one of the first action detection datasets of 360-degree firefighting videos and developed a custom annotation script. ● Developed ACT360 , a quantized, latency-efficient action detection model for 360-degree videos , surpassing baseline YOWO with 4% mAP improvement (0.865) while achieving 48ms/frame inference . ● Optimized ACT360 for deployment , implementing NMS, confidence threshold tuning, and quantization-based compression , reducing inference time to 33ms while maintaining 0.850 mAP , enabling real-world firefighter training applications. ● ACT360 made video analysis during firefighter training 95% faster. Model successfully deployed at Illinois State Fire Department to be used during training sessions of firefighters. Indian Institute of Technology (IIT) Delhi, India Machine Learning Research Intern May 2021-Sep 2021 ● Engineered UAV for autonomous object detection and route adaptation, attaining accuracy of 88.21% (matching SOTA). INDUSTRY EXPERIENCE McAfee Inc. Bangalore, India Software Engineer Intern Aug 2021-Dec 2021 ● Optimized HAR file processing automation in McAfee MVision, reducing file processing time by 58% using Python and Bash ● Developed a responsive customer query interface with AngularJS and JavaScript, and enhanced a results dashboard to facilitate faster, data-driven insights, cutting development time by 15%. ● Spearheaded data-driven process improvements by automating SQL-based data extraction, saving 6 person-hours per week. MEDSupervision (Startup) Delhi, India Full Stack Developer Intern Nov 2020-May 2021 ● Integrated real-time video calling into the website using Twilio API, enhancing patient-provider interaction and increasing user engagement by 37% . ● Redesigned the patient portal interface to improve usability, streamlining the experience for medical staff and patients. ● Analyzed and optimized the database by restructuring over 10,000 data entries, achieving a 50% faster data retrieval rate and reducing system load. ● Built a dynamic, centralized admin portal for easier data management and streamlined workflows, increasing operational efficiency and reducing manual input by 20%. QikCircle (Startup) Delhi, India Software Development Engineer Intern Feb 2020-May 2020 ● Developed front-end of website using HTML, CSS, and JavaScript, resulting in 25% increase in user engagement. ● Upgraded backend functionalities using Python/Flask, enabling seamless data retrieval and updates from SQL database. ● Designed user registration system, reducing account creation time by 40% through SQL database optimizations. TEACHING EXPERIENCE Thesis Co-advisor, UIUC Urbana, IL Undergraduate Student for her Senior Thesis Aug 2023-May 2024 ● Co-advised an undergraduate student in her senior thesis with Professor Klara Nahrstedt. Our research is centered on real-time detection of actions in 360-degree videos, employing advanced image segmentation models to enhance the precision and efficiency of the detection process. Graduate Teaching Assistant, UIUC Urbana, IL CS107 Data Science Discovery Aug 2023-Dec 2023 ● Lab instructor for a class with over 1000 students where I spearheaded lab sections, delivered lectures on data science concepts, contributed to course content development, including guides for intricate data science topics, and conducted regular office hours to provide additional support and clarification. PROJECTS ●"
aditi_tiwari,aditi_tiwari_Q20,Research and Projects,Did any project have a specific budget or numeric goal?,"Yes, examples include time reduction (e.g. 33ms inference, 85% manual input reduction, 6 person-hours/week saved)",S2_Retrieve_Section,mistralai/Mistral-7B-Instruct-v0.3,"{
  ""predicted_answer"": ""Not found"",
  ""rationale"": ""The provided CV section does not contain any information about specific budgets or numeric goals for any projects."",
  ""confidence_score"": 1.0
}",,,,1.3463420867919922,0.0002880096435546875,1.3460540771484375,1291,56,0.0,,,,,,,,E2_QA_Accuracy,"A D I T I T I W A R I aditit5@illinois.edu | https://github.com/adititiwari19 | https://www.linkedin.com/in/adititiwari2000 | +1 (347)-968-1293 EDUCATION University of Illinois, Urbana-Champaign (UIUC) Urbana, IL PhD in Computer Science Aug 2024 ● CGPA: 4.0/4.0 | Research Interests: LLM, Efficient Multimodal Learning, Computer Vision, Optimization of AI Systems ● Advisors: Dr. Klara Nahrstedt, Dr Heng Ji ● Collaborators: Dr. Derek Hoiem, Dr. Shenlong Wang University of Illinois, Urbana-Champaign (UIUC) Urbana, IL Master of Science in Computer Science Aug 2022-May 2024 ● CGPA: 3.85/4.0 | Courses : Computer Vision, Computational Photography, Autonomous Vehicle System Engineering, Applied Machine Learning, Applied Parallel Programming ● Thesis : Action Detection in In-Classroom Firefighter Training: A 360-Degree Video Analytics Service ● Advisor: Dr. Klara Nahrstedt Guru Gobind Singh Indraprastha University Delhi, India Bachelor of Technology in Computer Science Aug 2018-Jul 2022 ● CGPA: 9.39/10.0 | Gold medalist | Courses : Data Structures, Database Systems, Operating Systems, Computer Networks PUBLICATION AND POSTER PRESENTATION Under Review: ● MAGNET: Augmenting Generative Decoders with Representation Learning and Infilling Capabilities ● ACT360: Action-Centric Training with 360-Degree Video Analytics for First Responders. ● Balancing Speed and Precision: Comparing Latency and Accuracy Benchmarks in Quantized and Full-Precision LMMs. Peer-Reviewed Journal & Conference Papers: ● ST-360: Spatial–Temporal Filtering-Based Low-Latency 360-Degree Video Analytics Framework (ACM Transactions on Multimedia Computing, Communications and Applications, 2024). ● Latency-Aware 360-Degree Video Analytics Framework for First Responders Situational Awareness (ACM NOSSDAV, 2023). Thesis and Posters: ● Action Detection in In-Classroom Firefighter Training: A 360-Degree Video Analytics Service ( Masters Thesis, UIUC ) ● A Comprehensive Exploration of 360-Degree Video Representations (Multimedia Operating Systems and Networking (MONET) Research Group, 2022 - Poster) ● Transforming Content: A Transformer-Based Approach to Video Summarization ( GN Institute of Technology Undergraduate Research Presentation, 2022 - Poster ) RESEARCH EXPERIENCE Adobe San Jose, CA Incoming Research Scientist Intern May 2025 ● Will work on developing LLM agents and Agentic AI, exploring techniques to enhance autonomy and adaptability in AI-driven workflows. Adobe Remote Research Collaborator - MAGNET Project Dec 2024-Feb 2025 ● Contributed to the development of MAGNET by adapting model training from WikiText to SlimPajama, integrating it with HELM for benchmarking, and optimizing its evaluation on MMLU and other NLP tasks. UIUC Urbana, IL Research Collaborator Jan 2025-Present ● Collaborating with Prof. Derek Hoiem & Prof. Shenlong Wang on feedforward rendering techniques for 3D scene understanding and multimodal vision-language tasks. ● Exploring region-based slot attention for efficient 3D instance segmentation, aiming to improve semantic segmentation and object representation for large-scale scenes. ● Investigating self-supervised learning for scene change detection and 3D instance retrieval, leveraging multi-view geometric consistency and visual-language models to enable scene-aware AI agents. Rivian Automotive Palo Alto, CA Research Intern (Computer Vision) May 2024-Aug2024 ● Designed and coded custom Image Signal Processing (ISP) pipeline from scratch to convert raw sensor data into RGB/YUV formats for human evaluation. Used low-level language to ensure performance efficiency, scalability, and maintainability. ● Implemented core functions like histogram equalization, demosaicing, decompanding, gamma correction, etc. in C/C++, achieving end-to-end"
aditi_tiwari,aditi_tiwari_Q21,Research and Projects,What were the main objectives of the applicant's projects?,"Optimize 360-degree video analysis, enhance real-time object/action detection, enable deployment in training scenarios",S2_Retrieve_Section,mistralai/Mistral-7B-Instruct-v0.3,"{
  ""predicted_answer"": [""Improve the latency and efficiency of action detection models, reduce manual input, and optimize models for real-world applications.""],
  ""rationale"": [""The applicant developed a latency-efficient action detection model (ACT360) for 360-degree videos, reducing inference time and increasing efficiency (Coordinated Science Laboratory, UIUC Urbana, IL Research Assistant). They also optimized ACT360 for deployment, implementing various techniques to reduce inference time and manual input (Coordinated Science Laboratory, UIUC U",,,,2.8793866634368896,0.00032019615173339844,2.8790664672851562,1089,129,0.0,,,,,,,,E2_QA_Accuracy,"latency of 2-4 seconds, surpassing company benchmarks, and reducing manual input by 85% . Coordinated Science Laboratory, UIUC Urbana, IL Research Assistant (Computer Vision/Machine Learning) Sep 2022-May 2024 ● Curated one of the first action detection datasets of 360-degree firefighting videos and developed a custom annotation script. ● Developed ACT360 , a quantized, latency-efficient action detection model for 360-degree videos , surpassing baseline YOWO with 4% mAP improvement (0.865) while achieving 48ms/frame inference . ● Optimized ACT360 for deployment , implementing NMS, confidence threshold tuning, and quantization-based compression , reducing inference time to 33ms while maintaining 0.850 mAP , enabling real-world firefighter training applications. ● ACT360 made video analysis during firefighter training 95% faster. Model successfully deployed at Illinois State Fire Department to be used during training sessions of firefighters. Indian Institute of Technology (IIT) Delhi, India Machine Learning Research Intern May 2021-Sep 2021 ● Engineered UAV for autonomous object detection and route adaptation, attaining accuracy of 88.21% (matching SOTA). INDUSTRY EXPERIENCE McAfee Inc. Bangalore, India Software Engineer Intern Aug 2021-Dec 2021 ● Optimized HAR file processing automation in McAfee MVision, reducing file processing time by 58% using Python and Bash ● Developed a responsive customer query interface with AngularJS and JavaScript, and enhanced a results dashboard to facilitate faster, data-driven insights, cutting development time by 15%. ● Spearheaded data-driven process improvements by automating SQL-based data extraction, saving 6 person-hours per week. MEDSupervision (Startup) Delhi, India Full Stack Developer Intern Nov 2020-May 2021 ● Integrated real-time video calling into the website using Twilio API, enhancing patient-provider interaction and increasing user engagement by 37% . ● Redesigned the patient portal interface to improve usability, streamlining the experience for medical staff and patients. ● Analyzed and optimized the database by restructuring over 10,000 data entries, achieving a 50% faster data retrieval rate and reducing system load. ● Built a dynamic, centralized admin portal for easier data management and streamlined workflows, increasing operational efficiency and reducing manual input by 20%. QikCircle (Startup) Delhi, India Software Development Engineer Intern Feb 2020-May 2020 ● Developed front-end of website using HTML, CSS, and JavaScript, resulting in 25% increase in user engagement. ● Upgraded backend functionalities using Python/Flask, enabling seamless data retrieval and updates from SQL database. ● Designed user registration system, reducing account creation time by 40% through SQL database optimizations. TEACHING EXPERIENCE Thesis Co-advisor, UIUC Urbana, IL Undergraduate Student for her Senior Thesis Aug 2023-May 2024 ● Co-advised an undergraduate student in her senior thesis with Professor Klara Nahrstedt. Our research is centered on real-time detection of actions in 360-degree videos, employing advanced image segmentation models to enhance the precision and efficiency of the detection process. Graduate Teaching Assistant, UIUC Urbana, IL CS107 Data Science Discovery Aug 2023-Dec 2023 ● Lab instructor for a class with over 1000 students where I spearheaded lab sections, delivered lectures on data science concepts, contributed to course content development, including guides for intricate data science topics, and conducted regular office hours to provide additional support and clarification. PROJECTS ●"
aditi_tiwari,aditi_tiwari_Q22,Research and Projects,What are the applicant s publications?,"ST-360 (ACM TOMM 2024), Latency-Aware 360-Degree Video Analytics Framework (ACM NOSSDAV 2023); has papers under review (MAGNET, ACT360, Balancing Speed and Precision)",S2_Retrieve_Section,mistralai/Mistral-7B-Instruct-v0.3,"{
  ""predicted_answer"": ""Not found"",
  ""rationale"": ""The provided CV section does not contain any information about the applicant's publications."",
  ""confidence_score"": 1.0
}",,,,1.31013822555542,0.0002875328063964844,1.3098506927490234,1084,52,0.0,,,,,,,,E2_QA_Accuracy,"latency of 2-4 seconds, surpassing company benchmarks, and reducing manual input by 85% . Coordinated Science Laboratory, UIUC Urbana, IL Research Assistant (Computer Vision/Machine Learning) Sep 2022-May 2024 ● Curated one of the first action detection datasets of 360-degree firefighting videos and developed a custom annotation script. ● Developed ACT360 , a quantized, latency-efficient action detection model for 360-degree videos , surpassing baseline YOWO with 4% mAP improvement (0.865) while achieving 48ms/frame inference . ● Optimized ACT360 for deployment , implementing NMS, confidence threshold tuning, and quantization-based compression , reducing inference time to 33ms while maintaining 0.850 mAP , enabling real-world firefighter training applications. ● ACT360 made video analysis during firefighter training 95% faster. Model successfully deployed at Illinois State Fire Department to be used during training sessions of firefighters. Indian Institute of Technology (IIT) Delhi, India Machine Learning Research Intern May 2021-Sep 2021 ● Engineered UAV for autonomous object detection and route adaptation, attaining accuracy of 88.21% (matching SOTA). INDUSTRY EXPERIENCE McAfee Inc. Bangalore, India Software Engineer Intern Aug 2021-Dec 2021 ● Optimized HAR file processing automation in McAfee MVision, reducing file processing time by 58% using Python and Bash ● Developed a responsive customer query interface with AngularJS and JavaScript, and enhanced a results dashboard to facilitate faster, data-driven insights, cutting development time by 15%. ● Spearheaded data-driven process improvements by automating SQL-based data extraction, saving 6 person-hours per week. MEDSupervision (Startup) Delhi, India Full Stack Developer Intern Nov 2020-May 2021 ● Integrated real-time video calling into the website using Twilio API, enhancing patient-provider interaction and increasing user engagement by 37% . ● Redesigned the patient portal interface to improve usability, streamlining the experience for medical staff and patients. ● Analyzed and optimized the database by restructuring over 10,000 data entries, achieving a 50% faster data retrieval rate and reducing system load. ● Built a dynamic, centralized admin portal for easier data management and streamlined workflows, increasing operational efficiency and reducing manual input by 20%. QikCircle (Startup) Delhi, India Software Development Engineer Intern Feb 2020-May 2020 ● Developed front-end of website using HTML, CSS, and JavaScript, resulting in 25% increase in user engagement. ● Upgraded backend functionalities using Python/Flask, enabling seamless data retrieval and updates from SQL database. ● Designed user registration system, reducing account creation time by 40% through SQL database optimizations. TEACHING EXPERIENCE Thesis Co-advisor, UIUC Urbana, IL Undergraduate Student for her Senior Thesis Aug 2023-May 2024 ● Co-advised an undergraduate student in her senior thesis with Professor Klara Nahrstedt. Our research is centered on real-time detection of actions in 360-degree videos, employing advanced image segmentation models to enhance the precision and efficiency of the detection process. Graduate Teaching Assistant, UIUC Urbana, IL CS107 Data Science Discovery Aug 2023-Dec 2023 ● Lab instructor for a class with over 1000 students where I spearheaded lab sections, delivered lectures on data science concepts, contributed to course content development, including guides for intricate data science topics, and conducted regular office hours to provide additional support and clarification. PROJECTS ●"
aditi_tiwari,aditi_tiwari_Q23,Research and Projects,Did the applicant outline the approach or methodology they used?,"Yes, described use of quantization, confidence threshold tuning, benchmarking (HELM), and training on SlimPajama/WikiText",S2_Retrieve_Section,mistralai/Mistral-7B-Instruct-v0.3,"{
  ""predicted_answer"": ""Yes"",
  ""rationale"": ""The applicant has outlined the approach or methodology for several projects, such as MAGNET, ST-360, Latency-Aware 360-Degree Video Analytics Framework, and Action Detection in In-Classroom Firefighter Training. For example, in MAGNET, they adapted model training from WikiText to SlimPajama, integrated it with HELM for benchmarking, and optimized its evaluation on MMLU and other NLP tasks."",",,,,2.9295730590820312,0.0003230571746826172,2.9292500019073486,1292,129,0.0,,,,,,,,E2_QA_Accuracy,"A D I T I T I W A R I aditit5@illinois.edu | https://github.com/adititiwari19 | https://www.linkedin.com/in/adititiwari2000 | +1 (347)-968-1293 EDUCATION University of Illinois, Urbana-Champaign (UIUC) Urbana, IL PhD in Computer Science Aug 2024 ● CGPA: 4.0/4.0 | Research Interests: LLM, Efficient Multimodal Learning, Computer Vision, Optimization of AI Systems ● Advisors: Dr. Klara Nahrstedt, Dr Heng Ji ● Collaborators: Dr. Derek Hoiem, Dr. Shenlong Wang University of Illinois, Urbana-Champaign (UIUC) Urbana, IL Master of Science in Computer Science Aug 2022-May 2024 ● CGPA: 3.85/4.0 | Courses : Computer Vision, Computational Photography, Autonomous Vehicle System Engineering, Applied Machine Learning, Applied Parallel Programming ● Thesis : Action Detection in In-Classroom Firefighter Training: A 360-Degree Video Analytics Service ● Advisor: Dr. Klara Nahrstedt Guru Gobind Singh Indraprastha University Delhi, India Bachelor of Technology in Computer Science Aug 2018-Jul 2022 ● CGPA: 9.39/10.0 | Gold medalist | Courses : Data Structures, Database Systems, Operating Systems, Computer Networks PUBLICATION AND POSTER PRESENTATION Under Review: ● MAGNET: Augmenting Generative Decoders with Representation Learning and Infilling Capabilities ● ACT360: Action-Centric Training with 360-Degree Video Analytics for First Responders. ● Balancing Speed and Precision: Comparing Latency and Accuracy Benchmarks in Quantized and Full-Precision LMMs. Peer-Reviewed Journal & Conference Papers: ● ST-360: Spatial–Temporal Filtering-Based Low-Latency 360-Degree Video Analytics Framework (ACM Transactions on Multimedia Computing, Communications and Applications, 2024). ● Latency-Aware 360-Degree Video Analytics Framework for First Responders Situational Awareness (ACM NOSSDAV, 2023). Thesis and Posters: ● Action Detection in In-Classroom Firefighter Training: A 360-Degree Video Analytics Service ( Masters Thesis, UIUC ) ● A Comprehensive Exploration of 360-Degree Video Representations (Multimedia Operating Systems and Networking (MONET) Research Group, 2022 - Poster) ● Transforming Content: A Transformer-Based Approach to Video Summarization ( GN Institute of Technology Undergraduate Research Presentation, 2022 - Poster ) RESEARCH EXPERIENCE Adobe San Jose, CA Incoming Research Scientist Intern May 2025 ● Will work on developing LLM agents and Agentic AI, exploring techniques to enhance autonomy and adaptability in AI-driven workflows. Adobe Remote Research Collaborator - MAGNET Project Dec 2024-Feb 2025 ● Contributed to the development of MAGNET by adapting model training from WikiText to SlimPajama, integrating it with HELM for benchmarking, and optimizing its evaluation on MMLU and other NLP tasks. UIUC Urbana, IL Research Collaborator Jan 2025-Present ● Collaborating with Prof. Derek Hoiem & Prof. Shenlong Wang on feedforward rendering techniques for 3D scene understanding and multimodal vision-language tasks. ● Exploring region-based slot attention for efficient 3D instance segmentation, aiming to improve semantic segmentation and object representation for large-scale scenes. ● Investigating self-supervised learning for scene change detection and 3D instance retrieval, leveraging multi-view geometric consistency and visual-language models to enable scene-aware AI agents. Rivian Automotive Palo Alto, CA Research Intern (Computer Vision) May 2024-Aug2024 ● Designed and coded custom Image Signal Processing (ISP) pipeline from scratch to convert raw sensor data into RGB/YUV formats for human evaluation. Used low-level language to ensure performance efficiency, scalability, and maintainability. ● Implemented core functions like histogram equalization, demosaicing, decompanding, gamma correction, etc. in C/C++, achieving end-to-end"
aditi_tiwari,aditi_tiwari_Q24,Research and Projects,What are the applicant's research areas?,"LLMs, Multimodal Learning, Video Analytics, Scene Understanding, Computer Vision",S2_Retrieve_Section,mistralai/Mistral-7B-Instruct-v0.3,"{
  ""predicted_answer"": [""Computer Vision"", ""Machine Learning""],
  ""rationale"": [""The applicant developed a computer vision model (ACT360) and curated a dataset for action detection in 360-degree videos."", ""The applicant also worked as a Machine Learning Research Intern.""],
  ""confidence_score"": 1.0
}",,,,2.0036182403564453,0.0002880096435546875,2.0033302307128906,1086,85,0.0,,,,,,,,E2_QA_Accuracy,"latency of 2-4 seconds, surpassing company benchmarks, and reducing manual input by 85% . Coordinated Science Laboratory, UIUC Urbana, IL Research Assistant (Computer Vision/Machine Learning) Sep 2022-May 2024 ● Curated one of the first action detection datasets of 360-degree firefighting videos and developed a custom annotation script. ● Developed ACT360 , a quantized, latency-efficient action detection model for 360-degree videos , surpassing baseline YOWO with 4% mAP improvement (0.865) while achieving 48ms/frame inference . ● Optimized ACT360 for deployment , implementing NMS, confidence threshold tuning, and quantization-based compression , reducing inference time to 33ms while maintaining 0.850 mAP , enabling real-world firefighter training applications. ● ACT360 made video analysis during firefighter training 95% faster. Model successfully deployed at Illinois State Fire Department to be used during training sessions of firefighters. Indian Institute of Technology (IIT) Delhi, India Machine Learning Research Intern May 2021-Sep 2021 ● Engineered UAV for autonomous object detection and route adaptation, attaining accuracy of 88.21% (matching SOTA). INDUSTRY EXPERIENCE McAfee Inc. Bangalore, India Software Engineer Intern Aug 2021-Dec 2021 ● Optimized HAR file processing automation in McAfee MVision, reducing file processing time by 58% using Python and Bash ● Developed a responsive customer query interface with AngularJS and JavaScript, and enhanced a results dashboard to facilitate faster, data-driven insights, cutting development time by 15%. ● Spearheaded data-driven process improvements by automating SQL-based data extraction, saving 6 person-hours per week. MEDSupervision (Startup) Delhi, India Full Stack Developer Intern Nov 2020-May 2021 ● Integrated real-time video calling into the website using Twilio API, enhancing patient-provider interaction and increasing user engagement by 37% . ● Redesigned the patient portal interface to improve usability, streamlining the experience for medical staff and patients. ● Analyzed and optimized the database by restructuring over 10,000 data entries, achieving a 50% faster data retrieval rate and reducing system load. ● Built a dynamic, centralized admin portal for easier data management and streamlined workflows, increasing operational efficiency and reducing manual input by 20%. QikCircle (Startup) Delhi, India Software Development Engineer Intern Feb 2020-May 2020 ● Developed front-end of website using HTML, CSS, and JavaScript, resulting in 25% increase in user engagement. ● Upgraded backend functionalities using Python/Flask, enabling seamless data retrieval and updates from SQL database. ● Designed user registration system, reducing account creation time by 40% through SQL database optimizations. TEACHING EXPERIENCE Thesis Co-advisor, UIUC Urbana, IL Undergraduate Student for her Senior Thesis Aug 2023-May 2024 ● Co-advised an undergraduate student in her senior thesis with Professor Klara Nahrstedt. Our research is centered on real-time detection of actions in 360-degree videos, employing advanced image segmentation models to enhance the precision and efficiency of the detection process. Graduate Teaching Assistant, UIUC Urbana, IL CS107 Data Science Discovery Aug 2023-Dec 2023 ● Lab instructor for a class with over 1000 students where I spearheaded lab sections, delivered lectures on data science concepts, contributed to course content development, including guides for intricate data science topics, and conducted regular office hours to provide additional support and clarification. PROJECTS ●"
aditi_tiwari,aditi_tiwari_Q25,Skills,What are the applicant s key soft skills?,"Leadership, collaboration, communication, mentoring, project management, adaptability",S2_Retrieve_Section,mistralai/Mistral-7B-Instruct-v0.3,"{
  ""predicted_answer"": [""Teamwork"", ""Leadership"", ""Creativity"", ""Problem-solving"", ""Adaptability""],
  ""rationale"": [""The applicant created a collaborative image annotation tool (Interactive Image Annotation Tool) which enhances annotation efficiency through real-time collaboration and version control, indicating teamwork. As the founder and president of NSS, GNIT, GGSIPU, and head of the sports society of GNIT, the applicant demonstrates leadership. The Text2Face Generator, Sentimental Analysis in Twitter Data",,,,2.8183889389038086,0.00031876564025878906,2.81807017326355,929,129,0.0,,,,,,,,E2_QA_Accuracy,"Quantization of Multimodal Models for Edge Devices: Optimizing GLaMM for efficient image captioning on mobile devices by reducing latency and memory footprint while preserving accuracy (in progress). ● Interactive Image Annotation Tool: Created a collaborative image annotation tool using React and Flask, enhancing annotation efficiency by 30% through real-time collaboration and version control. ● Text2Face Generator: Developed lifelike facial images using generative models and NLP, employing skip-thought vectors for text encoding and DC-GAN/CVAE for image generation. ● Sentimental Analysis in Twitter Data: Achieved accuracy of 79% in identifying potential depression indicators in tweets. ● Automated Testing and Deployment Pipeline: Implemented an end-to-end automated testing and deployment pipeline using Jenkins and Docker, ensuring smooth application deployment and reducing post-deployment issues by 40%. ● Hand Tracking and Gesture Recognition for Automated VFX: Programmed model to generate real-time VFX effects using gesture recognition/tracking and depth estimation. ● JPMorgan Chase Virtual Software Engineer Intern (Forage): Built interface with live stock price data feed, leveraging financial data and Python, resulting in streamlined data analysis for traders. Utilized Git for version control and basic programming principles to ensure data accuracy and efficiency. ● Depth Estimation using Multi-Focused Images: Developed a depth estimation model utilizing a dataset of 30 self-curated multi-focused images to predict depth information from varying focal perspectives accurately. SKILLS ● Python, C/C++, Java, Go, PyTorch, TensorFlow, JupyterLab/Colab Wandb, Scikit Learn, TensorFlow, NumPy, SQL, R, Bash, LATEX, TypeScript, HTML, CSS, JavaScript, ReactJS, AngularJS, MATLAB, Simulink, Selenium, CUDA, AWS (S3) VOLUNTEER WORK AND AWARDS ● Best Poster Award at GN Institute of Technology Undergraduate Research Presentation Competition 2022 ● Awarded silver medal at my undergraduate university for attaining the second rank out of a cohort of 400 students. 2022 ● Competitive Fellowship Award for Research (Undergraduate) 2022 ● Chapter lead at Anita.Org 2021 ● Campus Representative for GNIT at GGSIPU 2021-2022 ● Women International Network’s Brand Ambassador of National Digital Literacy Mission, Govt. of India 2021 ● C++ Mentor at GirlScript Foundation, Uplift Project 2019-2020 ● Member of Women Who Code, Delhi 2019 - Present ● Founder and President of NSS, GNIT, GGSIPU. 2019 ● Head of the sports society of GNIT, GGSIPU. 2018 ● Board member, Women International Network, a non-profit organization based in Delhi 2018 - Present ● Internshala Student Partner for GGSIPU 2019-2020 ● Third in Robotryst Championship and qualified for Nationals, IIT-Delhi 2016"
aditi_tiwari,aditi_tiwari_Q26,Skills,"Are there any certifications, licenses, or trainings listed by the applicant?","Yes – Competitive Fellowship, Certifications via internships, mentorship at GirlScript, teaching roles",S2_Retrieve_Section,mistralai/Mistral-7B-Instruct-v0.3,"{
  ""predicted_answer"": ""Not found"",
  ""rationale"": ""The provided CV section does not list any certifications, licenses, or trainings."",
  ""confidence_score"": 1.0
}",,,,1.3035368919372559,0.0002892017364501953,1.3032476902008057,936,52,0.0,,,,,,,,E2_QA_Accuracy,"Quantization of Multimodal Models for Edge Devices: Optimizing GLaMM for efficient image captioning on mobile devices by reducing latency and memory footprint while preserving accuracy (in progress). ● Interactive Image Annotation Tool: Created a collaborative image annotation tool using React and Flask, enhancing annotation efficiency by 30% through real-time collaboration and version control. ● Text2Face Generator: Developed lifelike facial images using generative models and NLP, employing skip-thought vectors for text encoding and DC-GAN/CVAE for image generation. ● Sentimental Analysis in Twitter Data: Achieved accuracy of 79% in identifying potential depression indicators in tweets. ● Automated Testing and Deployment Pipeline: Implemented an end-to-end automated testing and deployment pipeline using Jenkins and Docker, ensuring smooth application deployment and reducing post-deployment issues by 40%. ● Hand Tracking and Gesture Recognition for Automated VFX: Programmed model to generate real-time VFX effects using gesture recognition/tracking and depth estimation. ● JPMorgan Chase Virtual Software Engineer Intern (Forage): Built interface with live stock price data feed, leveraging financial data and Python, resulting in streamlined data analysis for traders. Utilized Git for version control and basic programming principles to ensure data accuracy and efficiency. ● Depth Estimation using Multi-Focused Images: Developed a depth estimation model utilizing a dataset of 30 self-curated multi-focused images to predict depth information from varying focal perspectives accurately. SKILLS ● Python, C/C++, Java, Go, PyTorch, TensorFlow, JupyterLab/Colab Wandb, Scikit Learn, TensorFlow, NumPy, SQL, R, Bash, LATEX, TypeScript, HTML, CSS, JavaScript, ReactJS, AngularJS, MATLAB, Simulink, Selenium, CUDA, AWS (S3) VOLUNTEER WORK AND AWARDS ● Best Poster Award at GN Institute of Technology Undergraduate Research Presentation Competition 2022 ● Awarded silver medal at my undergraduate university for attaining the second rank out of a cohort of 400 students. 2022 ● Competitive Fellowship Award for Research (Undergraduate) 2022 ● Chapter lead at Anita.Org 2021 ● Campus Representative for GNIT at GGSIPU 2021-2022 ● Women International Network’s Brand Ambassador of National Digital Literacy Mission, Govt. of India 2021 ● C++ Mentor at GirlScript Foundation, Uplift Project 2019-2020 ● Member of Women Who Code, Delhi 2019 - Present ● Founder and President of NSS, GNIT, GGSIPU. 2019 ● Head of the sports society of GNIT, GGSIPU. 2018 ● Board member, Women International Network, a non-profit organization based in Delhi 2018 - Present ● Internshala Student Partner for GGSIPU 2019-2020 ● Third in Robotryst Championship and qualified for Nationals, IIT-Delhi 2016"
aditi_tiwari,aditi_tiwari_Q27,Skills,Did the applicant describe a situation where they applied one of their key skills effectively?,Yes – optimization of real-time systems like ACT360 and ISP pipeline to meet real-world efficiency requirements,S2_Retrieve_Section,mistralai/Mistral-7B-Instruct-v0.3,"{
  ""predicted_answer"": ""Yes, the applicant described a situation where they applied their key skills effectively in developing ACT360, a quantized, latency-efficient action detection model for 360-degree videos."",
  ""rationale"": ""The applicant mentioned developing ACT360, a model that surpassed baseline YOWO with 4% mAP improvement and achieved 48ms/frame inference, which shows the effective application of their skills in computer vision and machine learning."",
  ""confidence_score"": 1.0
}",,,,2.8010785579681396,0.00028896331787109375,2.8007895946502686,1093,126,0.0,,,,,,,,E2_QA_Accuracy,"latency of 2-4 seconds, surpassing company benchmarks, and reducing manual input by 85% . Coordinated Science Laboratory, UIUC Urbana, IL Research Assistant (Computer Vision/Machine Learning) Sep 2022-May 2024 ● Curated one of the first action detection datasets of 360-degree firefighting videos and developed a custom annotation script. ● Developed ACT360 , a quantized, latency-efficient action detection model for 360-degree videos , surpassing baseline YOWO with 4% mAP improvement (0.865) while achieving 48ms/frame inference . ● Optimized ACT360 for deployment , implementing NMS, confidence threshold tuning, and quantization-based compression , reducing inference time to 33ms while maintaining 0.850 mAP , enabling real-world firefighter training applications. ● ACT360 made video analysis during firefighter training 95% faster. Model successfully deployed at Illinois State Fire Department to be used during training sessions of firefighters. Indian Institute of Technology (IIT) Delhi, India Machine Learning Research Intern May 2021-Sep 2021 ● Engineered UAV for autonomous object detection and route adaptation, attaining accuracy of 88.21% (matching SOTA). INDUSTRY EXPERIENCE McAfee Inc. Bangalore, India Software Engineer Intern Aug 2021-Dec 2021 ● Optimized HAR file processing automation in McAfee MVision, reducing file processing time by 58% using Python and Bash ● Developed a responsive customer query interface with AngularJS and JavaScript, and enhanced a results dashboard to facilitate faster, data-driven insights, cutting development time by 15%. ● Spearheaded data-driven process improvements by automating SQL-based data extraction, saving 6 person-hours per week. MEDSupervision (Startup) Delhi, India Full Stack Developer Intern Nov 2020-May 2021 ● Integrated real-time video calling into the website using Twilio API, enhancing patient-provider interaction and increasing user engagement by 37% . ● Redesigned the patient portal interface to improve usability, streamlining the experience for medical staff and patients. ● Analyzed and optimized the database by restructuring over 10,000 data entries, achieving a 50% faster data retrieval rate and reducing system load. ● Built a dynamic, centralized admin portal for easier data management and streamlined workflows, increasing operational efficiency and reducing manual input by 20%. QikCircle (Startup) Delhi, India Software Development Engineer Intern Feb 2020-May 2020 ● Developed front-end of website using HTML, CSS, and JavaScript, resulting in 25% increase in user engagement. ● Upgraded backend functionalities using Python/Flask, enabling seamless data retrieval and updates from SQL database. ● Designed user registration system, reducing account creation time by 40% through SQL database optimizations. TEACHING EXPERIENCE Thesis Co-advisor, UIUC Urbana, IL Undergraduate Student for her Senior Thesis Aug 2023-May 2024 ● Co-advised an undergraduate student in her senior thesis with Professor Klara Nahrstedt. Our research is centered on real-time detection of actions in 360-degree videos, employing advanced image segmentation models to enhance the precision and efficiency of the detection process. Graduate Teaching Assistant, UIUC Urbana, IL CS107 Data Science Discovery Aug 2023-Dec 2023 ● Lab instructor for a class with over 1000 students where I spearheaded lab sections, delivered lectures on data science concepts, contributed to course content development, including guides for intricate data science topics, and conducted regular office hours to provide additional support and clarification. PROJECTS ●"
aditi_tiwari,aditi_tiwari_Q28,Awards & Extracurricular Activities,"Has the applicant received any awards or recognitions? If so, which is the most significant?","Best Poster Award, Gold Medalist in Bachelor's degree, Silver Medal for 2nd rank in cohort, Competitive Fellowship Award",S2_Retrieve_Section,mistralai/Mistral-7B-Instruct-v0.3,"{
  ""predicted_answer"": ""Yes"",
  ""rationale"": ""The applicant was a gold medalist at Guru Gobind Singh Indraprastha University Delhi, India."",
  ""confidence_score"": 1.0
}",,,,1.3961379528045654,0.00045490264892578125,1.3956830501556396,1299,58,0.0,,,,,,,,E2_QA_Accuracy,"A D I T I T I W A R I aditit5@illinois.edu | https://github.com/adititiwari19 | https://www.linkedin.com/in/adititiwari2000 | +1 (347)-968-1293 EDUCATION University of Illinois, Urbana-Champaign (UIUC) Urbana, IL PhD in Computer Science Aug 2024 ● CGPA: 4.0/4.0 | Research Interests: LLM, Efficient Multimodal Learning, Computer Vision, Optimization of AI Systems ● Advisors: Dr. Klara Nahrstedt, Dr Heng Ji ● Collaborators: Dr. Derek Hoiem, Dr. Shenlong Wang University of Illinois, Urbana-Champaign (UIUC) Urbana, IL Master of Science in Computer Science Aug 2022-May 2024 ● CGPA: 3.85/4.0 | Courses : Computer Vision, Computational Photography, Autonomous Vehicle System Engineering, Applied Machine Learning, Applied Parallel Programming ● Thesis : Action Detection in In-Classroom Firefighter Training: A 360-Degree Video Analytics Service ● Advisor: Dr. Klara Nahrstedt Guru Gobind Singh Indraprastha University Delhi, India Bachelor of Technology in Computer Science Aug 2018-Jul 2022 ● CGPA: 9.39/10.0 | Gold medalist | Courses : Data Structures, Database Systems, Operating Systems, Computer Networks PUBLICATION AND POSTER PRESENTATION Under Review: ● MAGNET: Augmenting Generative Decoders with Representation Learning and Infilling Capabilities ● ACT360: Action-Centric Training with 360-Degree Video Analytics for First Responders. ● Balancing Speed and Precision: Comparing Latency and Accuracy Benchmarks in Quantized and Full-Precision LMMs. Peer-Reviewed Journal & Conference Papers: ● ST-360: Spatial–Temporal Filtering-Based Low-Latency 360-Degree Video Analytics Framework (ACM Transactions on Multimedia Computing, Communications and Applications, 2024). ● Latency-Aware 360-Degree Video Analytics Framework for First Responders Situational Awareness (ACM NOSSDAV, 2023). Thesis and Posters: ● Action Detection in In-Classroom Firefighter Training: A 360-Degree Video Analytics Service ( Masters Thesis, UIUC ) ● A Comprehensive Exploration of 360-Degree Video Representations (Multimedia Operating Systems and Networking (MONET) Research Group, 2022 - Poster) ● Transforming Content: A Transformer-Based Approach to Video Summarization ( GN Institute of Technology Undergraduate Research Presentation, 2022 - Poster ) RESEARCH EXPERIENCE Adobe San Jose, CA Incoming Research Scientist Intern May 2025 ● Will work on developing LLM agents and Agentic AI, exploring techniques to enhance autonomy and adaptability in AI-driven workflows. Adobe Remote Research Collaborator - MAGNET Project Dec 2024-Feb 2025 ● Contributed to the development of MAGNET by adapting model training from WikiText to SlimPajama, integrating it with HELM for benchmarking, and optimizing its evaluation on MMLU and other NLP tasks. UIUC Urbana, IL Research Collaborator Jan 2025-Present ● Collaborating with Prof. Derek Hoiem & Prof. Shenlong Wang on feedforward rendering techniques for 3D scene understanding and multimodal vision-language tasks. ● Exploring region-based slot attention for efficient 3D instance segmentation, aiming to improve semantic segmentation and object representation for large-scale scenes. ● Investigating self-supervised learning for scene change detection and 3D instance retrieval, leveraging multi-view geometric consistency and visual-language models to enable scene-aware AI agents. Rivian Automotive Palo Alto, CA Research Intern (Computer Vision) May 2024-Aug2024 ● Designed and coded custom Image Signal Processing (ISP) pipeline from scratch to convert raw sensor data into RGB/YUV formats for human evaluation. Used low-level language to ensure performance efficiency, scalability, and maintainability. ● Implemented core functions like histogram equalization, demosaicing, decompanding, gamma correction, etc. in C/C++, achieving end-to-end"
aditi_tiwari,aditi_tiwari_Q29,Awards & Extracurricular Activities,Did the applicant share a brief overview of an extracurricular or volunteer activity they have been involved in?,Yes – Founder and President of NSS; Chapter lead at Anita.Org; Brand Ambassador of National Digital Literacy Mission,S2_Retrieve_Section,mistralai/Mistral-7B-Instruct-v0.3,"{
  ""predicted_answer"": ""Yes, the applicant shared a brief overview of a volunteer activity they have been involved in as a Chapter lead at Anita.Org 2021."",
  ""rationale"": ""The text mentions 'Chapter lead at Anita.Org 2021' under the 'VOLUNTEER WORK AND AWARDS' section."",
  ""confidence_score"": 1.0
}",,,,2.2774243354797363,0.0002994537353515625,2.2771248817443848,943,102,0.0,,,,,,,,E2_QA_Accuracy,"Quantization of Multimodal Models for Edge Devices: Optimizing GLaMM for efficient image captioning on mobile devices by reducing latency and memory footprint while preserving accuracy (in progress). ● Interactive Image Annotation Tool: Created a collaborative image annotation tool using React and Flask, enhancing annotation efficiency by 30% through real-time collaboration and version control. ● Text2Face Generator: Developed lifelike facial images using generative models and NLP, employing skip-thought vectors for text encoding and DC-GAN/CVAE for image generation. ● Sentimental Analysis in Twitter Data: Achieved accuracy of 79% in identifying potential depression indicators in tweets. ● Automated Testing and Deployment Pipeline: Implemented an end-to-end automated testing and deployment pipeline using Jenkins and Docker, ensuring smooth application deployment and reducing post-deployment issues by 40%. ● Hand Tracking and Gesture Recognition for Automated VFX: Programmed model to generate real-time VFX effects using gesture recognition/tracking and depth estimation. ● JPMorgan Chase Virtual Software Engineer Intern (Forage): Built interface with live stock price data feed, leveraging financial data and Python, resulting in streamlined data analysis for traders. Utilized Git for version control and basic programming principles to ensure data accuracy and efficiency. ● Depth Estimation using Multi-Focused Images: Developed a depth estimation model utilizing a dataset of 30 self-curated multi-focused images to predict depth information from varying focal perspectives accurately. SKILLS ● Python, C/C++, Java, Go, PyTorch, TensorFlow, JupyterLab/Colab Wandb, Scikit Learn, TensorFlow, NumPy, SQL, R, Bash, LATEX, TypeScript, HTML, CSS, JavaScript, ReactJS, AngularJS, MATLAB, Simulink, Selenium, CUDA, AWS (S3) VOLUNTEER WORK AND AWARDS ● Best Poster Award at GN Institute of Technology Undergraduate Research Presentation Competition 2022 ● Awarded silver medal at my undergraduate university for attaining the second rank out of a cohort of 400 students. 2022 ● Competitive Fellowship Award for Research (Undergraduate) 2022 ● Chapter lead at Anita.Org 2021 ● Campus Representative for GNIT at GGSIPU 2021-2022 ● Women International Network’s Brand Ambassador of National Digital Literacy Mission, Govt. of India 2021 ● C++ Mentor at GirlScript Foundation, Uplift Project 2019-2020 ● Member of Women Who Code, Delhi 2019 - Present ● Founder and President of NSS, GNIT, GGSIPU. 2019 ● Head of the sports society of GNIT, GGSIPU. 2018 ● Board member, Women International Network, a non-profit organization based in Delhi 2018 - Present ● Internshala Student Partner for GGSIPU 2019-2020 ● Third in Robotryst Championship and qualified for Nationals, IIT-Delhi 2016"
aditi_tiwari,aditi_tiwari_Q30,Awards & Extracurricular Activities,Did the applicant describe any notable academic achievements or honors received?,"Gold Medalist (Bachelor’s), Best Poster Award, Fellowship for Research, 2nd Rank out of 400 students",S2_Retrieve_Section,mistralai/Mistral-7B-Instruct-v0.3,"{
  ""predicted_answer"": ""Yes"",
  ""rationale"": ""The applicant mentioned being a gold medalist in their Bachelor's degree."",
  ""confidence_score"": 1.0
}",,,,1.3315925598144531,0.00029397010803222656,1.331298589706421,1293,50,0.0,,,,,,,,E2_QA_Accuracy,"A D I T I T I W A R I aditit5@illinois.edu | https://github.com/adititiwari19 | https://www.linkedin.com/in/adititiwari2000 | +1 (347)-968-1293 EDUCATION University of Illinois, Urbana-Champaign (UIUC) Urbana, IL PhD in Computer Science Aug 2024 ● CGPA: 4.0/4.0 | Research Interests: LLM, Efficient Multimodal Learning, Computer Vision, Optimization of AI Systems ● Advisors: Dr. Klara Nahrstedt, Dr Heng Ji ● Collaborators: Dr. Derek Hoiem, Dr. Shenlong Wang University of Illinois, Urbana-Champaign (UIUC) Urbana, IL Master of Science in Computer Science Aug 2022-May 2024 ● CGPA: 3.85/4.0 | Courses : Computer Vision, Computational Photography, Autonomous Vehicle System Engineering, Applied Machine Learning, Applied Parallel Programming ● Thesis : Action Detection in In-Classroom Firefighter Training: A 360-Degree Video Analytics Service ● Advisor: Dr. Klara Nahrstedt Guru Gobind Singh Indraprastha University Delhi, India Bachelor of Technology in Computer Science Aug 2018-Jul 2022 ● CGPA: 9.39/10.0 | Gold medalist | Courses : Data Structures, Database Systems, Operating Systems, Computer Networks PUBLICATION AND POSTER PRESENTATION Under Review: ● MAGNET: Augmenting Generative Decoders with Representation Learning and Infilling Capabilities ● ACT360: Action-Centric Training with 360-Degree Video Analytics for First Responders. ● Balancing Speed and Precision: Comparing Latency and Accuracy Benchmarks in Quantized and Full-Precision LMMs. Peer-Reviewed Journal & Conference Papers: ● ST-360: Spatial–Temporal Filtering-Based Low-Latency 360-Degree Video Analytics Framework (ACM Transactions on Multimedia Computing, Communications and Applications, 2024). ● Latency-Aware 360-Degree Video Analytics Framework for First Responders Situational Awareness (ACM NOSSDAV, 2023). Thesis and Posters: ● Action Detection in In-Classroom Firefighter Training: A 360-Degree Video Analytics Service ( Masters Thesis, UIUC ) ● A Comprehensive Exploration of 360-Degree Video Representations (Multimedia Operating Systems and Networking (MONET) Research Group, 2022 - Poster) ● Transforming Content: A Transformer-Based Approach to Video Summarization ( GN Institute of Technology Undergraduate Research Presentation, 2022 - Poster ) RESEARCH EXPERIENCE Adobe San Jose, CA Incoming Research Scientist Intern May 2025 ● Will work on developing LLM agents and Agentic AI, exploring techniques to enhance autonomy and adaptability in AI-driven workflows. Adobe Remote Research Collaborator - MAGNET Project Dec 2024-Feb 2025 ● Contributed to the development of MAGNET by adapting model training from WikiText to SlimPajama, integrating it with HELM for benchmarking, and optimizing its evaluation on MMLU and other NLP tasks. UIUC Urbana, IL Research Collaborator Jan 2025-Present ● Collaborating with Prof. Derek Hoiem & Prof. Shenlong Wang on feedforward rendering techniques for 3D scene understanding and multimodal vision-language tasks. ● Exploring region-based slot attention for efficient 3D instance segmentation, aiming to improve semantic segmentation and object representation for large-scale scenes. ● Investigating self-supervised learning for scene change detection and 3D instance retrieval, leveraging multi-view geometric consistency and visual-language models to enable scene-aware AI agents. Rivian Automotive Palo Alto, CA Research Intern (Computer Vision) May 2024-Aug2024 ● Designed and coded custom Image Signal Processing (ISP) pipeline from scratch to convert raw sensor data into RGB/YUV formats for human evaluation. Used low-level language to ensure performance efficiency, scalability, and maintainability. ● Implemented core functions like histogram equalization, demosaicing, decompanding, gamma correction, etc. in C/C++, achieving end-to-end"
ajanta_saha,ajanta_saha_Q1,Personal Information,What is the applicant's full name?,Ajanta Saha,S2_Retrieve_Section,mistralai/Mistral-7B-Instruct-v0.3,"{
  ""predicted_answer"": ""Not found"",
  ""rationale"": ""The provided CV section does not contain the applicant's full name."",
  ""confidence_score"": 1.0
}",,,,1.1355042457580566,0.0002455711364746094,1.135258674621582,873,50,0.0,,,,,,,,E2_QA_Accuracy,"Y. Mi, N. Glassmaker, A. Shakouri, M. A. Alam, In Situ Drift Monitoring and Calibration of Field-Deployed Potentiometric Sensors Using Temperature Supervision, ACS Sensors, 2023. [5] A. Saha, M. A. Alam, Signal as an Energy Source: Potentiometric Sensors as an Energy Harvester (Under review) [6] X. Jin, A. Saha, H. Jiang, M. R. Oduncu, Q. Yang, S. Sedaghat, K. Maize, J. P. Allebach, A. Shakouri, N. Glassmaker, A. Wei, R. Rahimi, M. A. Alam, Steady-State and Transient Performance of Ion-Sensitive Electrodes Suitable for Wearable and Implantable Electro-Chemical Sensing, IEEE Transactions on Biomed. Eng. , 2022. [7] A. Saha, S. Gopalakrishnan, J. Waimin, S. Sedaghat, Y. Mi, N. Glassmaker, M. Cakmak, A. Shakouri, R. Rahimi, M. A. Alam, Embrace the Imperfection: How Intrinsic Variability of Roll-to-Roll Manufactured Environmental Sensors Enable Self-Calibrating, High-Precision Quorum Sensing, Proceedings of the ASME, 2022. [8] X. Wang, A. Saha, Y. Mi, A. Shakouri, M. A. Alam, G. T. Chiu, J. P. Allebach, Thin-Film Nitrate Sensor Performance Prediction Based on Image Analysis and Credibility Data to Enable a Certify As Built Framework, Proceedings of the ASME, 2022. [9] S. C. Mouli, S. Sedaghat, M. R. Oduncu, A. Saha, R. Rahimi, M. A. Alam, A. Wei, A. Shakouri, B. Ribeiro, Physics-Informed Machine Learning for Accelerated Testing of Roll-to-Roll Printed Sensors, Proceedings of the ASME, 2022. [10] A. Saha, K. A. Haque, M. Z. Baten, Performance evaluation of single-junction indoor photovoltaic devices for different absorber bandgaps under spectrally varying white light-emitting diodes, IEEE Journal of Photovoltaics , 2019. [11] A. Saha, E. Maria, M. Z. Baten, Spectra dependent photonic structure design for energy harvesting by indoor photovoltaic devices, AIP Advances, 2022. [12] A. Saha, J. B. Jahangir, 8T-SRAM with computing-in-memory (CiM) of addition of two 8-bit words, 2023."
ajanta_saha,ajanta_saha_Q2,Personal Information,What is the applicant's LinkedIn?,https://linkedin.com/in/ajanta-saha,S2_Retrieve_Section,mistralai/Mistral-7B-Instruct-v0.3,"{
  ""predicted_answer"": ""Not found"",
  ""rationale"": ""The provided CV section does not contain any information related to the applicant's LinkedIn profile."",
  ""confidence_score"": 1.0
}",,,,1.3356225490570068,0.0002434253692626953,1.3353791236877441,873,55,0.0,,,,,,,,E2_QA_Accuracy,"Y. Mi, N. Glassmaker, A. Shakouri, M. A. Alam, In Situ Drift Monitoring and Calibration of Field-Deployed Potentiometric Sensors Using Temperature Supervision, ACS Sensors, 2023. [5] A. Saha, M. A. Alam, Signal as an Energy Source: Potentiometric Sensors as an Energy Harvester (Under review) [6] X. Jin, A. Saha, H. Jiang, M. R. Oduncu, Q. Yang, S. Sedaghat, K. Maize, J. P. Allebach, A. Shakouri, N. Glassmaker, A. Wei, R. Rahimi, M. A. Alam, Steady-State and Transient Performance of Ion-Sensitive Electrodes Suitable for Wearable and Implantable Electro-Chemical Sensing, IEEE Transactions on Biomed. Eng. , 2022. [7] A. Saha, S. Gopalakrishnan, J. Waimin, S. Sedaghat, Y. Mi, N. Glassmaker, M. Cakmak, A. Shakouri, R. Rahimi, M. A. Alam, Embrace the Imperfection: How Intrinsic Variability of Roll-to-Roll Manufactured Environmental Sensors Enable Self-Calibrating, High-Precision Quorum Sensing, Proceedings of the ASME, 2022. [8] X. Wang, A. Saha, Y. Mi, A. Shakouri, M. A. Alam, G. T. Chiu, J. P. Allebach, Thin-Film Nitrate Sensor Performance Prediction Based on Image Analysis and Credibility Data to Enable a Certify As Built Framework, Proceedings of the ASME, 2022. [9] S. C. Mouli, S. Sedaghat, M. R. Oduncu, A. Saha, R. Rahimi, M. A. Alam, A. Wei, A. Shakouri, B. Ribeiro, Physics-Informed Machine Learning for Accelerated Testing of Roll-to-Roll Printed Sensors, Proceedings of the ASME, 2022. [10] A. Saha, K. A. Haque, M. Z. Baten, Performance evaluation of single-junction indoor photovoltaic devices for different absorber bandgaps under spectrally varying white light-emitting diodes, IEEE Journal of Photovoltaics , 2019. [11] A. Saha, E. Maria, M. Z. Baten, Spectra dependent photonic structure design for energy harvesting by indoor photovoltaic devices, AIP Advances, 2022. [12] A. Saha, J. B. Jahangir, 8T-SRAM with computing-in-memory (CiM) of addition of two 8-bit words, 2023."
ajanta_saha,ajanta_saha_Q3,Personal Information,What is the applicant's primary contact number?,(765)4094631,S2_Retrieve_Section,mistralai/Mistral-7B-Instruct-v0.3,"{
  ""predicted_answer"": ""Not found"",
  ""rationale"": ""The provided CV section does not contain any contact information."",
  ""confidence_score"": 1.0
}",,,,1.0333316326141357,0.00027298927307128906,1.0330586433410645,874,46,0.0,,,,,,,,E2_QA_Accuracy,"Y. Mi, N. Glassmaker, A. Shakouri, M. A. Alam, In Situ Drift Monitoring and Calibration of Field-Deployed Potentiometric Sensors Using Temperature Supervision, ACS Sensors, 2023. [5] A. Saha, M. A. Alam, Signal as an Energy Source: Potentiometric Sensors as an Energy Harvester (Under review) [6] X. Jin, A. Saha, H. Jiang, M. R. Oduncu, Q. Yang, S. Sedaghat, K. Maize, J. P. Allebach, A. Shakouri, N. Glassmaker, A. Wei, R. Rahimi, M. A. Alam, Steady-State and Transient Performance of Ion-Sensitive Electrodes Suitable for Wearable and Implantable Electro-Chemical Sensing, IEEE Transactions on Biomed. Eng. , 2022. [7] A. Saha, S. Gopalakrishnan, J. Waimin, S. Sedaghat, Y. Mi, N. Glassmaker, M. Cakmak, A. Shakouri, R. Rahimi, M. A. Alam, Embrace the Imperfection: How Intrinsic Variability of Roll-to-Roll Manufactured Environmental Sensors Enable Self-Calibrating, High-Precision Quorum Sensing, Proceedings of the ASME, 2022. [8] X. Wang, A. Saha, Y. Mi, A. Shakouri, M. A. Alam, G. T. Chiu, J. P. Allebach, Thin-Film Nitrate Sensor Performance Prediction Based on Image Analysis and Credibility Data to Enable a Certify As Built Framework, Proceedings of the ASME, 2022. [9] S. C. Mouli, S. Sedaghat, M. R. Oduncu, A. Saha, R. Rahimi, M. A. Alam, A. Wei, A. Shakouri, B. Ribeiro, Physics-Informed Machine Learning for Accelerated Testing of Roll-to-Roll Printed Sensors, Proceedings of the ASME, 2022. [10] A. Saha, K. A. Haque, M. Z. Baten, Performance evaluation of single-junction indoor photovoltaic devices for different absorber bandgaps under spectrally varying white light-emitting diodes, IEEE Journal of Photovoltaics , 2019. [11] A. Saha, E. Maria, M. Z. Baten, Spectra dependent photonic structure design for energy harvesting by indoor photovoltaic devices, AIP Advances, 2022. [12] A. Saha, J. B. Jahangir, 8T-SRAM with computing-in-memory (CiM) of addition of two 8-bit words, 2023."
ajanta_saha,ajanta_saha_Q4,Personal Information,In which city and country is the applicant currently located?,"West Lafayette, Indiana, USA",S2_Retrieve_Section,mistralai/Mistral-7B-Instruct-v0.3,"{
  ""predicted_answer"": ""Not found"",
  ""rationale"": ""The provided CV section does not contain any information about the applicant's current city and country."",
  ""confidence_score"": 1.0
}",,,,1.307835578918457,0.000247955322265625,1.3075876235961914,875,55,0.0,,,,,,,,E2_QA_Accuracy,"Y. Mi, N. Glassmaker, A. Shakouri, M. A. Alam, In Situ Drift Monitoring and Calibration of Field-Deployed Potentiometric Sensors Using Temperature Supervision, ACS Sensors, 2023. [5] A. Saha, M. A. Alam, Signal as an Energy Source: Potentiometric Sensors as an Energy Harvester (Under review) [6] X. Jin, A. Saha, H. Jiang, M. R. Oduncu, Q. Yang, S. Sedaghat, K. Maize, J. P. Allebach, A. Shakouri, N. Glassmaker, A. Wei, R. Rahimi, M. A. Alam, Steady-State and Transient Performance of Ion-Sensitive Electrodes Suitable for Wearable and Implantable Electro-Chemical Sensing, IEEE Transactions on Biomed. Eng. , 2022. [7] A. Saha, S. Gopalakrishnan, J. Waimin, S. Sedaghat, Y. Mi, N. Glassmaker, M. Cakmak, A. Shakouri, R. Rahimi, M. A. Alam, Embrace the Imperfection: How Intrinsic Variability of Roll-to-Roll Manufactured Environmental Sensors Enable Self-Calibrating, High-Precision Quorum Sensing, Proceedings of the ASME, 2022. [8] X. Wang, A. Saha, Y. Mi, A. Shakouri, M. A. Alam, G. T. Chiu, J. P. Allebach, Thin-Film Nitrate Sensor Performance Prediction Based on Image Analysis and Credibility Data to Enable a Certify As Built Framework, Proceedings of the ASME, 2022. [9] S. C. Mouli, S. Sedaghat, M. R. Oduncu, A. Saha, R. Rahimi, M. A. Alam, A. Wei, A. Shakouri, B. Ribeiro, Physics-Informed Machine Learning for Accelerated Testing of Roll-to-Roll Printed Sensors, Proceedings of the ASME, 2022. [10] A. Saha, K. A. Haque, M. Z. Baten, Performance evaluation of single-junction indoor photovoltaic devices for different absorber bandgaps under spectrally varying white light-emitting diodes, IEEE Journal of Photovoltaics , 2019. [11] A. Saha, E. Maria, M. Z. Baten, Spectra dependent photonic structure design for energy harvesting by indoor photovoltaic devices, AIP Advances, 2022. [12] A. Saha, J. B. Jahangir, 8T-SRAM with computing-in-memory (CiM) of addition of two 8-bit words, 2023."
ajanta_saha,ajanta_saha_Q5,Personal Information,Did the applicant provide a brief professional summary or career objective?,"Yes. PhD candidate seeking full-time engineering/research roles in device/circuit modeling, characterization, and reliability analysis with extensive hands-on and modeling experience in electrochemical systems.",S2_Retrieve_Section,mistralai/Mistral-7B-Instruct-v0.3,"{
  ""predicted_answer"": ""Not found"",
  ""rationale"": ""The provided CV section does not contain a professional summary or career objective."",
  ""confidence_score"": 1.0
}",,,,1.1164922714233398,0.0002460479736328125,1.116246223449707,876,49,0.0,,,,,,,,E2_QA_Accuracy,"Y. Mi, N. Glassmaker, A. Shakouri, M. A. Alam, In Situ Drift Monitoring and Calibration of Field-Deployed Potentiometric Sensors Using Temperature Supervision, ACS Sensors, 2023. [5] A. Saha, M. A. Alam, Signal as an Energy Source: Potentiometric Sensors as an Energy Harvester (Under review) [6] X. Jin, A. Saha, H. Jiang, M. R. Oduncu, Q. Yang, S. Sedaghat, K. Maize, J. P. Allebach, A. Shakouri, N. Glassmaker, A. Wei, R. Rahimi, M. A. Alam, Steady-State and Transient Performance of Ion-Sensitive Electrodes Suitable for Wearable and Implantable Electro-Chemical Sensing, IEEE Transactions on Biomed. Eng. , 2022. [7] A. Saha, S. Gopalakrishnan, J. Waimin, S. Sedaghat, Y. Mi, N. Glassmaker, M. Cakmak, A. Shakouri, R. Rahimi, M. A. Alam, Embrace the Imperfection: How Intrinsic Variability of Roll-to-Roll Manufactured Environmental Sensors Enable Self-Calibrating, High-Precision Quorum Sensing, Proceedings of the ASME, 2022. [8] X. Wang, A. Saha, Y. Mi, A. Shakouri, M. A. Alam, G. T. Chiu, J. P. Allebach, Thin-Film Nitrate Sensor Performance Prediction Based on Image Analysis and Credibility Data to Enable a Certify As Built Framework, Proceedings of the ASME, 2022. [9] S. C. Mouli, S. Sedaghat, M. R. Oduncu, A. Saha, R. Rahimi, M. A. Alam, A. Wei, A. Shakouri, B. Ribeiro, Physics-Informed Machine Learning for Accelerated Testing of Roll-to-Roll Printed Sensors, Proceedings of the ASME, 2022. [10] A. Saha, K. A. Haque, M. Z. Baten, Performance evaluation of single-junction indoor photovoltaic devices for different absorber bandgaps under spectrally varying white light-emitting diodes, IEEE Journal of Photovoltaics , 2019. [11] A. Saha, E. Maria, M. Z. Baten, Spectra dependent photonic structure design for energy harvesting by indoor photovoltaic devices, AIP Advances, 2022. [12] A. Saha, J. B. Jahangir, 8T-SRAM with computing-in-memory (CiM) of addition of two 8-bit words, 2023."
ajanta_saha,ajanta_saha_Q6,Education,What is the highest level of education the applicant has completed?,PhD in Electrical and Computer Engineering ,S2_Retrieve_Section,mistralai/Mistral-7B-Instruct-v0.3,"{
  ""predicted_answer"": ""PhD Candidate"",
  ""rationale"": ""The highest level of education mentioned is 'PhD Candidate' as it is the most recent and highest degree listed."",
  ""confidence_score"": 1.0
}",,,,1.4919650554656982,0.0002429485321044922,1.4917221069335938,1160,59,0.0,,,,,,,,E2_QA_Accuracy,"Ajanta Saha PhD Candidate, Dept. of ECE, Purdue University, 465 Northwestern Ave, West Lafayette, Indiana -47907 Email: saha.ajanta15@gmail.com Mobile: (765)4094631 Linkedin: linkedin.com/in/ajanta-saha Objective Seeking full-time engineering/research position in electrical/electrochemical device/circuit modeling, characterization, and reliability analysis. Education Purdue University, West Lafayette, Indiana, USA Jan 2020 – Apr 2024 PhD in Electrical and Computer Engineering | CGPA: 4.0/4.0 Bangladesh University of Engineering and Technology (BUET), Dhaka, Bangladesh Oct 2017 – Dec 2019 Master of Science (M.Sc.) in Electrical and Electronic Engineering | CGPA: 3.92/4.0 Bangladesh University of Engineering and Technology (BUET), Dhaka, Bangladesh Feb 2013 – Sep 2017 Bachelor of Science (B.Sc.) in Electrical and Electronic Engineering | CGPA: 3.98/4.0 (1st among 214 students) Technical Skills Programming Languages: C, C++, Python, Verilog Circuit Simulator & Design Tools : Cadence (Virtuoso), PSPICE, Quartus, Proteus, MATLAB Simulink Device Simulator & Numerical Analysis : COMSOL, MATLAB, Lumerical Laboratory Characterization Tools: Potentiometer, EIS (Gamry Instruments), Oscilloscope, Microcontroller Data Analytics: Statistical Analysis, Time Series Analysis, Machine Learning Research Experience Laboratory for Classical and Emerging Electronic Devices (CEED), Purdue University Jan 2020 – Present Graduate Research Assistant | Advisor: Muhammad Ashraful Alam Circuit design and characterization of dual sensor & energy harvester | skills: EIS, PSPICE, Arduino, accelerated testing • Created energy harvester with potentiometric sensor and developed its circuit model using Electrochemical Impedance Spectroscopy (EIS) to project power yield, voltage stability, degradation, lifetime and aging effect • Designed a microcontroller (Arduino) based accelerated testing system to experimentally validate circuit model • Improved power yield by 400 × by improving material characteristic of harvester guided by circuit model [5] Physics-based analytical and numerical modeling of electrochemical sensor | skills: COMSOL • Proposed analytical model to predict response time, sensor-to-sensor variation, signal-to-noise ratio of electrochemical sensors for healthcare/environmental applications by solving drift-diffusion (ODE/PDE) equations [6] • Built coupled electro-chemical simulation framework in COMSOL to validate proposed model and experiential results • Collaborated in developing physics (analytical model) guided ML framework for accelerated testing of sensor [9] Time-series data analysis algorithm for high precision sensing | skills: statistical methods, Python, pandas • Developed maximum likelihood estimation (MLE) based algorithm in Python to obtain actual signal from noisy data and measure credibility/reliability of sensors in continuous healthcare/environmental monitoring systems [1] • Achieved up to 99% pH sensing accuracy by correcting radiation/temperature/bio-fouling induced drifts and reduced energy cost of edge IoT sensors by 3x using credibility based data transmission • Improved accuracy of machine learning (ML) models for predicting sensor performance from image analysis by credibility based data filtering [8] Physics-guided drift monitoring and calibration of sensor | skills: modeling, experiments, reliability characterization • Invented thermometer-free analyte temperature estimation method only from voltage measurement of sensors [2-3] • Characterized drift and degradation of electrochemical sensors under long-term thermal cycle • Developed a physics-based drift detection and self-calibration algorithm using ambient temperature supervision to obtain nitrate concentration within 10% of laboratory precision in agricultural field [4][7] Solid-state Electronics and Photonics (SSEP) research group, BUET Oct 2017 – Dec 2019 Graduate student | Advisor:"
ajanta_saha,ajanta_saha_Q7,Education,Which institutions did the applicant attend?,Purdue University; Bangladesh University of Engineering and Technology (BUET),S2_Retrieve_Section,mistralai/Mistral-7B-Instruct-v0.3,"{
  ""predicted_answer"": [""Purdue University"", ""Bangladesh University of Engineering and Technology (BUET)""],
  ""rationale"": ""The CV section mentions two universities that the applicant attended: Purdue University and Bangladesh University of Engineering and Technology (BUET)"",
  ""confidence_score"": 1.0
}",,,,1.9115262031555176,0.0002701282501220703,1.9112560749053955,1155,81,0.0,,,,,,,,E2_QA_Accuracy,"Ajanta Saha PhD Candidate, Dept. of ECE, Purdue University, 465 Northwestern Ave, West Lafayette, Indiana -47907 Email: saha.ajanta15@gmail.com Mobile: (765)4094631 Linkedin: linkedin.com/in/ajanta-saha Objective Seeking full-time engineering/research position in electrical/electrochemical device/circuit modeling, characterization, and reliability analysis. Education Purdue University, West Lafayette, Indiana, USA Jan 2020 – Apr 2024 PhD in Electrical and Computer Engineering | CGPA: 4.0/4.0 Bangladesh University of Engineering and Technology (BUET), Dhaka, Bangladesh Oct 2017 – Dec 2019 Master of Science (M.Sc.) in Electrical and Electronic Engineering | CGPA: 3.92/4.0 Bangladesh University of Engineering and Technology (BUET), Dhaka, Bangladesh Feb 2013 – Sep 2017 Bachelor of Science (B.Sc.) in Electrical and Electronic Engineering | CGPA: 3.98/4.0 (1st among 214 students) Technical Skills Programming Languages: C, C++, Python, Verilog Circuit Simulator & Design Tools : Cadence (Virtuoso), PSPICE, Quartus, Proteus, MATLAB Simulink Device Simulator & Numerical Analysis : COMSOL, MATLAB, Lumerical Laboratory Characterization Tools: Potentiometer, EIS (Gamry Instruments), Oscilloscope, Microcontroller Data Analytics: Statistical Analysis, Time Series Analysis, Machine Learning Research Experience Laboratory for Classical and Emerging Electronic Devices (CEED), Purdue University Jan 2020 – Present Graduate Research Assistant | Advisor: Muhammad Ashraful Alam Circuit design and characterization of dual sensor & energy harvester | skills: EIS, PSPICE, Arduino, accelerated testing • Created energy harvester with potentiometric sensor and developed its circuit model using Electrochemical Impedance Spectroscopy (EIS) to project power yield, voltage stability, degradation, lifetime and aging effect • Designed a microcontroller (Arduino) based accelerated testing system to experimentally validate circuit model • Improved power yield by 400 × by improving material characteristic of harvester guided by circuit model [5] Physics-based analytical and numerical modeling of electrochemical sensor | skills: COMSOL • Proposed analytical model to predict response time, sensor-to-sensor variation, signal-to-noise ratio of electrochemical sensors for healthcare/environmental applications by solving drift-diffusion (ODE/PDE) equations [6] • Built coupled electro-chemical simulation framework in COMSOL to validate proposed model and experiential results • Collaborated in developing physics (analytical model) guided ML framework for accelerated testing of sensor [9] Time-series data analysis algorithm for high precision sensing | skills: statistical methods, Python, pandas • Developed maximum likelihood estimation (MLE) based algorithm in Python to obtain actual signal from noisy data and measure credibility/reliability of sensors in continuous healthcare/environmental monitoring systems [1] • Achieved up to 99% pH sensing accuracy by correcting radiation/temperature/bio-fouling induced drifts and reduced energy cost of edge IoT sensors by 3x using credibility based data transmission • Improved accuracy of machine learning (ML) models for predicting sensor performance from image analysis by credibility based data filtering [8] Physics-guided drift monitoring and calibration of sensor | skills: modeling, experiments, reliability characterization • Invented thermometer-free analyte temperature estimation method only from voltage measurement of sensors [2-3] • Characterized drift and degradation of electrochemical sensors under long-term thermal cycle • Developed a physics-based drift detection and self-calibration algorithm using ambient temperature supervision to obtain nitrate concentration within 10% of laboratory precision in agricultural field [4][7] Solid-state Electronics and Photonics (SSEP) research group, BUET Oct 2017 – Dec 2019 Graduate student | Advisor:"
ajanta_saha,ajanta_saha_Q8,Education,What is the applicant's score or GPA for his highest level of education?,4.0/4.0 (PhD); 3.92/4.0 (M.Sc.); 3.98/4.0 (B.Sc.),S2_Retrieve_Section,mistralai/Mistral-7B-Instruct-v0.3,"{
  ""predicted_answer"": ""4.0/4.0"",
  ""rationale"": ""The applicant's GPA for his highest level of education, which is his PhD, is stated as 4.0/4.0."",
  ""confidence_score"": 1.0
}",,,,1.6801378726959229,0.0002541542053222656,1.6798837184906006,1165,71,0.0,,,,,,,,E2_QA_Accuracy,"Ajanta Saha PhD Candidate, Dept. of ECE, Purdue University, 465 Northwestern Ave, West Lafayette, Indiana -47907 Email: saha.ajanta15@gmail.com Mobile: (765)4094631 Linkedin: linkedin.com/in/ajanta-saha Objective Seeking full-time engineering/research position in electrical/electrochemical device/circuit modeling, characterization, and reliability analysis. Education Purdue University, West Lafayette, Indiana, USA Jan 2020 – Apr 2024 PhD in Electrical and Computer Engineering | CGPA: 4.0/4.0 Bangladesh University of Engineering and Technology (BUET), Dhaka, Bangladesh Oct 2017 – Dec 2019 Master of Science (M.Sc.) in Electrical and Electronic Engineering | CGPA: 3.92/4.0 Bangladesh University of Engineering and Technology (BUET), Dhaka, Bangladesh Feb 2013 – Sep 2017 Bachelor of Science (B.Sc.) in Electrical and Electronic Engineering | CGPA: 3.98/4.0 (1st among 214 students) Technical Skills Programming Languages: C, C++, Python, Verilog Circuit Simulator & Design Tools : Cadence (Virtuoso), PSPICE, Quartus, Proteus, MATLAB Simulink Device Simulator & Numerical Analysis : COMSOL, MATLAB, Lumerical Laboratory Characterization Tools: Potentiometer, EIS (Gamry Instruments), Oscilloscope, Microcontroller Data Analytics: Statistical Analysis, Time Series Analysis, Machine Learning Research Experience Laboratory for Classical and Emerging Electronic Devices (CEED), Purdue University Jan 2020 – Present Graduate Research Assistant | Advisor: Muhammad Ashraful Alam Circuit design and characterization of dual sensor & energy harvester | skills: EIS, PSPICE, Arduino, accelerated testing • Created energy harvester with potentiometric sensor and developed its circuit model using Electrochemical Impedance Spectroscopy (EIS) to project power yield, voltage stability, degradation, lifetime and aging effect • Designed a microcontroller (Arduino) based accelerated testing system to experimentally validate circuit model • Improved power yield by 400 × by improving material characteristic of harvester guided by circuit model [5] Physics-based analytical and numerical modeling of electrochemical sensor | skills: COMSOL • Proposed analytical model to predict response time, sensor-to-sensor variation, signal-to-noise ratio of electrochemical sensors for healthcare/environmental applications by solving drift-diffusion (ODE/PDE) equations [6] • Built coupled electro-chemical simulation framework in COMSOL to validate proposed model and experiential results • Collaborated in developing physics (analytical model) guided ML framework for accelerated testing of sensor [9] Time-series data analysis algorithm for high precision sensing | skills: statistical methods, Python, pandas • Developed maximum likelihood estimation (MLE) based algorithm in Python to obtain actual signal from noisy data and measure credibility/reliability of sensors in continuous healthcare/environmental monitoring systems [1] • Achieved up to 99% pH sensing accuracy by correcting radiation/temperature/bio-fouling induced drifts and reduced energy cost of edge IoT sensors by 3x using credibility based data transmission • Improved accuracy of machine learning (ML) models for predicting sensor performance from image analysis by credibility based data filtering [8] Physics-guided drift monitoring and calibration of sensor | skills: modeling, experiments, reliability characterization • Invented thermometer-free analyte temperature estimation method only from voltage measurement of sensors [2-3] • Characterized drift and degradation of electrochemical sensors under long-term thermal cycle • Developed a physics-based drift detection and self-calibration algorithm using ambient temperature supervision to obtain nitrate concentration within 10% of laboratory precision in agricultural field [4][7] Solid-state Electronics and Photonics (SSEP) research group, BUET Oct 2017 – Dec 2019 Graduate student | Advisor:"
ajanta_saha,ajanta_saha_Q9,Education,What was the applicant's field of study or major?,Electrical and Electronic Engineering,S2_Retrieve_Section,mistralai/Mistral-7B-Instruct-v0.3,"{
  ""predicted_answer"": ""Electrical and Electronic Engineering"",
  ""rationale"": ""The applicant's field of study or major is inferred from the degrees they have earned. They have a Master of Science (M.Sc.) in Electrical and Electronic Engineering from Bangladesh University of Engineering and Technology (BUET), and a Bachelor of Science (B.Sc.) in Electrical and Electronic Engineering from the same university."",
  ""confidence_score"": 1.0
}",,,,2.552103281021118,0.0003006458282470703,2.551802635192871,1160,112,0.0,,,,,,,,E2_QA_Accuracy,"Ajanta Saha PhD Candidate, Dept. of ECE, Purdue University, 465 Northwestern Ave, West Lafayette, Indiana -47907 Email: saha.ajanta15@gmail.com Mobile: (765)4094631 Linkedin: linkedin.com/in/ajanta-saha Objective Seeking full-time engineering/research position in electrical/electrochemical device/circuit modeling, characterization, and reliability analysis. Education Purdue University, West Lafayette, Indiana, USA Jan 2020 – Apr 2024 PhD in Electrical and Computer Engineering | CGPA: 4.0/4.0 Bangladesh University of Engineering and Technology (BUET), Dhaka, Bangladesh Oct 2017 – Dec 2019 Master of Science (M.Sc.) in Electrical and Electronic Engineering | CGPA: 3.92/4.0 Bangladesh University of Engineering and Technology (BUET), Dhaka, Bangladesh Feb 2013 – Sep 2017 Bachelor of Science (B.Sc.) in Electrical and Electronic Engineering | CGPA: 3.98/4.0 (1st among 214 students) Technical Skills Programming Languages: C, C++, Python, Verilog Circuit Simulator & Design Tools : Cadence (Virtuoso), PSPICE, Quartus, Proteus, MATLAB Simulink Device Simulator & Numerical Analysis : COMSOL, MATLAB, Lumerical Laboratory Characterization Tools: Potentiometer, EIS (Gamry Instruments), Oscilloscope, Microcontroller Data Analytics: Statistical Analysis, Time Series Analysis, Machine Learning Research Experience Laboratory for Classical and Emerging Electronic Devices (CEED), Purdue University Jan 2020 – Present Graduate Research Assistant | Advisor: Muhammad Ashraful Alam Circuit design and characterization of dual sensor & energy harvester | skills: EIS, PSPICE, Arduino, accelerated testing • Created energy harvester with potentiometric sensor and developed its circuit model using Electrochemical Impedance Spectroscopy (EIS) to project power yield, voltage stability, degradation, lifetime and aging effect • Designed a microcontroller (Arduino) based accelerated testing system to experimentally validate circuit model • Improved power yield by 400 × by improving material characteristic of harvester guided by circuit model [5] Physics-based analytical and numerical modeling of electrochemical sensor | skills: COMSOL • Proposed analytical model to predict response time, sensor-to-sensor variation, signal-to-noise ratio of electrochemical sensors for healthcare/environmental applications by solving drift-diffusion (ODE/PDE) equations [6] • Built coupled electro-chemical simulation framework in COMSOL to validate proposed model and experiential results • Collaborated in developing physics (analytical model) guided ML framework for accelerated testing of sensor [9] Time-series data analysis algorithm for high precision sensing | skills: statistical methods, Python, pandas • Developed maximum likelihood estimation (MLE) based algorithm in Python to obtain actual signal from noisy data and measure credibility/reliability of sensors in continuous healthcare/environmental monitoring systems [1] • Achieved up to 99% pH sensing accuracy by correcting radiation/temperature/bio-fouling induced drifts and reduced energy cost of edge IoT sensors by 3x using credibility based data transmission • Improved accuracy of machine learning (ML) models for predicting sensor performance from image analysis by credibility based data filtering [8] Physics-guided drift monitoring and calibration of sensor | skills: modeling, experiments, reliability characterization • Invented thermometer-free analyte temperature estimation method only from voltage measurement of sensors [2-3] • Characterized drift and degradation of electrochemical sensors under long-term thermal cycle • Developed a physics-based drift detection and self-calibration algorithm using ambient temperature supervision to obtain nitrate concentration within 10% of laboratory precision in agricultural field [4][7] Solid-state Electronics and Photonics (SSEP) research group, BUET Oct 2017 – Dec 2019 Graduate student | Advisor:"
ajanta_saha,ajanta_saha_Q10,Professional Experience,What is the name of the applicant's current (or most recent) employer?,Purdue University,S2_Retrieve_Section,mistralai/Mistral-7B-Instruct-v0.3,"{
  ""predicted_answer"": ""Laboratory for Classical and Emerging Electronic Devices (CEED), Purdue University"",
  ""rationale"": ""The applicant's current (or most recent) employer is stated as 'Laboratory for Classical and Emerging Electronic Devices (CEED), Purdue University' in the 'Research Experience' section."",
  ""confidence_score"": 1.0
}",,,,2.3031160831451416,0.0003082752227783203,2.3028078079223633,1165,101,0.0,,,,,,,,E2_QA_Accuracy,"Ajanta Saha PhD Candidate, Dept. of ECE, Purdue University, 465 Northwestern Ave, West Lafayette, Indiana -47907 Email: saha.ajanta15@gmail.com Mobile: (765)4094631 Linkedin: linkedin.com/in/ajanta-saha Objective Seeking full-time engineering/research position in electrical/electrochemical device/circuit modeling, characterization, and reliability analysis. Education Purdue University, West Lafayette, Indiana, USA Jan 2020 – Apr 2024 PhD in Electrical and Computer Engineering | CGPA: 4.0/4.0 Bangladesh University of Engineering and Technology (BUET), Dhaka, Bangladesh Oct 2017 – Dec 2019 Master of Science (M.Sc.) in Electrical and Electronic Engineering | CGPA: 3.92/4.0 Bangladesh University of Engineering and Technology (BUET), Dhaka, Bangladesh Feb 2013 – Sep 2017 Bachelor of Science (B.Sc.) in Electrical and Electronic Engineering | CGPA: 3.98/4.0 (1st among 214 students) Technical Skills Programming Languages: C, C++, Python, Verilog Circuit Simulator & Design Tools : Cadence (Virtuoso), PSPICE, Quartus, Proteus, MATLAB Simulink Device Simulator & Numerical Analysis : COMSOL, MATLAB, Lumerical Laboratory Characterization Tools: Potentiometer, EIS (Gamry Instruments), Oscilloscope, Microcontroller Data Analytics: Statistical Analysis, Time Series Analysis, Machine Learning Research Experience Laboratory for Classical and Emerging Electronic Devices (CEED), Purdue University Jan 2020 – Present Graduate Research Assistant | Advisor: Muhammad Ashraful Alam Circuit design and characterization of dual sensor & energy harvester | skills: EIS, PSPICE, Arduino, accelerated testing • Created energy harvester with potentiometric sensor and developed its circuit model using Electrochemical Impedance Spectroscopy (EIS) to project power yield, voltage stability, degradation, lifetime and aging effect • Designed a microcontroller (Arduino) based accelerated testing system to experimentally validate circuit model • Improved power yield by 400 × by improving material characteristic of harvester guided by circuit model [5] Physics-based analytical and numerical modeling of electrochemical sensor | skills: COMSOL • Proposed analytical model to predict response time, sensor-to-sensor variation, signal-to-noise ratio of electrochemical sensors for healthcare/environmental applications by solving drift-diffusion (ODE/PDE) equations [6] • Built coupled electro-chemical simulation framework in COMSOL to validate proposed model and experiential results • Collaborated in developing physics (analytical model) guided ML framework for accelerated testing of sensor [9] Time-series data analysis algorithm for high precision sensing | skills: statistical methods, Python, pandas • Developed maximum likelihood estimation (MLE) based algorithm in Python to obtain actual signal from noisy data and measure credibility/reliability of sensors in continuous healthcare/environmental monitoring systems [1] • Achieved up to 99% pH sensing accuracy by correcting radiation/temperature/bio-fouling induced drifts and reduced energy cost of edge IoT sensors by 3x using credibility based data transmission • Improved accuracy of machine learning (ML) models for predicting sensor performance from image analysis by credibility based data filtering [8] Physics-guided drift monitoring and calibration of sensor | skills: modeling, experiments, reliability characterization • Invented thermometer-free analyte temperature estimation method only from voltage measurement of sensors [2-3] • Characterized drift and degradation of electrochemical sensors under long-term thermal cycle • Developed a physics-based drift detection and self-calibration algorithm using ambient temperature supervision to obtain nitrate concentration within 10% of laboratory precision in agricultural field [4][7] Solid-state Electronics and Photonics (SSEP) research group, BUET Oct 2017 – Dec 2019 Graduate student | Advisor:"
ajanta_saha,ajanta_saha_Q11,Professional Experience,What is the applicant's job title in the most recent role?,Graduate Research Assistant,S2_Retrieve_Section,mistralai/Mistral-7B-Instruct-v0.3,"{
  ""predicted_answer"": ""Graduate Research Assistant"",
  ""rationale"": ""The applicant's job title in the most recent role is 'Graduate Research Assistant' as stated in the CV section."",
  ""confidence_score"": 1.0
}",,,,1.467029094696045,0.000301361083984375,1.4667277336120605,1162,63,0.0,,,,,,,,E2_QA_Accuracy,"Ajanta Saha PhD Candidate, Dept. of ECE, Purdue University, 465 Northwestern Ave, West Lafayette, Indiana -47907 Email: saha.ajanta15@gmail.com Mobile: (765)4094631 Linkedin: linkedin.com/in/ajanta-saha Objective Seeking full-time engineering/research position in electrical/electrochemical device/circuit modeling, characterization, and reliability analysis. Education Purdue University, West Lafayette, Indiana, USA Jan 2020 – Apr 2024 PhD in Electrical and Computer Engineering | CGPA: 4.0/4.0 Bangladesh University of Engineering and Technology (BUET), Dhaka, Bangladesh Oct 2017 – Dec 2019 Master of Science (M.Sc.) in Electrical and Electronic Engineering | CGPA: 3.92/4.0 Bangladesh University of Engineering and Technology (BUET), Dhaka, Bangladesh Feb 2013 – Sep 2017 Bachelor of Science (B.Sc.) in Electrical and Electronic Engineering | CGPA: 3.98/4.0 (1st among 214 students) Technical Skills Programming Languages: C, C++, Python, Verilog Circuit Simulator & Design Tools : Cadence (Virtuoso), PSPICE, Quartus, Proteus, MATLAB Simulink Device Simulator & Numerical Analysis : COMSOL, MATLAB, Lumerical Laboratory Characterization Tools: Potentiometer, EIS (Gamry Instruments), Oscilloscope, Microcontroller Data Analytics: Statistical Analysis, Time Series Analysis, Machine Learning Research Experience Laboratory for Classical and Emerging Electronic Devices (CEED), Purdue University Jan 2020 – Present Graduate Research Assistant | Advisor: Muhammad Ashraful Alam Circuit design and characterization of dual sensor & energy harvester | skills: EIS, PSPICE, Arduino, accelerated testing • Created energy harvester with potentiometric sensor and developed its circuit model using Electrochemical Impedance Spectroscopy (EIS) to project power yield, voltage stability, degradation, lifetime and aging effect • Designed a microcontroller (Arduino) based accelerated testing system to experimentally validate circuit model • Improved power yield by 400 × by improving material characteristic of harvester guided by circuit model [5] Physics-based analytical and numerical modeling of electrochemical sensor | skills: COMSOL • Proposed analytical model to predict response time, sensor-to-sensor variation, signal-to-noise ratio of electrochemical sensors for healthcare/environmental applications by solving drift-diffusion (ODE/PDE) equations [6] • Built coupled electro-chemical simulation framework in COMSOL to validate proposed model and experiential results • Collaborated in developing physics (analytical model) guided ML framework for accelerated testing of sensor [9] Time-series data analysis algorithm for high precision sensing | skills: statistical methods, Python, pandas • Developed maximum likelihood estimation (MLE) based algorithm in Python to obtain actual signal from noisy data and measure credibility/reliability of sensors in continuous healthcare/environmental monitoring systems [1] • Achieved up to 99% pH sensing accuracy by correcting radiation/temperature/bio-fouling induced drifts and reduced energy cost of edge IoT sensors by 3x using credibility based data transmission • Improved accuracy of machine learning (ML) models for predicting sensor performance from image analysis by credibility based data filtering [8] Physics-guided drift monitoring and calibration of sensor | skills: modeling, experiments, reliability characterization • Invented thermometer-free analyte temperature estimation method only from voltage measurement of sensors [2-3] • Characterized drift and degradation of electrochemical sensors under long-term thermal cycle • Developed a physics-based drift detection and self-calibration algorithm using ambient temperature supervision to obtain nitrate concentration within 10% of laboratory precision in agricultural field [4][7] Solid-state Electronics and Photonics (SSEP) research group, BUET Oct 2017 – Dec 2019 Graduate student | Advisor:"
ajanta_saha,ajanta_saha_Q12,Professional Experience,How many years of experience does the applicant have?,6,S2_Retrieve_Section,mistralai/Mistral-7B-Instruct-v0.3,"{
  ""predicted_answer"": ""Not found"",
  ""rationale"": ""The provided CV section does not contain any information about the applicant's years of experience."",
  ""confidence_score"": 1.0
}",,,,1.3155817985534668,0.0002467632293701172,1.3153350353240967,874,54,0.0,,,,,,,,E2_QA_Accuracy,"Y. Mi, N. Glassmaker, A. Shakouri, M. A. Alam, In Situ Drift Monitoring and Calibration of Field-Deployed Potentiometric Sensors Using Temperature Supervision, ACS Sensors, 2023. [5] A. Saha, M. A. Alam, Signal as an Energy Source: Potentiometric Sensors as an Energy Harvester (Under review) [6] X. Jin, A. Saha, H. Jiang, M. R. Oduncu, Q. Yang, S. Sedaghat, K. Maize, J. P. Allebach, A. Shakouri, N. Glassmaker, A. Wei, R. Rahimi, M. A. Alam, Steady-State and Transient Performance of Ion-Sensitive Electrodes Suitable for Wearable and Implantable Electro-Chemical Sensing, IEEE Transactions on Biomed. Eng. , 2022. [7] A. Saha, S. Gopalakrishnan, J. Waimin, S. Sedaghat, Y. Mi, N. Glassmaker, M. Cakmak, A. Shakouri, R. Rahimi, M. A. Alam, Embrace the Imperfection: How Intrinsic Variability of Roll-to-Roll Manufactured Environmental Sensors Enable Self-Calibrating, High-Precision Quorum Sensing, Proceedings of the ASME, 2022. [8] X. Wang, A. Saha, Y. Mi, A. Shakouri, M. A. Alam, G. T. Chiu, J. P. Allebach, Thin-Film Nitrate Sensor Performance Prediction Based on Image Analysis and Credibility Data to Enable a Certify As Built Framework, Proceedings of the ASME, 2022. [9] S. C. Mouli, S. Sedaghat, M. R. Oduncu, A. Saha, R. Rahimi, M. A. Alam, A. Wei, A. Shakouri, B. Ribeiro, Physics-Informed Machine Learning for Accelerated Testing of Roll-to-Roll Printed Sensors, Proceedings of the ASME, 2022. [10] A. Saha, K. A. Haque, M. Z. Baten, Performance evaluation of single-junction indoor photovoltaic devices for different absorber bandgaps under spectrally varying white light-emitting diodes, IEEE Journal of Photovoltaics , 2019. [11] A. Saha, E. Maria, M. Z. Baten, Spectra dependent photonic structure design for energy harvesting by indoor photovoltaic devices, AIP Advances, 2022. [12] A. Saha, J. B. Jahangir, 8T-SRAM with computing-in-memory (CiM) of addition of two 8-bit words, 2023."
ajanta_saha,ajanta_saha_Q13,Professional Experience,What leadership position did the applicant hold?,Yes. Taught as faculty member at BUET; supervised 200+ students; collaborated in multi-disciplinary research teams.,S2_Retrieve_Section,mistralai/Mistral-7B-Instruct-v0.3,"{
  ""predicted_answer"": ""Not found"",
  ""rationale"": ""The provided CV section does not mention any leadership position."",
  ""confidence_score"": 1.0
}",,,,1.1269168853759766,0.0002472400665283203,1.1266696453094482,1156,46,0.0,,,,,,,,E2_QA_Accuracy,"Ajanta Saha PhD Candidate, Dept. of ECE, Purdue University, 465 Northwestern Ave, West Lafayette, Indiana -47907 Email: saha.ajanta15@gmail.com Mobile: (765)4094631 Linkedin: linkedin.com/in/ajanta-saha Objective Seeking full-time engineering/research position in electrical/electrochemical device/circuit modeling, characterization, and reliability analysis. Education Purdue University, West Lafayette, Indiana, USA Jan 2020 – Apr 2024 PhD in Electrical and Computer Engineering | CGPA: 4.0/4.0 Bangladesh University of Engineering and Technology (BUET), Dhaka, Bangladesh Oct 2017 – Dec 2019 Master of Science (M.Sc.) in Electrical and Electronic Engineering | CGPA: 3.92/4.0 Bangladesh University of Engineering and Technology (BUET), Dhaka, Bangladesh Feb 2013 – Sep 2017 Bachelor of Science (B.Sc.) in Electrical and Electronic Engineering | CGPA: 3.98/4.0 (1st among 214 students) Technical Skills Programming Languages: C, C++, Python, Verilog Circuit Simulator & Design Tools : Cadence (Virtuoso), PSPICE, Quartus, Proteus, MATLAB Simulink Device Simulator & Numerical Analysis : COMSOL, MATLAB, Lumerical Laboratory Characterization Tools: Potentiometer, EIS (Gamry Instruments), Oscilloscope, Microcontroller Data Analytics: Statistical Analysis, Time Series Analysis, Machine Learning Research Experience Laboratory for Classical and Emerging Electronic Devices (CEED), Purdue University Jan 2020 – Present Graduate Research Assistant | Advisor: Muhammad Ashraful Alam Circuit design and characterization of dual sensor & energy harvester | skills: EIS, PSPICE, Arduino, accelerated testing • Created energy harvester with potentiometric sensor and developed its circuit model using Electrochemical Impedance Spectroscopy (EIS) to project power yield, voltage stability, degradation, lifetime and aging effect • Designed a microcontroller (Arduino) based accelerated testing system to experimentally validate circuit model • Improved power yield by 400 × by improving material characteristic of harvester guided by circuit model [5] Physics-based analytical and numerical modeling of electrochemical sensor | skills: COMSOL • Proposed analytical model to predict response time, sensor-to-sensor variation, signal-to-noise ratio of electrochemical sensors for healthcare/environmental applications by solving drift-diffusion (ODE/PDE) equations [6] • Built coupled electro-chemical simulation framework in COMSOL to validate proposed model and experiential results • Collaborated in developing physics (analytical model) guided ML framework for accelerated testing of sensor [9] Time-series data analysis algorithm for high precision sensing | skills: statistical methods, Python, pandas • Developed maximum likelihood estimation (MLE) based algorithm in Python to obtain actual signal from noisy data and measure credibility/reliability of sensors in continuous healthcare/environmental monitoring systems [1] • Achieved up to 99% pH sensing accuracy by correcting radiation/temperature/bio-fouling induced drifts and reduced energy cost of edge IoT sensors by 3x using credibility based data transmission • Improved accuracy of machine learning (ML) models for predicting sensor performance from image analysis by credibility based data filtering [8] Physics-guided drift monitoring and calibration of sensor | skills: modeling, experiments, reliability characterization • Invented thermometer-free analyte temperature estimation method only from voltage measurement of sensors [2-3] • Characterized drift and degradation of electrochemical sensors under long-term thermal cycle • Developed a physics-based drift detection and self-calibration algorithm using ambient temperature supervision to obtain nitrate concentration within 10% of laboratory precision in agricultural field [4][7] Solid-state Electronics and Photonics (SSEP) research group, BUET Oct 2017 – Dec 2019 Graduate student | Advisor:"
ajanta_saha,ajanta_saha_Q14,Professional Experience,Could the applicant briefly describe their key responsibilities in previous roles?,Yes. Conducted high-impact sensor design and modeling research; taught lab and theory courses; developed industrial monitoring systems and sensor calibration models.,S2_Retrieve_Section,mistralai/Mistral-7B-Instruct-v0.3,"{
  ""predicted_answer"": ""The applicant's key responsibilities in previous roles include circuit design and characterization, developing energy harvester models, creating a microcontroller-based accelerated testing system, proposing analytical models for electrochemical sensors, developing time-series data analysis algorithms, inventing a thermometer-free analyte temperature estimation method, characterizing drift and degradation of electrochemical sensors, and developing a physics-based drift detection and self-calibration algorithm."",
  ""rationale"": ""The information is directly provided in the 'Research Experience' section."",",,,,3.010023832321167,0.00024771690368652344,3.0097761154174805,1161,129,0.0,,,,,,,,E2_QA_Accuracy,"Ajanta Saha PhD Candidate, Dept. of ECE, Purdue University, 465 Northwestern Ave, West Lafayette, Indiana -47907 Email: saha.ajanta15@gmail.com Mobile: (765)4094631 Linkedin: linkedin.com/in/ajanta-saha Objective Seeking full-time engineering/research position in electrical/electrochemical device/circuit modeling, characterization, and reliability analysis. Education Purdue University, West Lafayette, Indiana, USA Jan 2020 – Apr 2024 PhD in Electrical and Computer Engineering | CGPA: 4.0/4.0 Bangladesh University of Engineering and Technology (BUET), Dhaka, Bangladesh Oct 2017 – Dec 2019 Master of Science (M.Sc.) in Electrical and Electronic Engineering | CGPA: 3.92/4.0 Bangladesh University of Engineering and Technology (BUET), Dhaka, Bangladesh Feb 2013 – Sep 2017 Bachelor of Science (B.Sc.) in Electrical and Electronic Engineering | CGPA: 3.98/4.0 (1st among 214 students) Technical Skills Programming Languages: C, C++, Python, Verilog Circuit Simulator & Design Tools : Cadence (Virtuoso), PSPICE, Quartus, Proteus, MATLAB Simulink Device Simulator & Numerical Analysis : COMSOL, MATLAB, Lumerical Laboratory Characterization Tools: Potentiometer, EIS (Gamry Instruments), Oscilloscope, Microcontroller Data Analytics: Statistical Analysis, Time Series Analysis, Machine Learning Research Experience Laboratory for Classical and Emerging Electronic Devices (CEED), Purdue University Jan 2020 – Present Graduate Research Assistant | Advisor: Muhammad Ashraful Alam Circuit design and characterization of dual sensor & energy harvester | skills: EIS, PSPICE, Arduino, accelerated testing • Created energy harvester with potentiometric sensor and developed its circuit model using Electrochemical Impedance Spectroscopy (EIS) to project power yield, voltage stability, degradation, lifetime and aging effect • Designed a microcontroller (Arduino) based accelerated testing system to experimentally validate circuit model • Improved power yield by 400 × by improving material characteristic of harvester guided by circuit model [5] Physics-based analytical and numerical modeling of electrochemical sensor | skills: COMSOL • Proposed analytical model to predict response time, sensor-to-sensor variation, signal-to-noise ratio of electrochemical sensors for healthcare/environmental applications by solving drift-diffusion (ODE/PDE) equations [6] • Built coupled electro-chemical simulation framework in COMSOL to validate proposed model and experiential results • Collaborated in developing physics (analytical model) guided ML framework for accelerated testing of sensor [9] Time-series data analysis algorithm for high precision sensing | skills: statistical methods, Python, pandas • Developed maximum likelihood estimation (MLE) based algorithm in Python to obtain actual signal from noisy data and measure credibility/reliability of sensors in continuous healthcare/environmental monitoring systems [1] • Achieved up to 99% pH sensing accuracy by correcting radiation/temperature/bio-fouling induced drifts and reduced energy cost of edge IoT sensors by 3x using credibility based data transmission • Improved accuracy of machine learning (ML) models for predicting sensor performance from image analysis by credibility based data filtering [8] Physics-guided drift monitoring and calibration of sensor | skills: modeling, experiments, reliability characterization • Invented thermometer-free analyte temperature estimation method only from voltage measurement of sensors [2-3] • Characterized drift and degradation of electrochemical sensors under long-term thermal cycle • Developed a physics-based drift detection and self-calibration algorithm using ambient temperature supervision to obtain nitrate concentration within 10% of laboratory precision in agricultural field [4][7] Solid-state Electronics and Photonics (SSEP) research group, BUET Oct 2017 – Dec 2019 Graduate student | Advisor:"
ajanta_saha,ajanta_saha_Q15,Professional Experience,Has the applicant worked in more than one job or organization?,Yes,S2_Retrieve_Section,mistralai/Mistral-7B-Instruct-v0.3,"{
  ""predicted_answer"": ""Yes"",
  ""rationale"": ""The applicant has worked in two organizations: Bangladesh University of Engineering and Technology (BUET) and Purdue University."",
  ""confidence_score"": 1.0
}",,,,1.4807493686676025,0.00025010108947753906,1.480499267578125,1160,60,0.0,,,,,,,,E2_QA_Accuracy,"Ajanta Saha PhD Candidate, Dept. of ECE, Purdue University, 465 Northwestern Ave, West Lafayette, Indiana -47907 Email: saha.ajanta15@gmail.com Mobile: (765)4094631 Linkedin: linkedin.com/in/ajanta-saha Objective Seeking full-time engineering/research position in electrical/electrochemical device/circuit modeling, characterization, and reliability analysis. Education Purdue University, West Lafayette, Indiana, USA Jan 2020 – Apr 2024 PhD in Electrical and Computer Engineering | CGPA: 4.0/4.0 Bangladesh University of Engineering and Technology (BUET), Dhaka, Bangladesh Oct 2017 – Dec 2019 Master of Science (M.Sc.) in Electrical and Electronic Engineering | CGPA: 3.92/4.0 Bangladesh University of Engineering and Technology (BUET), Dhaka, Bangladesh Feb 2013 – Sep 2017 Bachelor of Science (B.Sc.) in Electrical and Electronic Engineering | CGPA: 3.98/4.0 (1st among 214 students) Technical Skills Programming Languages: C, C++, Python, Verilog Circuit Simulator & Design Tools : Cadence (Virtuoso), PSPICE, Quartus, Proteus, MATLAB Simulink Device Simulator & Numerical Analysis : COMSOL, MATLAB, Lumerical Laboratory Characterization Tools: Potentiometer, EIS (Gamry Instruments), Oscilloscope, Microcontroller Data Analytics: Statistical Analysis, Time Series Analysis, Machine Learning Research Experience Laboratory for Classical and Emerging Electronic Devices (CEED), Purdue University Jan 2020 – Present Graduate Research Assistant | Advisor: Muhammad Ashraful Alam Circuit design and characterization of dual sensor & energy harvester | skills: EIS, PSPICE, Arduino, accelerated testing • Created energy harvester with potentiometric sensor and developed its circuit model using Electrochemical Impedance Spectroscopy (EIS) to project power yield, voltage stability, degradation, lifetime and aging effect • Designed a microcontroller (Arduino) based accelerated testing system to experimentally validate circuit model • Improved power yield by 400 × by improving material characteristic of harvester guided by circuit model [5] Physics-based analytical and numerical modeling of electrochemical sensor | skills: COMSOL • Proposed analytical model to predict response time, sensor-to-sensor variation, signal-to-noise ratio of electrochemical sensors for healthcare/environmental applications by solving drift-diffusion (ODE/PDE) equations [6] • Built coupled electro-chemical simulation framework in COMSOL to validate proposed model and experiential results • Collaborated in developing physics (analytical model) guided ML framework for accelerated testing of sensor [9] Time-series data analysis algorithm for high precision sensing | skills: statistical methods, Python, pandas • Developed maximum likelihood estimation (MLE) based algorithm in Python to obtain actual signal from noisy data and measure credibility/reliability of sensors in continuous healthcare/environmental monitoring systems [1] • Achieved up to 99% pH sensing accuracy by correcting radiation/temperature/bio-fouling induced drifts and reduced energy cost of edge IoT sensors by 3x using credibility based data transmission • Improved accuracy of machine learning (ML) models for predicting sensor performance from image analysis by credibility based data filtering [8] Physics-guided drift monitoring and calibration of sensor | skills: modeling, experiments, reliability characterization • Invented thermometer-free analyte temperature estimation method only from voltage measurement of sensors [2-3] • Characterized drift and degradation of electrochemical sensors under long-term thermal cycle • Developed a physics-based drift detection and self-calibration algorithm using ambient temperature supervision to obtain nitrate concentration within 10% of laboratory precision in agricultural field [4][7] Solid-state Electronics and Photonics (SSEP) research group, BUET Oct 2017 – Dec 2019 Graduate student | Advisor:"
ajanta_saha,ajanta_saha_Q16,Professional Experience,What were the applicant's major accomplishments?,Created energy harvester sensor with 400× yield; developed thermometer-free temperature estimation method; published in top journals; earned highest CGPA in undergrad batch.,S2_Retrieve_Section,mistralai/Mistral-7B-Instruct-v0.3,"{
  ""predicted_answer"": [
    ""Created energy harvester with potentiometric sensor and developed its circuit model using Electrochemical Impedance Spectroscopy (EIS) to project power yield, voltage stability, degradation, lifetime and aging effect."",
    ""Improved power yield by 400 × by improving material characteristic of harvester guided by circuit model."",
    ""Developed maximum likelihood estimation (MLE) based algorithm in Python to obtain actual signal from noisy data and measure credibility/reliability of sensors in continuous healthcare/environmental",,,,2.9290354251861572,0.000278472900390625,2.9287569522857666,1158,129,0.0,,,,,,,,E2_QA_Accuracy,"Ajanta Saha PhD Candidate, Dept. of ECE, Purdue University, 465 Northwestern Ave, West Lafayette, Indiana -47907 Email: saha.ajanta15@gmail.com Mobile: (765)4094631 Linkedin: linkedin.com/in/ajanta-saha Objective Seeking full-time engineering/research position in electrical/electrochemical device/circuit modeling, characterization, and reliability analysis. Education Purdue University, West Lafayette, Indiana, USA Jan 2020 – Apr 2024 PhD in Electrical and Computer Engineering | CGPA: 4.0/4.0 Bangladesh University of Engineering and Technology (BUET), Dhaka, Bangladesh Oct 2017 – Dec 2019 Master of Science (M.Sc.) in Electrical and Electronic Engineering | CGPA: 3.92/4.0 Bangladesh University of Engineering and Technology (BUET), Dhaka, Bangladesh Feb 2013 – Sep 2017 Bachelor of Science (B.Sc.) in Electrical and Electronic Engineering | CGPA: 3.98/4.0 (1st among 214 students) Technical Skills Programming Languages: C, C++, Python, Verilog Circuit Simulator & Design Tools : Cadence (Virtuoso), PSPICE, Quartus, Proteus, MATLAB Simulink Device Simulator & Numerical Analysis : COMSOL, MATLAB, Lumerical Laboratory Characterization Tools: Potentiometer, EIS (Gamry Instruments), Oscilloscope, Microcontroller Data Analytics: Statistical Analysis, Time Series Analysis, Machine Learning Research Experience Laboratory for Classical and Emerging Electronic Devices (CEED), Purdue University Jan 2020 – Present Graduate Research Assistant | Advisor: Muhammad Ashraful Alam Circuit design and characterization of dual sensor & energy harvester | skills: EIS, PSPICE, Arduino, accelerated testing • Created energy harvester with potentiometric sensor and developed its circuit model using Electrochemical Impedance Spectroscopy (EIS) to project power yield, voltage stability, degradation, lifetime and aging effect • Designed a microcontroller (Arduino) based accelerated testing system to experimentally validate circuit model • Improved power yield by 400 × by improving material characteristic of harvester guided by circuit model [5] Physics-based analytical and numerical modeling of electrochemical sensor | skills: COMSOL • Proposed analytical model to predict response time, sensor-to-sensor variation, signal-to-noise ratio of electrochemical sensors for healthcare/environmental applications by solving drift-diffusion (ODE/PDE) equations [6] • Built coupled electro-chemical simulation framework in COMSOL to validate proposed model and experiential results • Collaborated in developing physics (analytical model) guided ML framework for accelerated testing of sensor [9] Time-series data analysis algorithm for high precision sensing | skills: statistical methods, Python, pandas • Developed maximum likelihood estimation (MLE) based algorithm in Python to obtain actual signal from noisy data and measure credibility/reliability of sensors in continuous healthcare/environmental monitoring systems [1] • Achieved up to 99% pH sensing accuracy by correcting radiation/temperature/bio-fouling induced drifts and reduced energy cost of edge IoT sensors by 3x using credibility based data transmission • Improved accuracy of machine learning (ML) models for predicting sensor performance from image analysis by credibility based data filtering [8] Physics-guided drift monitoring and calibration of sensor | skills: modeling, experiments, reliability characterization • Invented thermometer-free analyte temperature estimation method only from voltage measurement of sensors [2-3] • Characterized drift and degradation of electrochemical sensors under long-term thermal cycle • Developed a physics-based drift detection and self-calibration algorithm using ambient temperature supervision to obtain nitrate concentration within 10% of laboratory precision in agricultural field [4][7] Solid-state Electronics and Photonics (SSEP) research group, BUET Oct 2017 – Dec 2019 Graduate student | Advisor:"
ajanta_saha,ajanta_saha_Q17,Professional Experience,What key metric did they improve?,400× improvement in energy yield; 99% pH sensing accuracy; 3× energy reduction in IoT; nitrate concentration estimation within 10% of lab precision.,S2_Retrieve_Section,mistralai/Mistral-7B-Instruct-v0.3,"{
  ""predicted_answer"": ""Power yield by 400 ×"",
  ""rationale"": ""The information is found in the 'Research Experience' section under the 'Laboratory for Classical and Emerging Electronic Devices (CEED), Purdue University' subsection. It states that the power yield was improved by 400 times by improving the material characteristic of the harvester guided by the circuit model."",
  ""confidence_score"": 1.0
}",,,,2.6150500774383545,0.00027561187744140625,2.614774465560913,1154,111,0.0,,,,,,,,E2_QA_Accuracy,"Ajanta Saha PhD Candidate, Dept. of ECE, Purdue University, 465 Northwestern Ave, West Lafayette, Indiana -47907 Email: saha.ajanta15@gmail.com Mobile: (765)4094631 Linkedin: linkedin.com/in/ajanta-saha Objective Seeking full-time engineering/research position in electrical/electrochemical device/circuit modeling, characterization, and reliability analysis. Education Purdue University, West Lafayette, Indiana, USA Jan 2020 – Apr 2024 PhD in Electrical and Computer Engineering | CGPA: 4.0/4.0 Bangladesh University of Engineering and Technology (BUET), Dhaka, Bangladesh Oct 2017 – Dec 2019 Master of Science (M.Sc.) in Electrical and Electronic Engineering | CGPA: 3.92/4.0 Bangladesh University of Engineering and Technology (BUET), Dhaka, Bangladesh Feb 2013 – Sep 2017 Bachelor of Science (B.Sc.) in Electrical and Electronic Engineering | CGPA: 3.98/4.0 (1st among 214 students) Technical Skills Programming Languages: C, C++, Python, Verilog Circuit Simulator & Design Tools : Cadence (Virtuoso), PSPICE, Quartus, Proteus, MATLAB Simulink Device Simulator & Numerical Analysis : COMSOL, MATLAB, Lumerical Laboratory Characterization Tools: Potentiometer, EIS (Gamry Instruments), Oscilloscope, Microcontroller Data Analytics: Statistical Analysis, Time Series Analysis, Machine Learning Research Experience Laboratory for Classical and Emerging Electronic Devices (CEED), Purdue University Jan 2020 – Present Graduate Research Assistant | Advisor: Muhammad Ashraful Alam Circuit design and characterization of dual sensor & energy harvester | skills: EIS, PSPICE, Arduino, accelerated testing • Created energy harvester with potentiometric sensor and developed its circuit model using Electrochemical Impedance Spectroscopy (EIS) to project power yield, voltage stability, degradation, lifetime and aging effect • Designed a microcontroller (Arduino) based accelerated testing system to experimentally validate circuit model • Improved power yield by 400 × by improving material characteristic of harvester guided by circuit model [5] Physics-based analytical and numerical modeling of electrochemical sensor | skills: COMSOL • Proposed analytical model to predict response time, sensor-to-sensor variation, signal-to-noise ratio of electrochemical sensors for healthcare/environmental applications by solving drift-diffusion (ODE/PDE) equations [6] • Built coupled electro-chemical simulation framework in COMSOL to validate proposed model and experiential results • Collaborated in developing physics (analytical model) guided ML framework for accelerated testing of sensor [9] Time-series data analysis algorithm for high precision sensing | skills: statistical methods, Python, pandas • Developed maximum likelihood estimation (MLE) based algorithm in Python to obtain actual signal from noisy data and measure credibility/reliability of sensors in continuous healthcare/environmental monitoring systems [1] • Achieved up to 99% pH sensing accuracy by correcting radiation/temperature/bio-fouling induced drifts and reduced energy cost of edge IoT sensors by 3x using credibility based data transmission • Improved accuracy of machine learning (ML) models for predicting sensor performance from image analysis by credibility based data filtering [8] Physics-guided drift monitoring and calibration of sensor | skills: modeling, experiments, reliability characterization • Invented thermometer-free analyte temperature estimation method only from voltage measurement of sensors [2-3] • Characterized drift and degradation of electrochemical sensors under long-term thermal cycle • Developed a physics-based drift detection and self-calibration algorithm using ambient temperature supervision to obtain nitrate concentration within 10% of laboratory precision in agricultural field [4][7] Solid-state Electronics and Photonics (SSEP) research group, BUET Oct 2017 – Dec 2019 Graduate student | Advisor:"
ajanta_saha,ajanta_saha_Q18,Research and Projects,What is the name of a key project the applicant has worked on?, Energy harvester with dual sensor; Thermometer-free analyte temperature estimation; Indoor photovoltaic optimization; 8T-SRAM with CiM; Industrial production monitoring,S2_Retrieve_Section,mistralai/Mistral-7B-Instruct-v0.3,"{
  ""predicted_answer"": ""energy harvester"",
  ""rationale"": ""The project name is not explicitly mentioned in the text, but the applicant has worked on 'circuit design and characterization of dual sensor & energy harvester'."",
  ""confidence_score"": 0.9
}",,,,1.8085269927978516,0.00025725364685058594,1.808269739151001,1162,72,0.0,,,,,,,,E2_QA_Accuracy,"Ajanta Saha PhD Candidate, Dept. of ECE, Purdue University, 465 Northwestern Ave, West Lafayette, Indiana -47907 Email: saha.ajanta15@gmail.com Mobile: (765)4094631 Linkedin: linkedin.com/in/ajanta-saha Objective Seeking full-time engineering/research position in electrical/electrochemical device/circuit modeling, characterization, and reliability analysis. Education Purdue University, West Lafayette, Indiana, USA Jan 2020 – Apr 2024 PhD in Electrical and Computer Engineering | CGPA: 4.0/4.0 Bangladesh University of Engineering and Technology (BUET), Dhaka, Bangladesh Oct 2017 – Dec 2019 Master of Science (M.Sc.) in Electrical and Electronic Engineering | CGPA: 3.92/4.0 Bangladesh University of Engineering and Technology (BUET), Dhaka, Bangladesh Feb 2013 – Sep 2017 Bachelor of Science (B.Sc.) in Electrical and Electronic Engineering | CGPA: 3.98/4.0 (1st among 214 students) Technical Skills Programming Languages: C, C++, Python, Verilog Circuit Simulator & Design Tools : Cadence (Virtuoso), PSPICE, Quartus, Proteus, MATLAB Simulink Device Simulator & Numerical Analysis : COMSOL, MATLAB, Lumerical Laboratory Characterization Tools: Potentiometer, EIS (Gamry Instruments), Oscilloscope, Microcontroller Data Analytics: Statistical Analysis, Time Series Analysis, Machine Learning Research Experience Laboratory for Classical and Emerging Electronic Devices (CEED), Purdue University Jan 2020 – Present Graduate Research Assistant | Advisor: Muhammad Ashraful Alam Circuit design and characterization of dual sensor & energy harvester | skills: EIS, PSPICE, Arduino, accelerated testing • Created energy harvester with potentiometric sensor and developed its circuit model using Electrochemical Impedance Spectroscopy (EIS) to project power yield, voltage stability, degradation, lifetime and aging effect • Designed a microcontroller (Arduino) based accelerated testing system to experimentally validate circuit model • Improved power yield by 400 × by improving material characteristic of harvester guided by circuit model [5] Physics-based analytical and numerical modeling of electrochemical sensor | skills: COMSOL • Proposed analytical model to predict response time, sensor-to-sensor variation, signal-to-noise ratio of electrochemical sensors for healthcare/environmental applications by solving drift-diffusion (ODE/PDE) equations [6] • Built coupled electro-chemical simulation framework in COMSOL to validate proposed model and experiential results • Collaborated in developing physics (analytical model) guided ML framework for accelerated testing of sensor [9] Time-series data analysis algorithm for high precision sensing | skills: statistical methods, Python, pandas • Developed maximum likelihood estimation (MLE) based algorithm in Python to obtain actual signal from noisy data and measure credibility/reliability of sensors in continuous healthcare/environmental monitoring systems [1] • Achieved up to 99% pH sensing accuracy by correcting radiation/temperature/bio-fouling induced drifts and reduced energy cost of edge IoT sensors by 3x using credibility based data transmission • Improved accuracy of machine learning (ML) models for predicting sensor performance from image analysis by credibility based data filtering [8] Physics-guided drift monitoring and calibration of sensor | skills: modeling, experiments, reliability characterization • Invented thermometer-free analyte temperature estimation method only from voltage measurement of sensors [2-3] • Characterized drift and degradation of electrochemical sensors under long-term thermal cycle • Developed a physics-based drift detection and self-calibration algorithm using ambient temperature supervision to obtain nitrate concentration within 10% of laboratory precision in agricultural field [4][7] Solid-state Electronics and Photonics (SSEP) research group, BUET Oct 2017 – Dec 2019 Graduate student | Advisor:"
ajanta_saha,ajanta_saha_Q19,Research and Projects,Which tools or technologies did the applicant use in their projects?,"Python, C, C++, Verilog, MATLAB, PSPICE, Cadence Virtuoso, COMSOL, Lumerical, Proteus, Arduino",S2_Retrieve_Section,mistralai/Mistral-7B-Instruct-v0.3,"{
  ""predicted_answer"": [""Cadence (Virtuoso)"", ""PSPICE"", ""Quartus"", ""Proteus"", ""MATLAB Simulink"", ""COMSOL"", ""Gamry Instruments"", ""Arduino"", ""Python"", ""Pandas""],
  ""rationale"": ""The provided CV section lists various circuit simulator and design tools, device simulator and numerical analysis tools, laboratory characterization tools, and programming languages used by the applicant in their projects."",
  ""confidence_score"": 1.0
}",,,,2.997690439224243,0.0002474784851074219,2.9974429607391357,1160,127,0.0,,,,,,,,E2_QA_Accuracy,"Ajanta Saha PhD Candidate, Dept. of ECE, Purdue University, 465 Northwestern Ave, West Lafayette, Indiana -47907 Email: saha.ajanta15@gmail.com Mobile: (765)4094631 Linkedin: linkedin.com/in/ajanta-saha Objective Seeking full-time engineering/research position in electrical/electrochemical device/circuit modeling, characterization, and reliability analysis. Education Purdue University, West Lafayette, Indiana, USA Jan 2020 – Apr 2024 PhD in Electrical and Computer Engineering | CGPA: 4.0/4.0 Bangladesh University of Engineering and Technology (BUET), Dhaka, Bangladesh Oct 2017 – Dec 2019 Master of Science (M.Sc.) in Electrical and Electronic Engineering | CGPA: 3.92/4.0 Bangladesh University of Engineering and Technology (BUET), Dhaka, Bangladesh Feb 2013 – Sep 2017 Bachelor of Science (B.Sc.) in Electrical and Electronic Engineering | CGPA: 3.98/4.0 (1st among 214 students) Technical Skills Programming Languages: C, C++, Python, Verilog Circuit Simulator & Design Tools : Cadence (Virtuoso), PSPICE, Quartus, Proteus, MATLAB Simulink Device Simulator & Numerical Analysis : COMSOL, MATLAB, Lumerical Laboratory Characterization Tools: Potentiometer, EIS (Gamry Instruments), Oscilloscope, Microcontroller Data Analytics: Statistical Analysis, Time Series Analysis, Machine Learning Research Experience Laboratory for Classical and Emerging Electronic Devices (CEED), Purdue University Jan 2020 – Present Graduate Research Assistant | Advisor: Muhammad Ashraful Alam Circuit design and characterization of dual sensor & energy harvester | skills: EIS, PSPICE, Arduino, accelerated testing • Created energy harvester with potentiometric sensor and developed its circuit model using Electrochemical Impedance Spectroscopy (EIS) to project power yield, voltage stability, degradation, lifetime and aging effect • Designed a microcontroller (Arduino) based accelerated testing system to experimentally validate circuit model • Improved power yield by 400 × by improving material characteristic of harvester guided by circuit model [5] Physics-based analytical and numerical modeling of electrochemical sensor | skills: COMSOL • Proposed analytical model to predict response time, sensor-to-sensor variation, signal-to-noise ratio of electrochemical sensors for healthcare/environmental applications by solving drift-diffusion (ODE/PDE) equations [6] • Built coupled electro-chemical simulation framework in COMSOL to validate proposed model and experiential results • Collaborated in developing physics (analytical model) guided ML framework for accelerated testing of sensor [9] Time-series data analysis algorithm for high precision sensing | skills: statistical methods, Python, pandas • Developed maximum likelihood estimation (MLE) based algorithm in Python to obtain actual signal from noisy data and measure credibility/reliability of sensors in continuous healthcare/environmental monitoring systems [1] • Achieved up to 99% pH sensing accuracy by correcting radiation/temperature/bio-fouling induced drifts and reduced energy cost of edge IoT sensors by 3x using credibility based data transmission • Improved accuracy of machine learning (ML) models for predicting sensor performance from image analysis by credibility based data filtering [8] Physics-guided drift monitoring and calibration of sensor | skills: modeling, experiments, reliability characterization • Invented thermometer-free analyte temperature estimation method only from voltage measurement of sensors [2-3] • Characterized drift and degradation of electrochemical sensors under long-term thermal cycle • Developed a physics-based drift detection and self-calibration algorithm using ambient temperature supervision to obtain nitrate concentration within 10% of laboratory precision in agricultural field [4][7] Solid-state Electronics and Photonics (SSEP) research group, BUET Oct 2017 – Dec 2019 Graduate student | Advisor:"
ajanta_saha,ajanta_saha_Q20,Research and Projects,Did any project have a specific budget or numeric goal?,Yes. 400× power yield improvement; 99% sensing accuracy; industrial system achieved 98% classification accuracy.,S2_Retrieve_Section,mistralai/Mistral-7B-Instruct-v0.3,"{
  ""predicted_answer"": ""Not found"",
  ""rationale"": ""The provided CV section does not contain any information about a specific budget or numeric goal for any project."",
  ""confidence_score"": 1.0
}",,,,1.427588701248169,0.00024271011352539062,1.4273459911346436,1159,56,0.0,,,,,,,,E2_QA_Accuracy,"Ajanta Saha PhD Candidate, Dept. of ECE, Purdue University, 465 Northwestern Ave, West Lafayette, Indiana -47907 Email: saha.ajanta15@gmail.com Mobile: (765)4094631 Linkedin: linkedin.com/in/ajanta-saha Objective Seeking full-time engineering/research position in electrical/electrochemical device/circuit modeling, characterization, and reliability analysis. Education Purdue University, West Lafayette, Indiana, USA Jan 2020 – Apr 2024 PhD in Electrical and Computer Engineering | CGPA: 4.0/4.0 Bangladesh University of Engineering and Technology (BUET), Dhaka, Bangladesh Oct 2017 – Dec 2019 Master of Science (M.Sc.) in Electrical and Electronic Engineering | CGPA: 3.92/4.0 Bangladesh University of Engineering and Technology (BUET), Dhaka, Bangladesh Feb 2013 – Sep 2017 Bachelor of Science (B.Sc.) in Electrical and Electronic Engineering | CGPA: 3.98/4.0 (1st among 214 students) Technical Skills Programming Languages: C, C++, Python, Verilog Circuit Simulator & Design Tools : Cadence (Virtuoso), PSPICE, Quartus, Proteus, MATLAB Simulink Device Simulator & Numerical Analysis : COMSOL, MATLAB, Lumerical Laboratory Characterization Tools: Potentiometer, EIS (Gamry Instruments), Oscilloscope, Microcontroller Data Analytics: Statistical Analysis, Time Series Analysis, Machine Learning Research Experience Laboratory for Classical and Emerging Electronic Devices (CEED), Purdue University Jan 2020 – Present Graduate Research Assistant | Advisor: Muhammad Ashraful Alam Circuit design and characterization of dual sensor & energy harvester | skills: EIS, PSPICE, Arduino, accelerated testing • Created energy harvester with potentiometric sensor and developed its circuit model using Electrochemical Impedance Spectroscopy (EIS) to project power yield, voltage stability, degradation, lifetime and aging effect • Designed a microcontroller (Arduino) based accelerated testing system to experimentally validate circuit model • Improved power yield by 400 × by improving material characteristic of harvester guided by circuit model [5] Physics-based analytical and numerical modeling of electrochemical sensor | skills: COMSOL • Proposed analytical model to predict response time, sensor-to-sensor variation, signal-to-noise ratio of electrochemical sensors for healthcare/environmental applications by solving drift-diffusion (ODE/PDE) equations [6] • Built coupled electro-chemical simulation framework in COMSOL to validate proposed model and experiential results • Collaborated in developing physics (analytical model) guided ML framework for accelerated testing of sensor [9] Time-series data analysis algorithm for high precision sensing | skills: statistical methods, Python, pandas • Developed maximum likelihood estimation (MLE) based algorithm in Python to obtain actual signal from noisy data and measure credibility/reliability of sensors in continuous healthcare/environmental monitoring systems [1] • Achieved up to 99% pH sensing accuracy by correcting radiation/temperature/bio-fouling induced drifts and reduced energy cost of edge IoT sensors by 3x using credibility based data transmission • Improved accuracy of machine learning (ML) models for predicting sensor performance from image analysis by credibility based data filtering [8] Physics-guided drift monitoring and calibration of sensor | skills: modeling, experiments, reliability characterization • Invented thermometer-free analyte temperature estimation method only from voltage measurement of sensors [2-3] • Characterized drift and degradation of electrochemical sensors under long-term thermal cycle • Developed a physics-based drift detection and self-calibration algorithm using ambient temperature supervision to obtain nitrate concentration within 10% of laboratory precision in agricultural field [4][7] Solid-state Electronics and Photonics (SSEP) research group, BUET Oct 2017 – Dec 2019 Graduate student | Advisor:"
ajanta_saha,ajanta_saha_Q21,Research and Projects,What were the main objectives of the applicant's projects?,To design robust electrochemical sensors and harvesters; to improve sensing accuracy and device efficiency; to develop modeling frameworks for real-world deployment.,S2_Retrieve_Section,mistralai/Mistral-7B-Instruct-v0.3,"{
  ""predicted_answer"": ""The main objectives of the applicant's projects were circuit design and characterization of dual sensor & energy harvester, physics-based analytical and numerical modeling of electrochemical sensor, time-series data analysis algorithm for high precision sensing, physics-guided drift monitoring and calibration of sensor."",
  ""rationale"": ""The objectives are directly stated in the 'Research Experience' section."",
  ""confidence_score"": 1.0
}",,,,2.5175905227661133,0.0002694129943847656,2.5173211097717285,1160,109,0.0,,,,,,,,E2_QA_Accuracy,"Ajanta Saha PhD Candidate, Dept. of ECE, Purdue University, 465 Northwestern Ave, West Lafayette, Indiana -47907 Email: saha.ajanta15@gmail.com Mobile: (765)4094631 Linkedin: linkedin.com/in/ajanta-saha Objective Seeking full-time engineering/research position in electrical/electrochemical device/circuit modeling, characterization, and reliability analysis. Education Purdue University, West Lafayette, Indiana, USA Jan 2020 – Apr 2024 PhD in Electrical and Computer Engineering | CGPA: 4.0/4.0 Bangladesh University of Engineering and Technology (BUET), Dhaka, Bangladesh Oct 2017 – Dec 2019 Master of Science (M.Sc.) in Electrical and Electronic Engineering | CGPA: 3.92/4.0 Bangladesh University of Engineering and Technology (BUET), Dhaka, Bangladesh Feb 2013 – Sep 2017 Bachelor of Science (B.Sc.) in Electrical and Electronic Engineering | CGPA: 3.98/4.0 (1st among 214 students) Technical Skills Programming Languages: C, C++, Python, Verilog Circuit Simulator & Design Tools : Cadence (Virtuoso), PSPICE, Quartus, Proteus, MATLAB Simulink Device Simulator & Numerical Analysis : COMSOL, MATLAB, Lumerical Laboratory Characterization Tools: Potentiometer, EIS (Gamry Instruments), Oscilloscope, Microcontroller Data Analytics: Statistical Analysis, Time Series Analysis, Machine Learning Research Experience Laboratory for Classical and Emerging Electronic Devices (CEED), Purdue University Jan 2020 – Present Graduate Research Assistant | Advisor: Muhammad Ashraful Alam Circuit design and characterization of dual sensor & energy harvester | skills: EIS, PSPICE, Arduino, accelerated testing • Created energy harvester with potentiometric sensor and developed its circuit model using Electrochemical Impedance Spectroscopy (EIS) to project power yield, voltage stability, degradation, lifetime and aging effect • Designed a microcontroller (Arduino) based accelerated testing system to experimentally validate circuit model • Improved power yield by 400 × by improving material characteristic of harvester guided by circuit model [5] Physics-based analytical and numerical modeling of electrochemical sensor | skills: COMSOL • Proposed analytical model to predict response time, sensor-to-sensor variation, signal-to-noise ratio of electrochemical sensors for healthcare/environmental applications by solving drift-diffusion (ODE/PDE) equations [6] • Built coupled electro-chemical simulation framework in COMSOL to validate proposed model and experiential results • Collaborated in developing physics (analytical model) guided ML framework for accelerated testing of sensor [9] Time-series data analysis algorithm for high precision sensing | skills: statistical methods, Python, pandas • Developed maximum likelihood estimation (MLE) based algorithm in Python to obtain actual signal from noisy data and measure credibility/reliability of sensors in continuous healthcare/environmental monitoring systems [1] • Achieved up to 99% pH sensing accuracy by correcting radiation/temperature/bio-fouling induced drifts and reduced energy cost of edge IoT sensors by 3x using credibility based data transmission • Improved accuracy of machine learning (ML) models for predicting sensor performance from image analysis by credibility based data filtering [8] Physics-guided drift monitoring and calibration of sensor | skills: modeling, experiments, reliability characterization • Invented thermometer-free analyte temperature estimation method only from voltage measurement of sensors [2-3] • Characterized drift and degradation of electrochemical sensors under long-term thermal cycle • Developed a physics-based drift detection and self-calibration algorithm using ambient temperature supervision to obtain nitrate concentration within 10% of laboratory precision in agricultural field [4][7] Solid-state Electronics and Photonics (SSEP) research group, BUET Oct 2017 – Dec 2019 Graduate student | Advisor:"
ajanta_saha,ajanta_saha_Q22,Research and Projects,What are the applicant s publications?,1) Scientific Reports (2023); 2) ACS Sensors (2022 & 2023); 3) IEEE Trans. on Biomedical Engineering (2022); 4) AIP Advances (2022); 5) IEEE JPV (2019); and others,S2_Retrieve_Section,mistralai/Mistral-7B-Instruct-v0.3,"{
  ""predicted_answer"": ""Not found"",
  ""rationale"": ""The provided CV section does not contain any information about the applicant's publications."",
  ""confidence_score"": 1.0
}",,,,1.3103859424591064,0.0002682209014892578,1.3101177215576172,1155,52,0.0,,,,,,,,E2_QA_Accuracy,"Ajanta Saha PhD Candidate, Dept. of ECE, Purdue University, 465 Northwestern Ave, West Lafayette, Indiana -47907 Email: saha.ajanta15@gmail.com Mobile: (765)4094631 Linkedin: linkedin.com/in/ajanta-saha Objective Seeking full-time engineering/research position in electrical/electrochemical device/circuit modeling, characterization, and reliability analysis. Education Purdue University, West Lafayette, Indiana, USA Jan 2020 – Apr 2024 PhD in Electrical and Computer Engineering | CGPA: 4.0/4.0 Bangladesh University of Engineering and Technology (BUET), Dhaka, Bangladesh Oct 2017 – Dec 2019 Master of Science (M.Sc.) in Electrical and Electronic Engineering | CGPA: 3.92/4.0 Bangladesh University of Engineering and Technology (BUET), Dhaka, Bangladesh Feb 2013 – Sep 2017 Bachelor of Science (B.Sc.) in Electrical and Electronic Engineering | CGPA: 3.98/4.0 (1st among 214 students) Technical Skills Programming Languages: C, C++, Python, Verilog Circuit Simulator & Design Tools : Cadence (Virtuoso), PSPICE, Quartus, Proteus, MATLAB Simulink Device Simulator & Numerical Analysis : COMSOL, MATLAB, Lumerical Laboratory Characterization Tools: Potentiometer, EIS (Gamry Instruments), Oscilloscope, Microcontroller Data Analytics: Statistical Analysis, Time Series Analysis, Machine Learning Research Experience Laboratory for Classical and Emerging Electronic Devices (CEED), Purdue University Jan 2020 – Present Graduate Research Assistant | Advisor: Muhammad Ashraful Alam Circuit design and characterization of dual sensor & energy harvester | skills: EIS, PSPICE, Arduino, accelerated testing • Created energy harvester with potentiometric sensor and developed its circuit model using Electrochemical Impedance Spectroscopy (EIS) to project power yield, voltage stability, degradation, lifetime and aging effect • Designed a microcontroller (Arduino) based accelerated testing system to experimentally validate circuit model • Improved power yield by 400 × by improving material characteristic of harvester guided by circuit model [5] Physics-based analytical and numerical modeling of electrochemical sensor | skills: COMSOL • Proposed analytical model to predict response time, sensor-to-sensor variation, signal-to-noise ratio of electrochemical sensors for healthcare/environmental applications by solving drift-diffusion (ODE/PDE) equations [6] • Built coupled electro-chemical simulation framework in COMSOL to validate proposed model and experiential results • Collaborated in developing physics (analytical model) guided ML framework for accelerated testing of sensor [9] Time-series data analysis algorithm for high precision sensing | skills: statistical methods, Python, pandas • Developed maximum likelihood estimation (MLE) based algorithm in Python to obtain actual signal from noisy data and measure credibility/reliability of sensors in continuous healthcare/environmental monitoring systems [1] • Achieved up to 99% pH sensing accuracy by correcting radiation/temperature/bio-fouling induced drifts and reduced energy cost of edge IoT sensors by 3x using credibility based data transmission • Improved accuracy of machine learning (ML) models for predicting sensor performance from image analysis by credibility based data filtering [8] Physics-guided drift monitoring and calibration of sensor | skills: modeling, experiments, reliability characterization • Invented thermometer-free analyte temperature estimation method only from voltage measurement of sensors [2-3] • Characterized drift and degradation of electrochemical sensors under long-term thermal cycle • Developed a physics-based drift detection and self-calibration algorithm using ambient temperature supervision to obtain nitrate concentration within 10% of laboratory precision in agricultural field [4][7] Solid-state Electronics and Photonics (SSEP) research group, BUET Oct 2017 – Dec 2019 Graduate student | Advisor:"
ajanta_saha,ajanta_saha_Q23,Research and Projects,Did the applicant outline the approach or methodology they used?,"Yes. Applied analytical modeling, COMSOL simulations, MLE-based statistical analysis, physics-guided ML, and drift detection using voltage data.",S2_Retrieve_Section,mistralai/Mistral-7B-Instruct-v0.3,"{
  ""predicted_answer"": ""Yes"",
  ""rationale"": ""The applicant outlined the approach or methodology they used in various research projects, such as creating an energy harvester circuit model using Electrochemical Impedance Spectroscopy (EIS), proposing an analytical model to predict response time, sensor-to-sensor variation, and signal-to-noise ratio of electrochemical sensors, developing a maximum likelihood estimation (MLE) based algorithm in Python, and inventing a thermometer-free analyte temperature estimation method."",
  ""confidence_score"":",,,,2.9267711639404297,0.0002970695495605469,2.926474094390869,1160,129,0.0,,,,,,,,E2_QA_Accuracy,"Ajanta Saha PhD Candidate, Dept. of ECE, Purdue University, 465 Northwestern Ave, West Lafayette, Indiana -47907 Email: saha.ajanta15@gmail.com Mobile: (765)4094631 Linkedin: linkedin.com/in/ajanta-saha Objective Seeking full-time engineering/research position in electrical/electrochemical device/circuit modeling, characterization, and reliability analysis. Education Purdue University, West Lafayette, Indiana, USA Jan 2020 – Apr 2024 PhD in Electrical and Computer Engineering | CGPA: 4.0/4.0 Bangladesh University of Engineering and Technology (BUET), Dhaka, Bangladesh Oct 2017 – Dec 2019 Master of Science (M.Sc.) in Electrical and Electronic Engineering | CGPA: 3.92/4.0 Bangladesh University of Engineering and Technology (BUET), Dhaka, Bangladesh Feb 2013 – Sep 2017 Bachelor of Science (B.Sc.) in Electrical and Electronic Engineering | CGPA: 3.98/4.0 (1st among 214 students) Technical Skills Programming Languages: C, C++, Python, Verilog Circuit Simulator & Design Tools : Cadence (Virtuoso), PSPICE, Quartus, Proteus, MATLAB Simulink Device Simulator & Numerical Analysis : COMSOL, MATLAB, Lumerical Laboratory Characterization Tools: Potentiometer, EIS (Gamry Instruments), Oscilloscope, Microcontroller Data Analytics: Statistical Analysis, Time Series Analysis, Machine Learning Research Experience Laboratory for Classical and Emerging Electronic Devices (CEED), Purdue University Jan 2020 – Present Graduate Research Assistant | Advisor: Muhammad Ashraful Alam Circuit design and characterization of dual sensor & energy harvester | skills: EIS, PSPICE, Arduino, accelerated testing • Created energy harvester with potentiometric sensor and developed its circuit model using Electrochemical Impedance Spectroscopy (EIS) to project power yield, voltage stability, degradation, lifetime and aging effect • Designed a microcontroller (Arduino) based accelerated testing system to experimentally validate circuit model • Improved power yield by 400 × by improving material characteristic of harvester guided by circuit model [5] Physics-based analytical and numerical modeling of electrochemical sensor | skills: COMSOL • Proposed analytical model to predict response time, sensor-to-sensor variation, signal-to-noise ratio of electrochemical sensors for healthcare/environmental applications by solving drift-diffusion (ODE/PDE) equations [6] • Built coupled electro-chemical simulation framework in COMSOL to validate proposed model and experiential results • Collaborated in developing physics (analytical model) guided ML framework for accelerated testing of sensor [9] Time-series data analysis algorithm for high precision sensing | skills: statistical methods, Python, pandas • Developed maximum likelihood estimation (MLE) based algorithm in Python to obtain actual signal from noisy data and measure credibility/reliability of sensors in continuous healthcare/environmental monitoring systems [1] • Achieved up to 99% pH sensing accuracy by correcting radiation/temperature/bio-fouling induced drifts and reduced energy cost of edge IoT sensors by 3x using credibility based data transmission • Improved accuracy of machine learning (ML) models for predicting sensor performance from image analysis by credibility based data filtering [8] Physics-guided drift monitoring and calibration of sensor | skills: modeling, experiments, reliability characterization • Invented thermometer-free analyte temperature estimation method only from voltage measurement of sensors [2-3] • Characterized drift and degradation of electrochemical sensors under long-term thermal cycle • Developed a physics-based drift detection and self-calibration algorithm using ambient temperature supervision to obtain nitrate concentration within 10% of laboratory precision in agricultural field [4][7] Solid-state Electronics and Photonics (SSEP) research group, BUET Oct 2017 – Dec 2019 Graduate student | Advisor:"
ajanta_saha,ajanta_saha_Q24,Research and Projects,What are the applicant's research areas?,"Electrochemical Sensors, Energy Harvesters, Circuit Modeling, IoT Devices, Photovoltaics, Reliability Analysis",S2_Retrieve_Section,mistralai/Mistral-7B-Instruct-v0.3,"{
  ""predicted_answer"": [""Electrical/electrochemical device/circuit modeling, characterization, and reliability analysis""],
  ""rationale"": [""The objective statement clearly mentions seeking a full-time engineering/research position in electrical/electrochemical device/circuit modeling, characterization, and reliability analysis.""],
  ""confidence_score"": 1.0
}",,,,3.0853021144866943,0.0005333423614501953,3.084768772125244,1157,92,0.0,,,,,,,,E2_QA_Accuracy,"Ajanta Saha PhD Candidate, Dept. of ECE, Purdue University, 465 Northwestern Ave, West Lafayette, Indiana -47907 Email: saha.ajanta15@gmail.com Mobile: (765)4094631 Linkedin: linkedin.com/in/ajanta-saha Objective Seeking full-time engineering/research position in electrical/electrochemical device/circuit modeling, characterization, and reliability analysis. Education Purdue University, West Lafayette, Indiana, USA Jan 2020 – Apr 2024 PhD in Electrical and Computer Engineering | CGPA: 4.0/4.0 Bangladesh University of Engineering and Technology (BUET), Dhaka, Bangladesh Oct 2017 – Dec 2019 Master of Science (M.Sc.) in Electrical and Electronic Engineering | CGPA: 3.92/4.0 Bangladesh University of Engineering and Technology (BUET), Dhaka, Bangladesh Feb 2013 – Sep 2017 Bachelor of Science (B.Sc.) in Electrical and Electronic Engineering | CGPA: 3.98/4.0 (1st among 214 students) Technical Skills Programming Languages: C, C++, Python, Verilog Circuit Simulator & Design Tools : Cadence (Virtuoso), PSPICE, Quartus, Proteus, MATLAB Simulink Device Simulator & Numerical Analysis : COMSOL, MATLAB, Lumerical Laboratory Characterization Tools: Potentiometer, EIS (Gamry Instruments), Oscilloscope, Microcontroller Data Analytics: Statistical Analysis, Time Series Analysis, Machine Learning Research Experience Laboratory for Classical and Emerging Electronic Devices (CEED), Purdue University Jan 2020 – Present Graduate Research Assistant | Advisor: Muhammad Ashraful Alam Circuit design and characterization of dual sensor & energy harvester | skills: EIS, PSPICE, Arduino, accelerated testing • Created energy harvester with potentiometric sensor and developed its circuit model using Electrochemical Impedance Spectroscopy (EIS) to project power yield, voltage stability, degradation, lifetime and aging effect • Designed a microcontroller (Arduino) based accelerated testing system to experimentally validate circuit model • Improved power yield by 400 × by improving material characteristic of harvester guided by circuit model [5] Physics-based analytical and numerical modeling of electrochemical sensor | skills: COMSOL • Proposed analytical model to predict response time, sensor-to-sensor variation, signal-to-noise ratio of electrochemical sensors for healthcare/environmental applications by solving drift-diffusion (ODE/PDE) equations [6] • Built coupled electro-chemical simulation framework in COMSOL to validate proposed model and experiential results • Collaborated in developing physics (analytical model) guided ML framework for accelerated testing of sensor [9] Time-series data analysis algorithm for high precision sensing | skills: statistical methods, Python, pandas • Developed maximum likelihood estimation (MLE) based algorithm in Python to obtain actual signal from noisy data and measure credibility/reliability of sensors in continuous healthcare/environmental monitoring systems [1] • Achieved up to 99% pH sensing accuracy by correcting radiation/temperature/bio-fouling induced drifts and reduced energy cost of edge IoT sensors by 3x using credibility based data transmission • Improved accuracy of machine learning (ML) models for predicting sensor performance from image analysis by credibility based data filtering [8] Physics-guided drift monitoring and calibration of sensor | skills: modeling, experiments, reliability characterization • Invented thermometer-free analyte temperature estimation method only from voltage measurement of sensors [2-3] • Characterized drift and degradation of electrochemical sensors under long-term thermal cycle • Developed a physics-based drift detection and self-calibration algorithm using ambient temperature supervision to obtain nitrate concentration within 10% of laboratory precision in agricultural field [4][7] Solid-state Electronics and Photonics (SSEP) research group, BUET Oct 2017 – Dec 2019 Graduate student | Advisor:"
ajanta_saha,ajanta_saha_Q25,Skills,What are the applicant s key soft skills?,"Analytical thinking, communication, teaching, teamwork, problem-solving, programming",S2_Retrieve_Section,mistralai/Mistral-7B-Instruct-v0.3,"{
  ""predicted_answer"": [""Problem-solving"", ""Research"", ""Analytical"", ""Creativity"", ""Collaboration""],
  ""rationale"": [""The applicant has demonstrated problem-solving skills through the development of an energy harvester and a time-series data analysis algorithm. Research skills are evident from their work as a Graduate Research Assistant at Purdue University and a Graduate student at BUET. Analytical skills are shown in their use of Electrochemical Impedance Spectroscopy (EIS), COMSOL, and statistical methods",,,,4.25347900390625,0.00029277801513671875,4.253186225891113,1157,129,0.0,,,,,,,,E2_QA_Accuracy,"Ajanta Saha PhD Candidate, Dept. of ECE, Purdue University, 465 Northwestern Ave, West Lafayette, Indiana -47907 Email: saha.ajanta15@gmail.com Mobile: (765)4094631 Linkedin: linkedin.com/in/ajanta-saha Objective Seeking full-time engineering/research position in electrical/electrochemical device/circuit modeling, characterization, and reliability analysis. Education Purdue University, West Lafayette, Indiana, USA Jan 2020 – Apr 2024 PhD in Electrical and Computer Engineering | CGPA: 4.0/4.0 Bangladesh University of Engineering and Technology (BUET), Dhaka, Bangladesh Oct 2017 – Dec 2019 Master of Science (M.Sc.) in Electrical and Electronic Engineering | CGPA: 3.92/4.0 Bangladesh University of Engineering and Technology (BUET), Dhaka, Bangladesh Feb 2013 – Sep 2017 Bachelor of Science (B.Sc.) in Electrical and Electronic Engineering | CGPA: 3.98/4.0 (1st among 214 students) Technical Skills Programming Languages: C, C++, Python, Verilog Circuit Simulator & Design Tools : Cadence (Virtuoso), PSPICE, Quartus, Proteus, MATLAB Simulink Device Simulator & Numerical Analysis : COMSOL, MATLAB, Lumerical Laboratory Characterization Tools: Potentiometer, EIS (Gamry Instruments), Oscilloscope, Microcontroller Data Analytics: Statistical Analysis, Time Series Analysis, Machine Learning Research Experience Laboratory for Classical and Emerging Electronic Devices (CEED), Purdue University Jan 2020 – Present Graduate Research Assistant | Advisor: Muhammad Ashraful Alam Circuit design and characterization of dual sensor & energy harvester | skills: EIS, PSPICE, Arduino, accelerated testing • Created energy harvester with potentiometric sensor and developed its circuit model using Electrochemical Impedance Spectroscopy (EIS) to project power yield, voltage stability, degradation, lifetime and aging effect • Designed a microcontroller (Arduino) based accelerated testing system to experimentally validate circuit model • Improved power yield by 400 × by improving material characteristic of harvester guided by circuit model [5] Physics-based analytical and numerical modeling of electrochemical sensor | skills: COMSOL • Proposed analytical model to predict response time, sensor-to-sensor variation, signal-to-noise ratio of electrochemical sensors for healthcare/environmental applications by solving drift-diffusion (ODE/PDE) equations [6] • Built coupled electro-chemical simulation framework in COMSOL to validate proposed model and experiential results • Collaborated in developing physics (analytical model) guided ML framework for accelerated testing of sensor [9] Time-series data analysis algorithm for high precision sensing | skills: statistical methods, Python, pandas • Developed maximum likelihood estimation (MLE) based algorithm in Python to obtain actual signal from noisy data and measure credibility/reliability of sensors in continuous healthcare/environmental monitoring systems [1] • Achieved up to 99% pH sensing accuracy by correcting radiation/temperature/bio-fouling induced drifts and reduced energy cost of edge IoT sensors by 3x using credibility based data transmission • Improved accuracy of machine learning (ML) models for predicting sensor performance from image analysis by credibility based data filtering [8] Physics-guided drift monitoring and calibration of sensor | skills: modeling, experiments, reliability characterization • Invented thermometer-free analyte temperature estimation method only from voltage measurement of sensors [2-3] • Characterized drift and degradation of electrochemical sensors under long-term thermal cycle • Developed a physics-based drift detection and self-calibration algorithm using ambient temperature supervision to obtain nitrate concentration within 10% of laboratory precision in agricultural field [4][7] Solid-state Electronics and Photonics (SSEP) research group, BUET Oct 2017 – Dec 2019 Graduate student | Advisor:"
ajanta_saha,ajanta_saha_Q26,Skills,"Are there any certifications, licenses, or trainings listed by the applicant?","Yes. Extensive hands-on experience with COMSOL, Cadence, Lumerical, data analytics, circuit design, and microcontroller systems.",S2_Retrieve_Section,mistralai/Mistral-7B-Instruct-v0.3,"{
  ""predicted_answer"": ""Not found"",
  ""rationale"": ""The provided CV section does not list any certifications, licenses, or trainings."",
  ""confidence_score"": 1.0
}",,,,1.822152853012085,0.0005013942718505859,1.8216514587402344,1164,52,0.0,,,,,,,,E2_QA_Accuracy,"Ajanta Saha PhD Candidate, Dept. of ECE, Purdue University, 465 Northwestern Ave, West Lafayette, Indiana -47907 Email: saha.ajanta15@gmail.com Mobile: (765)4094631 Linkedin: linkedin.com/in/ajanta-saha Objective Seeking full-time engineering/research position in electrical/electrochemical device/circuit modeling, characterization, and reliability analysis. Education Purdue University, West Lafayette, Indiana, USA Jan 2020 – Apr 2024 PhD in Electrical and Computer Engineering | CGPA: 4.0/4.0 Bangladesh University of Engineering and Technology (BUET), Dhaka, Bangladesh Oct 2017 – Dec 2019 Master of Science (M.Sc.) in Electrical and Electronic Engineering | CGPA: 3.92/4.0 Bangladesh University of Engineering and Technology (BUET), Dhaka, Bangladesh Feb 2013 – Sep 2017 Bachelor of Science (B.Sc.) in Electrical and Electronic Engineering | CGPA: 3.98/4.0 (1st among 214 students) Technical Skills Programming Languages: C, C++, Python, Verilog Circuit Simulator & Design Tools : Cadence (Virtuoso), PSPICE, Quartus, Proteus, MATLAB Simulink Device Simulator & Numerical Analysis : COMSOL, MATLAB, Lumerical Laboratory Characterization Tools: Potentiometer, EIS (Gamry Instruments), Oscilloscope, Microcontroller Data Analytics: Statistical Analysis, Time Series Analysis, Machine Learning Research Experience Laboratory for Classical and Emerging Electronic Devices (CEED), Purdue University Jan 2020 – Present Graduate Research Assistant | Advisor: Muhammad Ashraful Alam Circuit design and characterization of dual sensor & energy harvester | skills: EIS, PSPICE, Arduino, accelerated testing • Created energy harvester with potentiometric sensor and developed its circuit model using Electrochemical Impedance Spectroscopy (EIS) to project power yield, voltage stability, degradation, lifetime and aging effect • Designed a microcontroller (Arduino) based accelerated testing system to experimentally validate circuit model • Improved power yield by 400 × by improving material characteristic of harvester guided by circuit model [5] Physics-based analytical and numerical modeling of electrochemical sensor | skills: COMSOL • Proposed analytical model to predict response time, sensor-to-sensor variation, signal-to-noise ratio of electrochemical sensors for healthcare/environmental applications by solving drift-diffusion (ODE/PDE) equations [6] • Built coupled electro-chemical simulation framework in COMSOL to validate proposed model and experiential results • Collaborated in developing physics (analytical model) guided ML framework for accelerated testing of sensor [9] Time-series data analysis algorithm for high precision sensing | skills: statistical methods, Python, pandas • Developed maximum likelihood estimation (MLE) based algorithm in Python to obtain actual signal from noisy data and measure credibility/reliability of sensors in continuous healthcare/environmental monitoring systems [1] • Achieved up to 99% pH sensing accuracy by correcting radiation/temperature/bio-fouling induced drifts and reduced energy cost of edge IoT sensors by 3x using credibility based data transmission • Improved accuracy of machine learning (ML) models for predicting sensor performance from image analysis by credibility based data filtering [8] Physics-guided drift monitoring and calibration of sensor | skills: modeling, experiments, reliability characterization • Invented thermometer-free analyte temperature estimation method only from voltage measurement of sensors [2-3] • Characterized drift and degradation of electrochemical sensors under long-term thermal cycle • Developed a physics-based drift detection and self-calibration algorithm using ambient temperature supervision to obtain nitrate concentration within 10% of laboratory precision in agricultural field [4][7] Solid-state Electronics and Photonics (SSEP) research group, BUET Oct 2017 – Dec 2019 Graduate student | Advisor:"
ajanta_saha,ajanta_saha_Q27,Skills,Did the applicant describe a situation where they applied one of their key skills effectively?,Yes. Used EIS and Arduino to validate sensor model; created nitrate sensor with ambient calibration achieving near-lab accuracy; supervised students in labs.,S2_Retrieve_Section,mistralai/Mistral-7B-Instruct-v0.3,"{
  ""predicted_answer"": ""Yes, the applicant described a situation where they applied their skills effectively in the project 'Physics-based analytical and numerical modeling of electrochemical sensor'."",
  ""rationale"": ""The applicant mentioned creating an analytical model to predict response time, sensor-to-sensor variation, signal-to-noise ratio of electrochemical sensors for healthcare/environmental applications. This involves solving drift-diffusion (ODE/PDE) equations, which is a skill mentioned under Technical Skills."",
  ""confidence_score"": 1.",,,,4.2430055141448975,0.0003204345703125,4.242685079574585,1164,129,0.0,,,,,,,,E2_QA_Accuracy,"Ajanta Saha PhD Candidate, Dept. of ECE, Purdue University, 465 Northwestern Ave, West Lafayette, Indiana -47907 Email: saha.ajanta15@gmail.com Mobile: (765)4094631 Linkedin: linkedin.com/in/ajanta-saha Objective Seeking full-time engineering/research position in electrical/electrochemical device/circuit modeling, characterization, and reliability analysis. Education Purdue University, West Lafayette, Indiana, USA Jan 2020 – Apr 2024 PhD in Electrical and Computer Engineering | CGPA: 4.0/4.0 Bangladesh University of Engineering and Technology (BUET), Dhaka, Bangladesh Oct 2017 – Dec 2019 Master of Science (M.Sc.) in Electrical and Electronic Engineering | CGPA: 3.92/4.0 Bangladesh University of Engineering and Technology (BUET), Dhaka, Bangladesh Feb 2013 – Sep 2017 Bachelor of Science (B.Sc.) in Electrical and Electronic Engineering | CGPA: 3.98/4.0 (1st among 214 students) Technical Skills Programming Languages: C, C++, Python, Verilog Circuit Simulator & Design Tools : Cadence (Virtuoso), PSPICE, Quartus, Proteus, MATLAB Simulink Device Simulator & Numerical Analysis : COMSOL, MATLAB, Lumerical Laboratory Characterization Tools: Potentiometer, EIS (Gamry Instruments), Oscilloscope, Microcontroller Data Analytics: Statistical Analysis, Time Series Analysis, Machine Learning Research Experience Laboratory for Classical and Emerging Electronic Devices (CEED), Purdue University Jan 2020 – Present Graduate Research Assistant | Advisor: Muhammad Ashraful Alam Circuit design and characterization of dual sensor & energy harvester | skills: EIS, PSPICE, Arduino, accelerated testing • Created energy harvester with potentiometric sensor and developed its circuit model using Electrochemical Impedance Spectroscopy (EIS) to project power yield, voltage stability, degradation, lifetime and aging effect • Designed a microcontroller (Arduino) based accelerated testing system to experimentally validate circuit model • Improved power yield by 400 × by improving material characteristic of harvester guided by circuit model [5] Physics-based analytical and numerical modeling of electrochemical sensor | skills: COMSOL • Proposed analytical model to predict response time, sensor-to-sensor variation, signal-to-noise ratio of electrochemical sensors for healthcare/environmental applications by solving drift-diffusion (ODE/PDE) equations [6] • Built coupled electro-chemical simulation framework in COMSOL to validate proposed model and experiential results • Collaborated in developing physics (analytical model) guided ML framework for accelerated testing of sensor [9] Time-series data analysis algorithm for high precision sensing | skills: statistical methods, Python, pandas • Developed maximum likelihood estimation (MLE) based algorithm in Python to obtain actual signal from noisy data and measure credibility/reliability of sensors in continuous healthcare/environmental monitoring systems [1] • Achieved up to 99% pH sensing accuracy by correcting radiation/temperature/bio-fouling induced drifts and reduced energy cost of edge IoT sensors by 3x using credibility based data transmission • Improved accuracy of machine learning (ML) models for predicting sensor performance from image analysis by credibility based data filtering [8] Physics-guided drift monitoring and calibration of sensor | skills: modeling, experiments, reliability characterization • Invented thermometer-free analyte temperature estimation method only from voltage measurement of sensors [2-3] • Characterized drift and degradation of electrochemical sensors under long-term thermal cycle • Developed a physics-based drift detection and self-calibration algorithm using ambient temperature supervision to obtain nitrate concentration within 10% of laboratory precision in agricultural field [4][7] Solid-state Electronics and Photonics (SSEP) research group, BUET Oct 2017 – Dec 2019 Graduate student | Advisor:"
ajanta_saha,ajanta_saha_Q28,Awards & Extracurricular Activities,"Has the applicant received any awards or recognitions? If so, which is the most significant?",Yes. University Gold Medal (for highest CGPA in entire batch) and Undergraduate Program Excellency Award (top student in department).,S2_Retrieve_Section,mistralai/Mistral-7B-Instruct-v0.3,"{
  ""predicted_answer"": ""Not found"",
  ""rationale"": ""The provided CV section does not mention any awards or recognitions received by the applicant."",
  ""confidence_score"": 1.0
}",,,,1.6823687553405762,0.0002620220184326172,1.6821067333221436,1167,53,0.0,,,,,,,,E2_QA_Accuracy,"Ajanta Saha PhD Candidate, Dept. of ECE, Purdue University, 465 Northwestern Ave, West Lafayette, Indiana -47907 Email: saha.ajanta15@gmail.com Mobile: (765)4094631 Linkedin: linkedin.com/in/ajanta-saha Objective Seeking full-time engineering/research position in electrical/electrochemical device/circuit modeling, characterization, and reliability analysis. Education Purdue University, West Lafayette, Indiana, USA Jan 2020 – Apr 2024 PhD in Electrical and Computer Engineering | CGPA: 4.0/4.0 Bangladesh University of Engineering and Technology (BUET), Dhaka, Bangladesh Oct 2017 – Dec 2019 Master of Science (M.Sc.) in Electrical and Electronic Engineering | CGPA: 3.92/4.0 Bangladesh University of Engineering and Technology (BUET), Dhaka, Bangladesh Feb 2013 – Sep 2017 Bachelor of Science (B.Sc.) in Electrical and Electronic Engineering | CGPA: 3.98/4.0 (1st among 214 students) Technical Skills Programming Languages: C, C++, Python, Verilog Circuit Simulator & Design Tools : Cadence (Virtuoso), PSPICE, Quartus, Proteus, MATLAB Simulink Device Simulator & Numerical Analysis : COMSOL, MATLAB, Lumerical Laboratory Characterization Tools: Potentiometer, EIS (Gamry Instruments), Oscilloscope, Microcontroller Data Analytics: Statistical Analysis, Time Series Analysis, Machine Learning Research Experience Laboratory for Classical and Emerging Electronic Devices (CEED), Purdue University Jan 2020 – Present Graduate Research Assistant | Advisor: Muhammad Ashraful Alam Circuit design and characterization of dual sensor & energy harvester | skills: EIS, PSPICE, Arduino, accelerated testing • Created energy harvester with potentiometric sensor and developed its circuit model using Electrochemical Impedance Spectroscopy (EIS) to project power yield, voltage stability, degradation, lifetime and aging effect • Designed a microcontroller (Arduino) based accelerated testing system to experimentally validate circuit model • Improved power yield by 400 × by improving material characteristic of harvester guided by circuit model [5] Physics-based analytical and numerical modeling of electrochemical sensor | skills: COMSOL • Proposed analytical model to predict response time, sensor-to-sensor variation, signal-to-noise ratio of electrochemical sensors for healthcare/environmental applications by solving drift-diffusion (ODE/PDE) equations [6] • Built coupled electro-chemical simulation framework in COMSOL to validate proposed model and experiential results • Collaborated in developing physics (analytical model) guided ML framework for accelerated testing of sensor [9] Time-series data analysis algorithm for high precision sensing | skills: statistical methods, Python, pandas • Developed maximum likelihood estimation (MLE) based algorithm in Python to obtain actual signal from noisy data and measure credibility/reliability of sensors in continuous healthcare/environmental monitoring systems [1] • Achieved up to 99% pH sensing accuracy by correcting radiation/temperature/bio-fouling induced drifts and reduced energy cost of edge IoT sensors by 3x using credibility based data transmission • Improved accuracy of machine learning (ML) models for predicting sensor performance from image analysis by credibility based data filtering [8] Physics-guided drift monitoring and calibration of sensor | skills: modeling, experiments, reliability characterization • Invented thermometer-free analyte temperature estimation method only from voltage measurement of sensors [2-3] • Characterized drift and degradation of electrochemical sensors under long-term thermal cycle • Developed a physics-based drift detection and self-calibration algorithm using ambient temperature supervision to obtain nitrate concentration within 10% of laboratory precision in agricultural field [4][7] Solid-state Electronics and Photonics (SSEP) research group, BUET Oct 2017 – Dec 2019 Graduate student | Advisor:"
ajanta_saha,ajanta_saha_Q29,Awards & Extracurricular Activities,Did the applicant share a brief overview of an extracurricular or volunteer activity they have been involved in?,Yes. Served as faculty member at BUET; supervised labs and mentored students in electronic and power courses,S2_Retrieve_Section,mistralai/Mistral-7B-Instruct-v0.3,"{
  ""predicted_answer"": ""Not found"",
  ""rationale"": ""The provided CV section does not contain any information about extracurricular or volunteer activities."",
  ""confidence_score"": 1.0
}",,,,1.2131562232971191,0.0002570152282714844,1.2128992080688477,887,54,0.0,,,,,,,,E2_QA_Accuracy,"Y. Mi, N. Glassmaker, A. Shakouri, M. A. Alam, In Situ Drift Monitoring and Calibration of Field-Deployed Potentiometric Sensors Using Temperature Supervision, ACS Sensors, 2023. [5] A. Saha, M. A. Alam, Signal as an Energy Source: Potentiometric Sensors as an Energy Harvester (Under review) [6] X. Jin, A. Saha, H. Jiang, M. R. Oduncu, Q. Yang, S. Sedaghat, K. Maize, J. P. Allebach, A. Shakouri, N. Glassmaker, A. Wei, R. Rahimi, M. A. Alam, Steady-State and Transient Performance of Ion-Sensitive Electrodes Suitable for Wearable and Implantable Electro-Chemical Sensing, IEEE Transactions on Biomed. Eng. , 2022. [7] A. Saha, S. Gopalakrishnan, J. Waimin, S. Sedaghat, Y. Mi, N. Glassmaker, M. Cakmak, A. Shakouri, R. Rahimi, M. A. Alam, Embrace the Imperfection: How Intrinsic Variability of Roll-to-Roll Manufactured Environmental Sensors Enable Self-Calibrating, High-Precision Quorum Sensing, Proceedings of the ASME, 2022. [8] X. Wang, A. Saha, Y. Mi, A. Shakouri, M. A. Alam, G. T. Chiu, J. P. Allebach, Thin-Film Nitrate Sensor Performance Prediction Based on Image Analysis and Credibility Data to Enable a Certify As Built Framework, Proceedings of the ASME, 2022. [9] S. C. Mouli, S. Sedaghat, M. R. Oduncu, A. Saha, R. Rahimi, M. A. Alam, A. Wei, A. Shakouri, B. Ribeiro, Physics-Informed Machine Learning for Accelerated Testing of Roll-to-Roll Printed Sensors, Proceedings of the ASME, 2022. [10] A. Saha, K. A. Haque, M. Z. Baten, Performance evaluation of single-junction indoor photovoltaic devices for different absorber bandgaps under spectrally varying white light-emitting diodes, IEEE Journal of Photovoltaics , 2019. [11] A. Saha, E. Maria, M. Z. Baten, Spectra dependent photonic structure design for energy harvesting by indoor photovoltaic devices, AIP Advances, 2022. [12] A. Saha, J. B. Jahangir, 8T-SRAM with computing-in-memory (CiM) of addition of two 8-bit words, 2023."
ajanta_saha,ajanta_saha_Q30,Awards & Extracurricular Activities,Did the applicant describe any notable academic achievements or honors received?,Yes. First in class with 3.98 CGPA; Gold Medal recipient; multiple high-impact publications,S2_Retrieve_Section,mistralai/Mistral-7B-Instruct-v0.3,"{
  ""predicted_answer"": ""Yes, the applicant mentioned that they graduated with a CGPA of 3.98/4.0 (1st among 214 students) in their Bachelor's degree."",
  ""rationale"": ""This information is found in the 'Education' section under 'Bachelor of Science (B.Sc.) in Electrical and Electronic Engineering'."",
  ""confidence_score"": 1.0
}",,,,2.4455666542053223,0.0002739429473876953,2.4452927112579346,1161,105,0.0,,,,,,,,E2_QA_Accuracy,"Ajanta Saha PhD Candidate, Dept. of ECE, Purdue University, 465 Northwestern Ave, West Lafayette, Indiana -47907 Email: saha.ajanta15@gmail.com Mobile: (765)4094631 Linkedin: linkedin.com/in/ajanta-saha Objective Seeking full-time engineering/research position in electrical/electrochemical device/circuit modeling, characterization, and reliability analysis. Education Purdue University, West Lafayette, Indiana, USA Jan 2020 – Apr 2024 PhD in Electrical and Computer Engineering | CGPA: 4.0/4.0 Bangladesh University of Engineering and Technology (BUET), Dhaka, Bangladesh Oct 2017 – Dec 2019 Master of Science (M.Sc.) in Electrical and Electronic Engineering | CGPA: 3.92/4.0 Bangladesh University of Engineering and Technology (BUET), Dhaka, Bangladesh Feb 2013 – Sep 2017 Bachelor of Science (B.Sc.) in Electrical and Electronic Engineering | CGPA: 3.98/4.0 (1st among 214 students) Technical Skills Programming Languages: C, C++, Python, Verilog Circuit Simulator & Design Tools : Cadence (Virtuoso), PSPICE, Quartus, Proteus, MATLAB Simulink Device Simulator & Numerical Analysis : COMSOL, MATLAB, Lumerical Laboratory Characterization Tools: Potentiometer, EIS (Gamry Instruments), Oscilloscope, Microcontroller Data Analytics: Statistical Analysis, Time Series Analysis, Machine Learning Research Experience Laboratory for Classical and Emerging Electronic Devices (CEED), Purdue University Jan 2020 – Present Graduate Research Assistant | Advisor: Muhammad Ashraful Alam Circuit design and characterization of dual sensor & energy harvester | skills: EIS, PSPICE, Arduino, accelerated testing • Created energy harvester with potentiometric sensor and developed its circuit model using Electrochemical Impedance Spectroscopy (EIS) to project power yield, voltage stability, degradation, lifetime and aging effect • Designed a microcontroller (Arduino) based accelerated testing system to experimentally validate circuit model • Improved power yield by 400 × by improving material characteristic of harvester guided by circuit model [5] Physics-based analytical and numerical modeling of electrochemical sensor | skills: COMSOL • Proposed analytical model to predict response time, sensor-to-sensor variation, signal-to-noise ratio of electrochemical sensors for healthcare/environmental applications by solving drift-diffusion (ODE/PDE) equations [6] • Built coupled electro-chemical simulation framework in COMSOL to validate proposed model and experiential results • Collaborated in developing physics (analytical model) guided ML framework for accelerated testing of sensor [9] Time-series data analysis algorithm for high precision sensing | skills: statistical methods, Python, pandas • Developed maximum likelihood estimation (MLE) based algorithm in Python to obtain actual signal from noisy data and measure credibility/reliability of sensors in continuous healthcare/environmental monitoring systems [1] • Achieved up to 99% pH sensing accuracy by correcting radiation/temperature/bio-fouling induced drifts and reduced energy cost of edge IoT sensors by 3x using credibility based data transmission • Improved accuracy of machine learning (ML) models for predicting sensor performance from image analysis by credibility based data filtering [8] Physics-guided drift monitoring and calibration of sensor | skills: modeling, experiments, reliability characterization • Invented thermometer-free analyte temperature estimation method only from voltage measurement of sensors [2-3] • Characterized drift and degradation of electrochemical sensors under long-term thermal cycle • Developed a physics-based drift detection and self-calibration algorithm using ambient temperature supervision to obtain nitrate concentration within 10% of laboratory precision in agricultural field [4][7] Solid-state Electronics and Photonics (SSEP) research group, BUET Oct 2017 – Dec 2019 Graduate student | Advisor:"
alan_zhu,alan_zhu_Q1,Personal Information,What is the applicant's full name?,Alan Zhu,S2_Retrieve_Section,mistralai/Mistral-7B-Instruct-v0.3,"{
  ""predicted_answer"": ""Alan Zhu"",
  ""rationale"": ""The name 'Alan Zhu' is listed at the beginning of the CV section."",
  ""confidence_score"": 1.0
}",,,,1.41428804397583,0.0001239776611328125,1.4141640663146973,1263,55,0.0,,,,,,,,E2_QA_Accuracy,"Alan Zhu Berkeley, California, USA aczhu@berkeley.edu https://az1326.github.io/ | https://www.linkedin.com/in/az1326/ | https://github.com/az1326 Education University of California, Berkeley Ph.D. in Computer Science | August 2024 - Present ● NSF Graduate Research Fellow Carnegie Mellon University B.S. in Computer Science, Additional Major in Statistics | August 2020 - May 2024 ● GPA: 4.0/4.0 ● University Honors; Dean’s List, High Honors; Senior Leadership Recognition Award Peer-Reviewed Publications ● Zhang, Z., Zhu, A. , Yang, L, Xu, Y., Li, L., Phothilimthana, P. M., Jia, Z. 2024. Accelerating Retrieval-augmented Language Model Serving with Speculation. ICML 2024. ● Miao, X., Oliaro, G., Zhang, Z., Cheng, X., Wang, Z., Wong, R. Y. Y., Zhu, A. , Yang, L., Shi, X., Shi, C., Chen, Z., Arfeen, D., Abhyankar, R., Jia, Z. 2024. SpecInfer: Accelerating Generative Large Language Model Serving with Speculative Inference and Token Tree Verification. ASPLOS 2024. ● Cui, Z., Wang, S., Han V. Y., Rae-Gran, T., Yang, W. Y., Zhu, A ., Hudson, S. E., Ion, A. 2024. Robotic Metamaterials. CHI 2024. Preprints ● Zhu, A. , Asawa, P., Davis, J. Q., Chen, L., Hanin, B., Stoica, I., Gonzalez, J. E., Zaharia, M. 2025. BARE: Leveraging Base Language Models for Few-Shot Synthetic Data Generation. ICML 2025 DataWorld Workshop Oral. arXiv: 2502.01697. ● Zhu, A. , Ma, J., Mei, Q. 2025. Efficient Estimation of Shortest-Path Distance Distributions to Samples in Graphs. arXiv: 2502.15890. Skills ● Programming Languages: Python, R, C, C++, Java ● Scientific Packages: PyTorch, Transformers, TRL, VERL, SkyRL, NetworkX ● Tools: Google Sheets, Google Docs, LaTeX, Git, Conda, Docker ● Languages: English (native), Mandarin (fluent), French (intermediate) Research Experience University of California, Berkeley; Department of EECS; Sky Computing Lab Graduate Student Researcher | August 2024 - Present ● Advised by Prof. Joseph Gonzalez. ● Current research interests in AI agent personalization and specialization, especially in data-scarce settings, as well as evaluation of agentic systems. Carnegie Mellon University; CS Department; Catalyst Lab Undergraduate Research Assistant | August 2022 - May 2024 ● Worked under the supervision of Prof. Zhihao Jia on ML Systems for speculative decoding and retrieval augmented generation. University of Michigan; School of Information; Foreseer Group Undergraduate Research Assistant | May 2021 - May 2024 ● Worked under the supervision of Prof. Qiaozhu Mei on a project related to shortest path distances to samples in a graph, with implications on fairness in graph neural networks. Carnegie Mellon University; HCI Institute; Interactive Structures Lab Undergraduate Research Assistant | May 2021 - May 2022 ● Worked under the supervision of Prof. Alexandra Ion on developing robotic metamaterials, scalable and robust mechanisms composed of grids of cells controlled by selectively placed actuated cells. T eaching Experience Carnegie Mellon University | Fall 2021 - Spring 2024 15-251 Great Ideas in Theoretical Computer Science Fall 2023 - Spring 2024: Head Teaching Assistant Fall 2023: Associate Head Teaching Assistant Fall 2021 - Spring 2023: Teaching Assistant ● Led recitations and office hours, graded and provided feedback on student work, managed course logistics, and trained new course staff. Contributed towards development of"
alan_zhu,alan_zhu_Q2,Personal Information,What is the applicant's LinkedIn?,https://www.linkedin.com/in/az1326/,S2_Retrieve_Section,mistralai/Mistral-7B-Instruct-v0.3,"{
  ""predicted_answer"": ""https://www.linkedin.com/in/az1326/"",
  ""rationale"": ""The LinkedIn profile URL is provided in the CV section."",
  ""confidence_score"": 1.0
}",,,,1.5025525093078613,0.00011157989501953125,1.5024409294128418,1263,62,0.0,,,,,,,,E2_QA_Accuracy,"Alan Zhu Berkeley, California, USA aczhu@berkeley.edu https://az1326.github.io/ | https://www.linkedin.com/in/az1326/ | https://github.com/az1326 Education University of California, Berkeley Ph.D. in Computer Science | August 2024 - Present ● NSF Graduate Research Fellow Carnegie Mellon University B.S. in Computer Science, Additional Major in Statistics | August 2020 - May 2024 ● GPA: 4.0/4.0 ● University Honors; Dean’s List, High Honors; Senior Leadership Recognition Award Peer-Reviewed Publications ● Zhang, Z., Zhu, A. , Yang, L, Xu, Y., Li, L., Phothilimthana, P. M., Jia, Z. 2024. Accelerating Retrieval-augmented Language Model Serving with Speculation. ICML 2024. ● Miao, X., Oliaro, G., Zhang, Z., Cheng, X., Wang, Z., Wong, R. Y. Y., Zhu, A. , Yang, L., Shi, X., Shi, C., Chen, Z., Arfeen, D., Abhyankar, R., Jia, Z. 2024. SpecInfer: Accelerating Generative Large Language Model Serving with Speculative Inference and Token Tree Verification. ASPLOS 2024. ● Cui, Z., Wang, S., Han V. Y., Rae-Gran, T., Yang, W. Y., Zhu, A ., Hudson, S. E., Ion, A. 2024. Robotic Metamaterials. CHI 2024. Preprints ● Zhu, A. , Asawa, P., Davis, J. Q., Chen, L., Hanin, B., Stoica, I., Gonzalez, J. E., Zaharia, M. 2025. BARE: Leveraging Base Language Models for Few-Shot Synthetic Data Generation. ICML 2025 DataWorld Workshop Oral. arXiv: 2502.01697. ● Zhu, A. , Ma, J., Mei, Q. 2025. Efficient Estimation of Shortest-Path Distance Distributions to Samples in Graphs. arXiv: 2502.15890. Skills ● Programming Languages: Python, R, C, C++, Java ● Scientific Packages: PyTorch, Transformers, TRL, VERL, SkyRL, NetworkX ● Tools: Google Sheets, Google Docs, LaTeX, Git, Conda, Docker ● Languages: English (native), Mandarin (fluent), French (intermediate) Research Experience University of California, Berkeley; Department of EECS; Sky Computing Lab Graduate Student Researcher | August 2024 - Present ● Advised by Prof. Joseph Gonzalez. ● Current research interests in AI agent personalization and specialization, especially in data-scarce settings, as well as evaluation of agentic systems. Carnegie Mellon University; CS Department; Catalyst Lab Undergraduate Research Assistant | August 2022 - May 2024 ● Worked under the supervision of Prof. Zhihao Jia on ML Systems for speculative decoding and retrieval augmented generation. University of Michigan; School of Information; Foreseer Group Undergraduate Research Assistant | May 2021 - May 2024 ● Worked under the supervision of Prof. Qiaozhu Mei on a project related to shortest path distances to samples in a graph, with implications on fairness in graph neural networks. Carnegie Mellon University; HCI Institute; Interactive Structures Lab Undergraduate Research Assistant | May 2021 - May 2022 ● Worked under the supervision of Prof. Alexandra Ion on developing robotic metamaterials, scalable and robust mechanisms composed of grids of cells controlled by selectively placed actuated cells. T eaching Experience Carnegie Mellon University | Fall 2021 - Spring 2024 15-251 Great Ideas in Theoretical Computer Science Fall 2023 - Spring 2024: Head Teaching Assistant Fall 2023: Associate Head Teaching Assistant Fall 2021 - Spring 2023: Teaching Assistant ● Led recitations and office hours, graded and provided feedback on student work, managed course logistics, and trained new course staff. Contributed towards development of"
alan_zhu,alan_zhu_Q3,Personal Information,What is the applicant's primary contact number?,nan,S2_Retrieve_Section,mistralai/Mistral-7B-Instruct-v0.3,"{
  ""predicted_answer"": ""Not found"",
  ""rationale"": ""The provided CV section does not contain a primary contact number for the applicant."",
  ""confidence_score"": 1.0
}",,,,1.2239878177642822,0.00015115737915039062,1.2238366603851318,1264,51,0.0,,,,,,,,E2_QA_Accuracy,"Alan Zhu Berkeley, California, USA aczhu@berkeley.edu https://az1326.github.io/ | https://www.linkedin.com/in/az1326/ | https://github.com/az1326 Education University of California, Berkeley Ph.D. in Computer Science | August 2024 - Present ● NSF Graduate Research Fellow Carnegie Mellon University B.S. in Computer Science, Additional Major in Statistics | August 2020 - May 2024 ● GPA: 4.0/4.0 ● University Honors; Dean’s List, High Honors; Senior Leadership Recognition Award Peer-Reviewed Publications ● Zhang, Z., Zhu, A. , Yang, L, Xu, Y., Li, L., Phothilimthana, P. M., Jia, Z. 2024. Accelerating Retrieval-augmented Language Model Serving with Speculation. ICML 2024. ● Miao, X., Oliaro, G., Zhang, Z., Cheng, X., Wang, Z., Wong, R. Y. Y., Zhu, A. , Yang, L., Shi, X., Shi, C., Chen, Z., Arfeen, D., Abhyankar, R., Jia, Z. 2024. SpecInfer: Accelerating Generative Large Language Model Serving with Speculative Inference and Token Tree Verification. ASPLOS 2024. ● Cui, Z., Wang, S., Han V. Y., Rae-Gran, T., Yang, W. Y., Zhu, A ., Hudson, S. E., Ion, A. 2024. Robotic Metamaterials. CHI 2024. Preprints ● Zhu, A. , Asawa, P., Davis, J. Q., Chen, L., Hanin, B., Stoica, I., Gonzalez, J. E., Zaharia, M. 2025. BARE: Leveraging Base Language Models for Few-Shot Synthetic Data Generation. ICML 2025 DataWorld Workshop Oral. arXiv: 2502.01697. ● Zhu, A. , Ma, J., Mei, Q. 2025. Efficient Estimation of Shortest-Path Distance Distributions to Samples in Graphs. arXiv: 2502.15890. Skills ● Programming Languages: Python, R, C, C++, Java ● Scientific Packages: PyTorch, Transformers, TRL, VERL, SkyRL, NetworkX ● Tools: Google Sheets, Google Docs, LaTeX, Git, Conda, Docker ● Languages: English (native), Mandarin (fluent), French (intermediate) Research Experience University of California, Berkeley; Department of EECS; Sky Computing Lab Graduate Student Researcher | August 2024 - Present ● Advised by Prof. Joseph Gonzalez. ● Current research interests in AI agent personalization and specialization, especially in data-scarce settings, as well as evaluation of agentic systems. Carnegie Mellon University; CS Department; Catalyst Lab Undergraduate Research Assistant | August 2022 - May 2024 ● Worked under the supervision of Prof. Zhihao Jia on ML Systems for speculative decoding and retrieval augmented generation. University of Michigan; School of Information; Foreseer Group Undergraduate Research Assistant | May 2021 - May 2024 ● Worked under the supervision of Prof. Qiaozhu Mei on a project related to shortest path distances to samples in a graph, with implications on fairness in graph neural networks. Carnegie Mellon University; HCI Institute; Interactive Structures Lab Undergraduate Research Assistant | May 2021 - May 2022 ● Worked under the supervision of Prof. Alexandra Ion on developing robotic metamaterials, scalable and robust mechanisms composed of grids of cells controlled by selectively placed actuated cells. T eaching Experience Carnegie Mellon University | Fall 2021 - Spring 2024 15-251 Great Ideas in Theoretical Computer Science Fall 2023 - Spring 2024: Head Teaching Assistant Fall 2023: Associate Head Teaching Assistant Fall 2021 - Spring 2023: Teaching Assistant ● Led recitations and office hours, graded and provided feedback on student work, managed course logistics, and trained new course staff. Contributed towards development of"
alan_zhu,alan_zhu_Q4,Personal Information,In which city and country is the applicant currently located?,"Berkeley, California, USA",S2_Retrieve_Section,mistralai/Mistral-7B-Instruct-v0.3,"{
  ""predicted_answer"": ""Berkeley, California, USA"",
  ""rationale"": ""The provided CV section mentions that the applicant is a Ph.D. student at the University of California, Berkeley."",
  ""confidence_score"": 1.0
}",,,,1.6080124378204346,0.0001232624053955078,1.607889175415039,1265,64,0.0,,,,,,,,E2_QA_Accuracy,"Alan Zhu Berkeley, California, USA aczhu@berkeley.edu https://az1326.github.io/ | https://www.linkedin.com/in/az1326/ | https://github.com/az1326 Education University of California, Berkeley Ph.D. in Computer Science | August 2024 - Present ● NSF Graduate Research Fellow Carnegie Mellon University B.S. in Computer Science, Additional Major in Statistics | August 2020 - May 2024 ● GPA: 4.0/4.0 ● University Honors; Dean’s List, High Honors; Senior Leadership Recognition Award Peer-Reviewed Publications ● Zhang, Z., Zhu, A. , Yang, L, Xu, Y., Li, L., Phothilimthana, P. M., Jia, Z. 2024. Accelerating Retrieval-augmented Language Model Serving with Speculation. ICML 2024. ● Miao, X., Oliaro, G., Zhang, Z., Cheng, X., Wang, Z., Wong, R. Y. Y., Zhu, A. , Yang, L., Shi, X., Shi, C., Chen, Z., Arfeen, D., Abhyankar, R., Jia, Z. 2024. SpecInfer: Accelerating Generative Large Language Model Serving with Speculative Inference and Token Tree Verification. ASPLOS 2024. ● Cui, Z., Wang, S., Han V. Y., Rae-Gran, T., Yang, W. Y., Zhu, A ., Hudson, S. E., Ion, A. 2024. Robotic Metamaterials. CHI 2024. Preprints ● Zhu, A. , Asawa, P., Davis, J. Q., Chen, L., Hanin, B., Stoica, I., Gonzalez, J. E., Zaharia, M. 2025. BARE: Leveraging Base Language Models for Few-Shot Synthetic Data Generation. ICML 2025 DataWorld Workshop Oral. arXiv: 2502.01697. ● Zhu, A. , Ma, J., Mei, Q. 2025. Efficient Estimation of Shortest-Path Distance Distributions to Samples in Graphs. arXiv: 2502.15890. Skills ● Programming Languages: Python, R, C, C++, Java ● Scientific Packages: PyTorch, Transformers, TRL, VERL, SkyRL, NetworkX ● Tools: Google Sheets, Google Docs, LaTeX, Git, Conda, Docker ● Languages: English (native), Mandarin (fluent), French (intermediate) Research Experience University of California, Berkeley; Department of EECS; Sky Computing Lab Graduate Student Researcher | August 2024 - Present ● Advised by Prof. Joseph Gonzalez. ● Current research interests in AI agent personalization and specialization, especially in data-scarce settings, as well as evaluation of agentic systems. Carnegie Mellon University; CS Department; Catalyst Lab Undergraduate Research Assistant | August 2022 - May 2024 ● Worked under the supervision of Prof. Zhihao Jia on ML Systems for speculative decoding and retrieval augmented generation. University of Michigan; School of Information; Foreseer Group Undergraduate Research Assistant | May 2021 - May 2024 ● Worked under the supervision of Prof. Qiaozhu Mei on a project related to shortest path distances to samples in a graph, with implications on fairness in graph neural networks. Carnegie Mellon University; HCI Institute; Interactive Structures Lab Undergraduate Research Assistant | May 2021 - May 2022 ● Worked under the supervision of Prof. Alexandra Ion on developing robotic metamaterials, scalable and robust mechanisms composed of grids of cells controlled by selectively placed actuated cells. T eaching Experience Carnegie Mellon University | Fall 2021 - Spring 2024 15-251 Great Ideas in Theoretical Computer Science Fall 2023 - Spring 2024: Head Teaching Assistant Fall 2023: Associate Head Teaching Assistant Fall 2021 - Spring 2023: Teaching Assistant ● Led recitations and office hours, graded and provided feedback on student work, managed course logistics, and trained new course staff. Contributed towards development of"
alan_zhu,alan_zhu_Q5,Personal Information,Did the applicant provide a brief professional summary or career objective?,"PhD candidate in Computer Science focused on AI agent personalization, speculative inference, and synthetic data generation.",S2_Retrieve_Section,mistralai/Mistral-7B-Instruct-v0.3,"{
  ""predicted_answer"": ""Not found"",
  ""rationale"": ""The provided CV section does not contain a brief professional summary or career objective."",
  ""confidence_score"": 1.0
}",,,,1.195080041885376,0.00011086463928222656,1.1949691772460938,1266,50,0.0,,,,,,,,E2_QA_Accuracy,"Alan Zhu Berkeley, California, USA aczhu@berkeley.edu https://az1326.github.io/ | https://www.linkedin.com/in/az1326/ | https://github.com/az1326 Education University of California, Berkeley Ph.D. in Computer Science | August 2024 - Present ● NSF Graduate Research Fellow Carnegie Mellon University B.S. in Computer Science, Additional Major in Statistics | August 2020 - May 2024 ● GPA: 4.0/4.0 ● University Honors; Dean’s List, High Honors; Senior Leadership Recognition Award Peer-Reviewed Publications ● Zhang, Z., Zhu, A. , Yang, L, Xu, Y., Li, L., Phothilimthana, P. M., Jia, Z. 2024. Accelerating Retrieval-augmented Language Model Serving with Speculation. ICML 2024. ● Miao, X., Oliaro, G., Zhang, Z., Cheng, X., Wang, Z., Wong, R. Y. Y., Zhu, A. , Yang, L., Shi, X., Shi, C., Chen, Z., Arfeen, D., Abhyankar, R., Jia, Z. 2024. SpecInfer: Accelerating Generative Large Language Model Serving with Speculative Inference and Token Tree Verification. ASPLOS 2024. ● Cui, Z., Wang, S., Han V. Y., Rae-Gran, T., Yang, W. Y., Zhu, A ., Hudson, S. E., Ion, A. 2024. Robotic Metamaterials. CHI 2024. Preprints ● Zhu, A. , Asawa, P., Davis, J. Q., Chen, L., Hanin, B., Stoica, I., Gonzalez, J. E., Zaharia, M. 2025. BARE: Leveraging Base Language Models for Few-Shot Synthetic Data Generation. ICML 2025 DataWorld Workshop Oral. arXiv: 2502.01697. ● Zhu, A. , Ma, J., Mei, Q. 2025. Efficient Estimation of Shortest-Path Distance Distributions to Samples in Graphs. arXiv: 2502.15890. Skills ● Programming Languages: Python, R, C, C++, Java ● Scientific Packages: PyTorch, Transformers, TRL, VERL, SkyRL, NetworkX ● Tools: Google Sheets, Google Docs, LaTeX, Git, Conda, Docker ● Languages: English (native), Mandarin (fluent), French (intermediate) Research Experience University of California, Berkeley; Department of EECS; Sky Computing Lab Graduate Student Researcher | August 2024 - Present ● Advised by Prof. Joseph Gonzalez. ● Current research interests in AI agent personalization and specialization, especially in data-scarce settings, as well as evaluation of agentic systems. Carnegie Mellon University; CS Department; Catalyst Lab Undergraduate Research Assistant | August 2022 - May 2024 ● Worked under the supervision of Prof. Zhihao Jia on ML Systems for speculative decoding and retrieval augmented generation. University of Michigan; School of Information; Foreseer Group Undergraduate Research Assistant | May 2021 - May 2024 ● Worked under the supervision of Prof. Qiaozhu Mei on a project related to shortest path distances to samples in a graph, with implications on fairness in graph neural networks. Carnegie Mellon University; HCI Institute; Interactive Structures Lab Undergraduate Research Assistant | May 2021 - May 2022 ● Worked under the supervision of Prof. Alexandra Ion on developing robotic metamaterials, scalable and robust mechanisms composed of grids of cells controlled by selectively placed actuated cells. T eaching Experience Carnegie Mellon University | Fall 2021 - Spring 2024 15-251 Great Ideas in Theoretical Computer Science Fall 2023 - Spring 2024: Head Teaching Assistant Fall 2023: Associate Head Teaching Assistant Fall 2021 - Spring 2023: Teaching Assistant ● Led recitations and office hours, graded and provided feedback on student work, managed course logistics, and trained new course staff. Contributed towards development of"
alan_zhu,alan_zhu_Q6,Education,What is the highest level of education the applicant has completed?,"Ph.D. in Computer Science (UC Berkeley, in progress)",S2_Retrieve_Section,mistralai/Mistral-7B-Instruct-v0.3,"{
  ""predicted_answer"": ""Ph.D. in Computer Science"",
  ""rationale"": ""The applicant is currently pursuing a Ph.D. in Computer Science at the University of California, Berkeley."",
  ""confidence_score"": 1.0
}",,,,1.6104974746704102,0.00012922286987304688,1.610368251800537,1266,63,0.0,,,,,,,,E2_QA_Accuracy,"Alan Zhu Berkeley, California, USA aczhu@berkeley.edu https://az1326.github.io/ | https://www.linkedin.com/in/az1326/ | https://github.com/az1326 Education University of California, Berkeley Ph.D. in Computer Science | August 2024 - Present ● NSF Graduate Research Fellow Carnegie Mellon University B.S. in Computer Science, Additional Major in Statistics | August 2020 - May 2024 ● GPA: 4.0/4.0 ● University Honors; Dean’s List, High Honors; Senior Leadership Recognition Award Peer-Reviewed Publications ● Zhang, Z., Zhu, A. , Yang, L, Xu, Y., Li, L., Phothilimthana, P. M., Jia, Z. 2024. Accelerating Retrieval-augmented Language Model Serving with Speculation. ICML 2024. ● Miao, X., Oliaro, G., Zhang, Z., Cheng, X., Wang, Z., Wong, R. Y. Y., Zhu, A. , Yang, L., Shi, X., Shi, C., Chen, Z., Arfeen, D., Abhyankar, R., Jia, Z. 2024. SpecInfer: Accelerating Generative Large Language Model Serving with Speculative Inference and Token Tree Verification. ASPLOS 2024. ● Cui, Z., Wang, S., Han V. Y., Rae-Gran, T., Yang, W. Y., Zhu, A ., Hudson, S. E., Ion, A. 2024. Robotic Metamaterials. CHI 2024. Preprints ● Zhu, A. , Asawa, P., Davis, J. Q., Chen, L., Hanin, B., Stoica, I., Gonzalez, J. E., Zaharia, M. 2025. BARE: Leveraging Base Language Models for Few-Shot Synthetic Data Generation. ICML 2025 DataWorld Workshop Oral. arXiv: 2502.01697. ● Zhu, A. , Ma, J., Mei, Q. 2025. Efficient Estimation of Shortest-Path Distance Distributions to Samples in Graphs. arXiv: 2502.15890. Skills ● Programming Languages: Python, R, C, C++, Java ● Scientific Packages: PyTorch, Transformers, TRL, VERL, SkyRL, NetworkX ● Tools: Google Sheets, Google Docs, LaTeX, Git, Conda, Docker ● Languages: English (native), Mandarin (fluent), French (intermediate) Research Experience University of California, Berkeley; Department of EECS; Sky Computing Lab Graduate Student Researcher | August 2024 - Present ● Advised by Prof. Joseph Gonzalez. ● Current research interests in AI agent personalization and specialization, especially in data-scarce settings, as well as evaluation of agentic systems. Carnegie Mellon University; CS Department; Catalyst Lab Undergraduate Research Assistant | August 2022 - May 2024 ● Worked under the supervision of Prof. Zhihao Jia on ML Systems for speculative decoding and retrieval augmented generation. University of Michigan; School of Information; Foreseer Group Undergraduate Research Assistant | May 2021 - May 2024 ● Worked under the supervision of Prof. Qiaozhu Mei on a project related to shortest path distances to samples in a graph, with implications on fairness in graph neural networks. Carnegie Mellon University; HCI Institute; Interactive Structures Lab Undergraduate Research Assistant | May 2021 - May 2022 ● Worked under the supervision of Prof. Alexandra Ion on developing robotic metamaterials, scalable and robust mechanisms composed of grids of cells controlled by selectively placed actuated cells. T eaching Experience Carnegie Mellon University | Fall 2021 - Spring 2024 15-251 Great Ideas in Theoretical Computer Science Fall 2023 - Spring 2024: Head Teaching Assistant Fall 2023: Associate Head Teaching Assistant Fall 2021 - Spring 2023: Teaching Assistant ● Led recitations and office hours, graded and provided feedback on student work, managed course logistics, and trained new course staff. Contributed towards development of"
alan_zhu,alan_zhu_Q7,Education,Which institutions did the applicant attend?,"University of California, Berkeley; Carnegie Mellon University",S2_Retrieve_Section,mistralai/Mistral-7B-Instruct-v0.3,"{
  ""predicted_answer"": [""University of California, Berkeley"", ""Carnegie Mellon University""],
  ""rationale"": ""The CV section lists two universities that the applicant attended: University of California, Berkeley and Carnegie Mellon University."",
  ""confidence_score"": 1.0
}",,,,1.866020917892456,0.0001251697540283203,1.8658957481384277,1261,74,0.0,,,,,,,,E2_QA_Accuracy,"Alan Zhu Berkeley, California, USA aczhu@berkeley.edu https://az1326.github.io/ | https://www.linkedin.com/in/az1326/ | https://github.com/az1326 Education University of California, Berkeley Ph.D. in Computer Science | August 2024 - Present ● NSF Graduate Research Fellow Carnegie Mellon University B.S. in Computer Science, Additional Major in Statistics | August 2020 - May 2024 ● GPA: 4.0/4.0 ● University Honors; Dean’s List, High Honors; Senior Leadership Recognition Award Peer-Reviewed Publications ● Zhang, Z., Zhu, A. , Yang, L, Xu, Y., Li, L., Phothilimthana, P. M., Jia, Z. 2024. Accelerating Retrieval-augmented Language Model Serving with Speculation. ICML 2024. ● Miao, X., Oliaro, G., Zhang, Z., Cheng, X., Wang, Z., Wong, R. Y. Y., Zhu, A. , Yang, L., Shi, X., Shi, C., Chen, Z., Arfeen, D., Abhyankar, R., Jia, Z. 2024. SpecInfer: Accelerating Generative Large Language Model Serving with Speculative Inference and Token Tree Verification. ASPLOS 2024. ● Cui, Z., Wang, S., Han V. Y., Rae-Gran, T., Yang, W. Y., Zhu, A ., Hudson, S. E., Ion, A. 2024. Robotic Metamaterials. CHI 2024. Preprints ● Zhu, A. , Asawa, P., Davis, J. Q., Chen, L., Hanin, B., Stoica, I., Gonzalez, J. E., Zaharia, M. 2025. BARE: Leveraging Base Language Models for Few-Shot Synthetic Data Generation. ICML 2025 DataWorld Workshop Oral. arXiv: 2502.01697. ● Zhu, A. , Ma, J., Mei, Q. 2025. Efficient Estimation of Shortest-Path Distance Distributions to Samples in Graphs. arXiv: 2502.15890. Skills ● Programming Languages: Python, R, C, C++, Java ● Scientific Packages: PyTorch, Transformers, TRL, VERL, SkyRL, NetworkX ● Tools: Google Sheets, Google Docs, LaTeX, Git, Conda, Docker ● Languages: English (native), Mandarin (fluent), French (intermediate) Research Experience University of California, Berkeley; Department of EECS; Sky Computing Lab Graduate Student Researcher | August 2024 - Present ● Advised by Prof. Joseph Gonzalez. ● Current research interests in AI agent personalization and specialization, especially in data-scarce settings, as well as evaluation of agentic systems. Carnegie Mellon University; CS Department; Catalyst Lab Undergraduate Research Assistant | August 2022 - May 2024 ● Worked under the supervision of Prof. Zhihao Jia on ML Systems for speculative decoding and retrieval augmented generation. University of Michigan; School of Information; Foreseer Group Undergraduate Research Assistant | May 2021 - May 2024 ● Worked under the supervision of Prof. Qiaozhu Mei on a project related to shortest path distances to samples in a graph, with implications on fairness in graph neural networks. Carnegie Mellon University; HCI Institute; Interactive Structures Lab Undergraduate Research Assistant | May 2021 - May 2022 ● Worked under the supervision of Prof. Alexandra Ion on developing robotic metamaterials, scalable and robust mechanisms composed of grids of cells controlled by selectively placed actuated cells. T eaching Experience Carnegie Mellon University | Fall 2021 - Spring 2024 15-251 Great Ideas in Theoretical Computer Science Fall 2023 - Spring 2024: Head Teaching Assistant Fall 2023: Associate Head Teaching Assistant Fall 2021 - Spring 2023: Teaching Assistant ● Led recitations and office hours, graded and provided feedback on student work, managed course logistics, and trained new course staff. Contributed towards development of"
alan_zhu,alan_zhu_Q8,Education,What is the applicant's score or GPA for his highest level of education?,4.0/4.0 (Carnegie Mellon University),S2_Retrieve_Section,mistralai/Mistral-7B-Instruct-v0.3,"{
  ""predicted_answer"": ""4.0/4.0"",
  ""rationale"": ""The GPA is explicitly stated as '4.0/4.0' in the CV section."",
  ""confidence_score"": 1.0
}",,,,1.4175951480865479,0.00014448165893554688,1.4174506664276123,1271,61,0.0,,,,,,,,E2_QA_Accuracy,"Alan Zhu Berkeley, California, USA aczhu@berkeley.edu https://az1326.github.io/ | https://www.linkedin.com/in/az1326/ | https://github.com/az1326 Education University of California, Berkeley Ph.D. in Computer Science | August 2024 - Present ● NSF Graduate Research Fellow Carnegie Mellon University B.S. in Computer Science, Additional Major in Statistics | August 2020 - May 2024 ● GPA: 4.0/4.0 ● University Honors; Dean’s List, High Honors; Senior Leadership Recognition Award Peer-Reviewed Publications ● Zhang, Z., Zhu, A. , Yang, L, Xu, Y., Li, L., Phothilimthana, P. M., Jia, Z. 2024. Accelerating Retrieval-augmented Language Model Serving with Speculation. ICML 2024. ● Miao, X., Oliaro, G., Zhang, Z., Cheng, X., Wang, Z., Wong, R. Y. Y., Zhu, A. , Yang, L., Shi, X., Shi, C., Chen, Z., Arfeen, D., Abhyankar, R., Jia, Z. 2024. SpecInfer: Accelerating Generative Large Language Model Serving with Speculative Inference and Token Tree Verification. ASPLOS 2024. ● Cui, Z., Wang, S., Han V. Y., Rae-Gran, T., Yang, W. Y., Zhu, A ., Hudson, S. E., Ion, A. 2024. Robotic Metamaterials. CHI 2024. Preprints ● Zhu, A. , Asawa, P., Davis, J. Q., Chen, L., Hanin, B., Stoica, I., Gonzalez, J. E., Zaharia, M. 2025. BARE: Leveraging Base Language Models for Few-Shot Synthetic Data Generation. ICML 2025 DataWorld Workshop Oral. arXiv: 2502.01697. ● Zhu, A. , Ma, J., Mei, Q. 2025. Efficient Estimation of Shortest-Path Distance Distributions to Samples in Graphs. arXiv: 2502.15890. Skills ● Programming Languages: Python, R, C, C++, Java ● Scientific Packages: PyTorch, Transformers, TRL, VERL, SkyRL, NetworkX ● Tools: Google Sheets, Google Docs, LaTeX, Git, Conda, Docker ● Languages: English (native), Mandarin (fluent), French (intermediate) Research Experience University of California, Berkeley; Department of EECS; Sky Computing Lab Graduate Student Researcher | August 2024 - Present ● Advised by Prof. Joseph Gonzalez. ● Current research interests in AI agent personalization and specialization, especially in data-scarce settings, as well as evaluation of agentic systems. Carnegie Mellon University; CS Department; Catalyst Lab Undergraduate Research Assistant | August 2022 - May 2024 ● Worked under the supervision of Prof. Zhihao Jia on ML Systems for speculative decoding and retrieval augmented generation. University of Michigan; School of Information; Foreseer Group Undergraduate Research Assistant | May 2021 - May 2024 ● Worked under the supervision of Prof. Qiaozhu Mei on a project related to shortest path distances to samples in a graph, with implications on fairness in graph neural networks. Carnegie Mellon University; HCI Institute; Interactive Structures Lab Undergraduate Research Assistant | May 2021 - May 2022 ● Worked under the supervision of Prof. Alexandra Ion on developing robotic metamaterials, scalable and robust mechanisms composed of grids of cells controlled by selectively placed actuated cells. T eaching Experience Carnegie Mellon University | Fall 2021 - Spring 2024 15-251 Great Ideas in Theoretical Computer Science Fall 2023 - Spring 2024: Head Teaching Assistant Fall 2023: Associate Head Teaching Assistant Fall 2021 - Spring 2023: Teaching Assistant ● Led recitations and office hours, graded and provided feedback on student work, managed course logistics, and trained new course staff. Contributed towards development of"
alan_zhu,alan_zhu_Q9,Education,What was the applicant's field of study or major?,"Computer Science (PhD), Computer Science and Statistics (BS)",S2_Retrieve_Section,mistralai/Mistral-7B-Instruct-v0.3,"{
  ""predicted_answer"": ""Computer Science"",
  ""rationale"": ""The applicant's field of study or major is stated as 'B.S. in Computer Science' in the CV section."",
  ""confidence_score"": 1.0
}",,,,1.5737988948822021,0.00012683868408203125,1.5736720561981201,1266,63,0.0,,,,,,,,E2_QA_Accuracy,"Alan Zhu Berkeley, California, USA aczhu@berkeley.edu https://az1326.github.io/ | https://www.linkedin.com/in/az1326/ | https://github.com/az1326 Education University of California, Berkeley Ph.D. in Computer Science | August 2024 - Present ● NSF Graduate Research Fellow Carnegie Mellon University B.S. in Computer Science, Additional Major in Statistics | August 2020 - May 2024 ● GPA: 4.0/4.0 ● University Honors; Dean’s List, High Honors; Senior Leadership Recognition Award Peer-Reviewed Publications ● Zhang, Z., Zhu, A. , Yang, L, Xu, Y., Li, L., Phothilimthana, P. M., Jia, Z. 2024. Accelerating Retrieval-augmented Language Model Serving with Speculation. ICML 2024. ● Miao, X., Oliaro, G., Zhang, Z., Cheng, X., Wang, Z., Wong, R. Y. Y., Zhu, A. , Yang, L., Shi, X., Shi, C., Chen, Z., Arfeen, D., Abhyankar, R., Jia, Z. 2024. SpecInfer: Accelerating Generative Large Language Model Serving with Speculative Inference and Token Tree Verification. ASPLOS 2024. ● Cui, Z., Wang, S., Han V. Y., Rae-Gran, T., Yang, W. Y., Zhu, A ., Hudson, S. E., Ion, A. 2024. Robotic Metamaterials. CHI 2024. Preprints ● Zhu, A. , Asawa, P., Davis, J. Q., Chen, L., Hanin, B., Stoica, I., Gonzalez, J. E., Zaharia, M. 2025. BARE: Leveraging Base Language Models for Few-Shot Synthetic Data Generation. ICML 2025 DataWorld Workshop Oral. arXiv: 2502.01697. ● Zhu, A. , Ma, J., Mei, Q. 2025. Efficient Estimation of Shortest-Path Distance Distributions to Samples in Graphs. arXiv: 2502.15890. Skills ● Programming Languages: Python, R, C, C++, Java ● Scientific Packages: PyTorch, Transformers, TRL, VERL, SkyRL, NetworkX ● Tools: Google Sheets, Google Docs, LaTeX, Git, Conda, Docker ● Languages: English (native), Mandarin (fluent), French (intermediate) Research Experience University of California, Berkeley; Department of EECS; Sky Computing Lab Graduate Student Researcher | August 2024 - Present ● Advised by Prof. Joseph Gonzalez. ● Current research interests in AI agent personalization and specialization, especially in data-scarce settings, as well as evaluation of agentic systems. Carnegie Mellon University; CS Department; Catalyst Lab Undergraduate Research Assistant | August 2022 - May 2024 ● Worked under the supervision of Prof. Zhihao Jia on ML Systems for speculative decoding and retrieval augmented generation. University of Michigan; School of Information; Foreseer Group Undergraduate Research Assistant | May 2021 - May 2024 ● Worked under the supervision of Prof. Qiaozhu Mei on a project related to shortest path distances to samples in a graph, with implications on fairness in graph neural networks. Carnegie Mellon University; HCI Institute; Interactive Structures Lab Undergraduate Research Assistant | May 2021 - May 2022 ● Worked under the supervision of Prof. Alexandra Ion on developing robotic metamaterials, scalable and robust mechanisms composed of grids of cells controlled by selectively placed actuated cells. T eaching Experience Carnegie Mellon University | Fall 2021 - Spring 2024 15-251 Great Ideas in Theoretical Computer Science Fall 2023 - Spring 2024: Head Teaching Assistant Fall 2023: Associate Head Teaching Assistant Fall 2021 - Spring 2023: Teaching Assistant ● Led recitations and office hours, graded and provided feedback on student work, managed course logistics, and trained new course staff. Contributed towards development of"
alan_zhu,alan_zhu_Q10,Professional Experience,What is the name of the applicant's current (or most recent) employer?,"University of California, Berkeley (Graduate Student Researcher)",S2_Retrieve_Section,mistralai/Mistral-7B-Instruct-v0.3,"{
  ""predicted_answer"": ""University of California, Berkeley"",
  ""rationale"": ""The applicant's current employer is mentioned as 'University of California, Berkeley' in the 'Education' section."",
  ""confidence_score"": 1.0
}",,,,1.5553946495056152,0.00011658668518066406,1.5552780628204346,1271,66,0.0,,,,,,,,E2_QA_Accuracy,"Alan Zhu Berkeley, California, USA aczhu@berkeley.edu https://az1326.github.io/ | https://www.linkedin.com/in/az1326/ | https://github.com/az1326 Education University of California, Berkeley Ph.D. in Computer Science | August 2024 - Present ● NSF Graduate Research Fellow Carnegie Mellon University B.S. in Computer Science, Additional Major in Statistics | August 2020 - May 2024 ● GPA: 4.0/4.0 ● University Honors; Dean’s List, High Honors; Senior Leadership Recognition Award Peer-Reviewed Publications ● Zhang, Z., Zhu, A. , Yang, L, Xu, Y., Li, L., Phothilimthana, P. M., Jia, Z. 2024. Accelerating Retrieval-augmented Language Model Serving with Speculation. ICML 2024. ● Miao, X., Oliaro, G., Zhang, Z., Cheng, X., Wang, Z., Wong, R. Y. Y., Zhu, A. , Yang, L., Shi, X., Shi, C., Chen, Z., Arfeen, D., Abhyankar, R., Jia, Z. 2024. SpecInfer: Accelerating Generative Large Language Model Serving with Speculative Inference and Token Tree Verification. ASPLOS 2024. ● Cui, Z., Wang, S., Han V. Y., Rae-Gran, T., Yang, W. Y., Zhu, A ., Hudson, S. E., Ion, A. 2024. Robotic Metamaterials. CHI 2024. Preprints ● Zhu, A. , Asawa, P., Davis, J. Q., Chen, L., Hanin, B., Stoica, I., Gonzalez, J. E., Zaharia, M. 2025. BARE: Leveraging Base Language Models for Few-Shot Synthetic Data Generation. ICML 2025 DataWorld Workshop Oral. arXiv: 2502.01697. ● Zhu, A. , Ma, J., Mei, Q. 2025. Efficient Estimation of Shortest-Path Distance Distributions to Samples in Graphs. arXiv: 2502.15890. Skills ● Programming Languages: Python, R, C, C++, Java ● Scientific Packages: PyTorch, Transformers, TRL, VERL, SkyRL, NetworkX ● Tools: Google Sheets, Google Docs, LaTeX, Git, Conda, Docker ● Languages: English (native), Mandarin (fluent), French (intermediate) Research Experience University of California, Berkeley; Department of EECS; Sky Computing Lab Graduate Student Researcher | August 2024 - Present ● Advised by Prof. Joseph Gonzalez. ● Current research interests in AI agent personalization and specialization, especially in data-scarce settings, as well as evaluation of agentic systems. Carnegie Mellon University; CS Department; Catalyst Lab Undergraduate Research Assistant | August 2022 - May 2024 ● Worked under the supervision of Prof. Zhihao Jia on ML Systems for speculative decoding and retrieval augmented generation. University of Michigan; School of Information; Foreseer Group Undergraduate Research Assistant | May 2021 - May 2024 ● Worked under the supervision of Prof. Qiaozhu Mei on a project related to shortest path distances to samples in a graph, with implications on fairness in graph neural networks. Carnegie Mellon University; HCI Institute; Interactive Structures Lab Undergraduate Research Assistant | May 2021 - May 2022 ● Worked under the supervision of Prof. Alexandra Ion on developing robotic metamaterials, scalable and robust mechanisms composed of grids of cells controlled by selectively placed actuated cells. T eaching Experience Carnegie Mellon University | Fall 2021 - Spring 2024 15-251 Great Ideas in Theoretical Computer Science Fall 2023 - Spring 2024: Head Teaching Assistant Fall 2023: Associate Head Teaching Assistant Fall 2021 - Spring 2023: Teaching Assistant ● Led recitations and office hours, graded and provided feedback on student work, managed course logistics, and trained new course staff. Contributed towards development of"
alan_zhu,alan_zhu_Q11,Professional Experience,What is the applicant's job title in the most recent role?,Graduate Student Researcher,S2_Retrieve_Section,mistralai/Mistral-7B-Instruct-v0.3,"{
  ""predicted_answer"": ""Graduate Student Researcher"",
  ""rationale"": ""The applicant's most recent role is mentioned as 'University of California, Berkeley; Department of EECS; Sky Computing Lab Graduate Student Researcher'."",
  ""confidence_score"": 1.0
}",,,,1.681523323059082,0.0001442432403564453,1.6813790798187256,1268,74,0.0,,,,,,,,E2_QA_Accuracy,"Alan Zhu Berkeley, California, USA aczhu@berkeley.edu https://az1326.github.io/ | https://www.linkedin.com/in/az1326/ | https://github.com/az1326 Education University of California, Berkeley Ph.D. in Computer Science | August 2024 - Present ● NSF Graduate Research Fellow Carnegie Mellon University B.S. in Computer Science, Additional Major in Statistics | August 2020 - May 2024 ● GPA: 4.0/4.0 ● University Honors; Dean’s List, High Honors; Senior Leadership Recognition Award Peer-Reviewed Publications ● Zhang, Z., Zhu, A. , Yang, L, Xu, Y., Li, L., Phothilimthana, P. M., Jia, Z. 2024. Accelerating Retrieval-augmented Language Model Serving with Speculation. ICML 2024. ● Miao, X., Oliaro, G., Zhang, Z., Cheng, X., Wang, Z., Wong, R. Y. Y., Zhu, A. , Yang, L., Shi, X., Shi, C., Chen, Z., Arfeen, D., Abhyankar, R., Jia, Z. 2024. SpecInfer: Accelerating Generative Large Language Model Serving with Speculative Inference and Token Tree Verification. ASPLOS 2024. ● Cui, Z., Wang, S., Han V. Y., Rae-Gran, T., Yang, W. Y., Zhu, A ., Hudson, S. E., Ion, A. 2024. Robotic Metamaterials. CHI 2024. Preprints ● Zhu, A. , Asawa, P., Davis, J. Q., Chen, L., Hanin, B., Stoica, I., Gonzalez, J. E., Zaharia, M. 2025. BARE: Leveraging Base Language Models for Few-Shot Synthetic Data Generation. ICML 2025 DataWorld Workshop Oral. arXiv: 2502.01697. ● Zhu, A. , Ma, J., Mei, Q. 2025. Efficient Estimation of Shortest-Path Distance Distributions to Samples in Graphs. arXiv: 2502.15890. Skills ● Programming Languages: Python, R, C, C++, Java ● Scientific Packages: PyTorch, Transformers, TRL, VERL, SkyRL, NetworkX ● Tools: Google Sheets, Google Docs, LaTeX, Git, Conda, Docker ● Languages: English (native), Mandarin (fluent), French (intermediate) Research Experience University of California, Berkeley; Department of EECS; Sky Computing Lab Graduate Student Researcher | August 2024 - Present ● Advised by Prof. Joseph Gonzalez. ● Current research interests in AI agent personalization and specialization, especially in data-scarce settings, as well as evaluation of agentic systems. Carnegie Mellon University; CS Department; Catalyst Lab Undergraduate Research Assistant | August 2022 - May 2024 ● Worked under the supervision of Prof. Zhihao Jia on ML Systems for speculative decoding and retrieval augmented generation. University of Michigan; School of Information; Foreseer Group Undergraduate Research Assistant | May 2021 - May 2024 ● Worked under the supervision of Prof. Qiaozhu Mei on a project related to shortest path distances to samples in a graph, with implications on fairness in graph neural networks. Carnegie Mellon University; HCI Institute; Interactive Structures Lab Undergraduate Research Assistant | May 2021 - May 2022 ● Worked under the supervision of Prof. Alexandra Ion on developing robotic metamaterials, scalable and robust mechanisms composed of grids of cells controlled by selectively placed actuated cells. T eaching Experience Carnegie Mellon University | Fall 2021 - Spring 2024 15-251 Great Ideas in Theoretical Computer Science Fall 2023 - Spring 2024: Head Teaching Assistant Fall 2023: Associate Head Teaching Assistant Fall 2021 - Spring 2023: Teaching Assistant ● Led recitations and office hours, graded and provided feedback on student work, managed course logistics, and trained new course staff. Contributed towards development of"
alan_zhu,alan_zhu_Q12,Professional Experience,How many years of experience does the applicant have?,"Approx. 4 years (research from 2021, internships from 2022)",S2_Retrieve_Section,mistralai/Mistral-7B-Instruct-v0.3,"{
  ""predicted_answer"": ""4"",
  ""rationale"": ""The applicant has 4 years of experience as stated in the education section of the CV."",
  ""confidence_score"": 1.0
}",,,,1.3681011199951172,0.00012683868408203125,1.3679742813110352,1264,53,0.0,,,,,,,,E2_QA_Accuracy,"Alan Zhu Berkeley, California, USA aczhu@berkeley.edu https://az1326.github.io/ | https://www.linkedin.com/in/az1326/ | https://github.com/az1326 Education University of California, Berkeley Ph.D. in Computer Science | August 2024 - Present ● NSF Graduate Research Fellow Carnegie Mellon University B.S. in Computer Science, Additional Major in Statistics | August 2020 - May 2024 ● GPA: 4.0/4.0 ● University Honors; Dean’s List, High Honors; Senior Leadership Recognition Award Peer-Reviewed Publications ● Zhang, Z., Zhu, A. , Yang, L, Xu, Y., Li, L., Phothilimthana, P. M., Jia, Z. 2024. Accelerating Retrieval-augmented Language Model Serving with Speculation. ICML 2024. ● Miao, X., Oliaro, G., Zhang, Z., Cheng, X., Wang, Z., Wong, R. Y. Y., Zhu, A. , Yang, L., Shi, X., Shi, C., Chen, Z., Arfeen, D., Abhyankar, R., Jia, Z. 2024. SpecInfer: Accelerating Generative Large Language Model Serving with Speculative Inference and Token Tree Verification. ASPLOS 2024. ● Cui, Z., Wang, S., Han V. Y., Rae-Gran, T., Yang, W. Y., Zhu, A ., Hudson, S. E., Ion, A. 2024. Robotic Metamaterials. CHI 2024. Preprints ● Zhu, A. , Asawa, P., Davis, J. Q., Chen, L., Hanin, B., Stoica, I., Gonzalez, J. E., Zaharia, M. 2025. BARE: Leveraging Base Language Models for Few-Shot Synthetic Data Generation. ICML 2025 DataWorld Workshop Oral. arXiv: 2502.01697. ● Zhu, A. , Ma, J., Mei, Q. 2025. Efficient Estimation of Shortest-Path Distance Distributions to Samples in Graphs. arXiv: 2502.15890. Skills ● Programming Languages: Python, R, C, C++, Java ● Scientific Packages: PyTorch, Transformers, TRL, VERL, SkyRL, NetworkX ● Tools: Google Sheets, Google Docs, LaTeX, Git, Conda, Docker ● Languages: English (native), Mandarin (fluent), French (intermediate) Research Experience University of California, Berkeley; Department of EECS; Sky Computing Lab Graduate Student Researcher | August 2024 - Present ● Advised by Prof. Joseph Gonzalez. ● Current research interests in AI agent personalization and specialization, especially in data-scarce settings, as well as evaluation of agentic systems. Carnegie Mellon University; CS Department; Catalyst Lab Undergraduate Research Assistant | August 2022 - May 2024 ● Worked under the supervision of Prof. Zhihao Jia on ML Systems for speculative decoding and retrieval augmented generation. University of Michigan; School of Information; Foreseer Group Undergraduate Research Assistant | May 2021 - May 2024 ● Worked under the supervision of Prof. Qiaozhu Mei on a project related to shortest path distances to samples in a graph, with implications on fairness in graph neural networks. Carnegie Mellon University; HCI Institute; Interactive Structures Lab Undergraduate Research Assistant | May 2021 - May 2022 ● Worked under the supervision of Prof. Alexandra Ion on developing robotic metamaterials, scalable and robust mechanisms composed of grids of cells controlled by selectively placed actuated cells. T eaching Experience Carnegie Mellon University | Fall 2021 - Spring 2024 15-251 Great Ideas in Theoretical Computer Science Fall 2023 - Spring 2024: Head Teaching Assistant Fall 2023: Associate Head Teaching Assistant Fall 2021 - Spring 2023: Teaching Assistant ● Led recitations and office hours, graded and provided feedback on student work, managed course logistics, and trained new course staff. Contributed towards development of"
alan_zhu,alan_zhu_Q13,Professional Experience,What leadership position did the applicant hold?,Head Teaching Assistant (15-251 at CMU),S2_Retrieve_Section,mistralai/Mistral-7B-Instruct-v0.3,"{
  ""predicted_answer"": ""Senior Leadership Recognition Award"",
  ""rationale"": ""The applicant received the 'Senior Leadership Recognition Award' as mentioned in the Education section of the CV."",
  ""confidence_score"": 1.0
}",,,,1.5585923194885254,0.00011420249938964844,1.5584781169891357,1262,68,0.0,,,,,,,,E2_QA_Accuracy,"Alan Zhu Berkeley, California, USA aczhu@berkeley.edu https://az1326.github.io/ | https://www.linkedin.com/in/az1326/ | https://github.com/az1326 Education University of California, Berkeley Ph.D. in Computer Science | August 2024 - Present ● NSF Graduate Research Fellow Carnegie Mellon University B.S. in Computer Science, Additional Major in Statistics | August 2020 - May 2024 ● GPA: 4.0/4.0 ● University Honors; Dean’s List, High Honors; Senior Leadership Recognition Award Peer-Reviewed Publications ● Zhang, Z., Zhu, A. , Yang, L, Xu, Y., Li, L., Phothilimthana, P. M., Jia, Z. 2024. Accelerating Retrieval-augmented Language Model Serving with Speculation. ICML 2024. ● Miao, X., Oliaro, G., Zhang, Z., Cheng, X., Wang, Z., Wong, R. Y. Y., Zhu, A. , Yang, L., Shi, X., Shi, C., Chen, Z., Arfeen, D., Abhyankar, R., Jia, Z. 2024. SpecInfer: Accelerating Generative Large Language Model Serving with Speculative Inference and Token Tree Verification. ASPLOS 2024. ● Cui, Z., Wang, S., Han V. Y., Rae-Gran, T., Yang, W. Y., Zhu, A ., Hudson, S. E., Ion, A. 2024. Robotic Metamaterials. CHI 2024. Preprints ● Zhu, A. , Asawa, P., Davis, J. Q., Chen, L., Hanin, B., Stoica, I., Gonzalez, J. E., Zaharia, M. 2025. BARE: Leveraging Base Language Models for Few-Shot Synthetic Data Generation. ICML 2025 DataWorld Workshop Oral. arXiv: 2502.01697. ● Zhu, A. , Ma, J., Mei, Q. 2025. Efficient Estimation of Shortest-Path Distance Distributions to Samples in Graphs. arXiv: 2502.15890. Skills ● Programming Languages: Python, R, C, C++, Java ● Scientific Packages: PyTorch, Transformers, TRL, VERL, SkyRL, NetworkX ● Tools: Google Sheets, Google Docs, LaTeX, Git, Conda, Docker ● Languages: English (native), Mandarin (fluent), French (intermediate) Research Experience University of California, Berkeley; Department of EECS; Sky Computing Lab Graduate Student Researcher | August 2024 - Present ● Advised by Prof. Joseph Gonzalez. ● Current research interests in AI agent personalization and specialization, especially in data-scarce settings, as well as evaluation of agentic systems. Carnegie Mellon University; CS Department; Catalyst Lab Undergraduate Research Assistant | August 2022 - May 2024 ● Worked under the supervision of Prof. Zhihao Jia on ML Systems for speculative decoding and retrieval augmented generation. University of Michigan; School of Information; Foreseer Group Undergraduate Research Assistant | May 2021 - May 2024 ● Worked under the supervision of Prof. Qiaozhu Mei on a project related to shortest path distances to samples in a graph, with implications on fairness in graph neural networks. Carnegie Mellon University; HCI Institute; Interactive Structures Lab Undergraduate Research Assistant | May 2021 - May 2022 ● Worked under the supervision of Prof. Alexandra Ion on developing robotic metamaterials, scalable and robust mechanisms composed of grids of cells controlled by selectively placed actuated cells. T eaching Experience Carnegie Mellon University | Fall 2021 - Spring 2024 15-251 Great Ideas in Theoretical Computer Science Fall 2023 - Spring 2024: Head Teaching Assistant Fall 2023: Associate Head Teaching Assistant Fall 2021 - Spring 2023: Teaching Assistant ● Led recitations and office hours, graded and provided feedback on student work, managed course logistics, and trained new course staff. Contributed towards development of"
alan_zhu,alan_zhu_Q14,Professional Experience,Could the applicant briefly describe their key responsibilities in previous roles?,"Research in ML systems, speculative decoding, graph algorithms, robotic metamaterials; teaching and course development.",S2_Retrieve_Section,mistralai/Mistral-7B-Instruct-v0.3,"{
  ""predicted_answer"": [
    ""Graduate Student Researcher at the University of California, Berkeley's Department of EECS; Sky Computing Lab, working under the supervision of Prof. Joseph Gonzalez on AI agent personalization and specialization, especially in data-scarce settings, as well as evaluation of agentic systems."",
    ""Undergraduate Research Assistant at Carnegie Mellon University's CS Department; Catalyst Lab, working under the supervision of Prof. Zhihao Jia on ML Systems for speculative decoding and retrieval augmented",,,,2.959665060043335,0.00011348724365234375,2.9595515727996826,1267,129,0.0,,,,,,,,E2_QA_Accuracy,"Alan Zhu Berkeley, California, USA aczhu@berkeley.edu https://az1326.github.io/ | https://www.linkedin.com/in/az1326/ | https://github.com/az1326 Education University of California, Berkeley Ph.D. in Computer Science | August 2024 - Present ● NSF Graduate Research Fellow Carnegie Mellon University B.S. in Computer Science, Additional Major in Statistics | August 2020 - May 2024 ● GPA: 4.0/4.0 ● University Honors; Dean’s List, High Honors; Senior Leadership Recognition Award Peer-Reviewed Publications ● Zhang, Z., Zhu, A. , Yang, L, Xu, Y., Li, L., Phothilimthana, P. M., Jia, Z. 2024. Accelerating Retrieval-augmented Language Model Serving with Speculation. ICML 2024. ● Miao, X., Oliaro, G., Zhang, Z., Cheng, X., Wang, Z., Wong, R. Y. Y., Zhu, A. , Yang, L., Shi, X., Shi, C., Chen, Z., Arfeen, D., Abhyankar, R., Jia, Z. 2024. SpecInfer: Accelerating Generative Large Language Model Serving with Speculative Inference and Token Tree Verification. ASPLOS 2024. ● Cui, Z., Wang, S., Han V. Y., Rae-Gran, T., Yang, W. Y., Zhu, A ., Hudson, S. E., Ion, A. 2024. Robotic Metamaterials. CHI 2024. Preprints ● Zhu, A. , Asawa, P., Davis, J. Q., Chen, L., Hanin, B., Stoica, I., Gonzalez, J. E., Zaharia, M. 2025. BARE: Leveraging Base Language Models for Few-Shot Synthetic Data Generation. ICML 2025 DataWorld Workshop Oral. arXiv: 2502.01697. ● Zhu, A. , Ma, J., Mei, Q. 2025. Efficient Estimation of Shortest-Path Distance Distributions to Samples in Graphs. arXiv: 2502.15890. Skills ● Programming Languages: Python, R, C, C++, Java ● Scientific Packages: PyTorch, Transformers, TRL, VERL, SkyRL, NetworkX ● Tools: Google Sheets, Google Docs, LaTeX, Git, Conda, Docker ● Languages: English (native), Mandarin (fluent), French (intermediate) Research Experience University of California, Berkeley; Department of EECS; Sky Computing Lab Graduate Student Researcher | August 2024 - Present ● Advised by Prof. Joseph Gonzalez. ● Current research interests in AI agent personalization and specialization, especially in data-scarce settings, as well as evaluation of agentic systems. Carnegie Mellon University; CS Department; Catalyst Lab Undergraduate Research Assistant | August 2022 - May 2024 ● Worked under the supervision of Prof. Zhihao Jia on ML Systems for speculative decoding and retrieval augmented generation. University of Michigan; School of Information; Foreseer Group Undergraduate Research Assistant | May 2021 - May 2024 ● Worked under the supervision of Prof. Qiaozhu Mei on a project related to shortest path distances to samples in a graph, with implications on fairness in graph neural networks. Carnegie Mellon University; HCI Institute; Interactive Structures Lab Undergraduate Research Assistant | May 2021 - May 2022 ● Worked under the supervision of Prof. Alexandra Ion on developing robotic metamaterials, scalable and robust mechanisms composed of grids of cells controlled by selectively placed actuated cells. T eaching Experience Carnegie Mellon University | Fall 2021 - Spring 2024 15-251 Great Ideas in Theoretical Computer Science Fall 2023 - Spring 2024: Head Teaching Assistant Fall 2023: Associate Head Teaching Assistant Fall 2021 - Spring 2023: Teaching Assistant ● Led recitations and office hours, graded and provided feedback on student work, managed course logistics, and trained new course staff. Contributed towards development of"
alan_zhu,alan_zhu_Q15,Professional Experience,Has the applicant worked in more than one job or organization?,"Yes (UC Berkeley, Carnegie Mellon, University of Michigan, Apple)",S2_Retrieve_Section,mistralai/Mistral-7B-Instruct-v0.3,"{
  ""predicted_answer"": ""Yes"",
  ""rationale"": ""The applicant has worked in at least two organizations: University of California, Berkeley and Carnegie Mellon University."",
  ""confidence_score"": 1.0
}",,,,1.3798723220825195,0.00010991096496582031,1.3797624111175537,1266,59,0.0,,,,,,,,E2_QA_Accuracy,"Alan Zhu Berkeley, California, USA aczhu@berkeley.edu https://az1326.github.io/ | https://www.linkedin.com/in/az1326/ | https://github.com/az1326 Education University of California, Berkeley Ph.D. in Computer Science | August 2024 - Present ● NSF Graduate Research Fellow Carnegie Mellon University B.S. in Computer Science, Additional Major in Statistics | August 2020 - May 2024 ● GPA: 4.0/4.0 ● University Honors; Dean’s List, High Honors; Senior Leadership Recognition Award Peer-Reviewed Publications ● Zhang, Z., Zhu, A. , Yang, L, Xu, Y., Li, L., Phothilimthana, P. M., Jia, Z. 2024. Accelerating Retrieval-augmented Language Model Serving with Speculation. ICML 2024. ● Miao, X., Oliaro, G., Zhang, Z., Cheng, X., Wang, Z., Wong, R. Y. Y., Zhu, A. , Yang, L., Shi, X., Shi, C., Chen, Z., Arfeen, D., Abhyankar, R., Jia, Z. 2024. SpecInfer: Accelerating Generative Large Language Model Serving with Speculative Inference and Token Tree Verification. ASPLOS 2024. ● Cui, Z., Wang, S., Han V. Y., Rae-Gran, T., Yang, W. Y., Zhu, A ., Hudson, S. E., Ion, A. 2024. Robotic Metamaterials. CHI 2024. Preprints ● Zhu, A. , Asawa, P., Davis, J. Q., Chen, L., Hanin, B., Stoica, I., Gonzalez, J. E., Zaharia, M. 2025. BARE: Leveraging Base Language Models for Few-Shot Synthetic Data Generation. ICML 2025 DataWorld Workshop Oral. arXiv: 2502.01697. ● Zhu, A. , Ma, J., Mei, Q. 2025. Efficient Estimation of Shortest-Path Distance Distributions to Samples in Graphs. arXiv: 2502.15890. Skills ● Programming Languages: Python, R, C, C++, Java ● Scientific Packages: PyTorch, Transformers, TRL, VERL, SkyRL, NetworkX ● Tools: Google Sheets, Google Docs, LaTeX, Git, Conda, Docker ● Languages: English (native), Mandarin (fluent), French (intermediate) Research Experience University of California, Berkeley; Department of EECS; Sky Computing Lab Graduate Student Researcher | August 2024 - Present ● Advised by Prof. Joseph Gonzalez. ● Current research interests in AI agent personalization and specialization, especially in data-scarce settings, as well as evaluation of agentic systems. Carnegie Mellon University; CS Department; Catalyst Lab Undergraduate Research Assistant | August 2022 - May 2024 ● Worked under the supervision of Prof. Zhihao Jia on ML Systems for speculative decoding and retrieval augmented generation. University of Michigan; School of Information; Foreseer Group Undergraduate Research Assistant | May 2021 - May 2024 ● Worked under the supervision of Prof. Qiaozhu Mei on a project related to shortest path distances to samples in a graph, with implications on fairness in graph neural networks. Carnegie Mellon University; HCI Institute; Interactive Structures Lab Undergraduate Research Assistant | May 2021 - May 2022 ● Worked under the supervision of Prof. Alexandra Ion on developing robotic metamaterials, scalable and robust mechanisms composed of grids of cells controlled by selectively placed actuated cells. T eaching Experience Carnegie Mellon University | Fall 2021 - Spring 2024 15-251 Great Ideas in Theoretical Computer Science Fall 2023 - Spring 2024: Head Teaching Assistant Fall 2023: Associate Head Teaching Assistant Fall 2021 - Spring 2023: Teaching Assistant ● Led recitations and office hours, graded and provided feedback on student work, managed course logistics, and trained new course staff. Contributed towards development of"
alan_zhu,alan_zhu_Q16,Professional Experience,What were the applicant's major accomplishments?,"Publications at ICML, ASPLOS, CHI; NSF GRFP award; Senior Leadership Recognition Award; led TA team.",S2_Retrieve_Section,mistralai/Mistral-7B-Instruct-v0.3,"{
  ""predicted_answer"": [""Peer-Reviewed Publications: 4"", ""Skills: Programming Languages: Python, R, C, C++, Java, Scientific Packages: PyTorch, Transformers, TRL, VERL, SkyRL, NetworkX, Tools: Google Sheets, Google Docs, LaTeX, Git, Conda, Docker""],
  ""rationale"": [""The number of peer-reviewed publications is mentioned as 4. The skills section lists the programming languages and scientific packages the applicant is proficient in, as well",,,,2.898115873336792,0.00012087821960449219,2.8979949951171875,1264,129,0.0,,,,,,,,E2_QA_Accuracy,"Alan Zhu Berkeley, California, USA aczhu@berkeley.edu https://az1326.github.io/ | https://www.linkedin.com/in/az1326/ | https://github.com/az1326 Education University of California, Berkeley Ph.D. in Computer Science | August 2024 - Present ● NSF Graduate Research Fellow Carnegie Mellon University B.S. in Computer Science, Additional Major in Statistics | August 2020 - May 2024 ● GPA: 4.0/4.0 ● University Honors; Dean’s List, High Honors; Senior Leadership Recognition Award Peer-Reviewed Publications ● Zhang, Z., Zhu, A. , Yang, L, Xu, Y., Li, L., Phothilimthana, P. M., Jia, Z. 2024. Accelerating Retrieval-augmented Language Model Serving with Speculation. ICML 2024. ● Miao, X., Oliaro, G., Zhang, Z., Cheng, X., Wang, Z., Wong, R. Y. Y., Zhu, A. , Yang, L., Shi, X., Shi, C., Chen, Z., Arfeen, D., Abhyankar, R., Jia, Z. 2024. SpecInfer: Accelerating Generative Large Language Model Serving with Speculative Inference and Token Tree Verification. ASPLOS 2024. ● Cui, Z., Wang, S., Han V. Y., Rae-Gran, T., Yang, W. Y., Zhu, A ., Hudson, S. E., Ion, A. 2024. Robotic Metamaterials. CHI 2024. Preprints ● Zhu, A. , Asawa, P., Davis, J. Q., Chen, L., Hanin, B., Stoica, I., Gonzalez, J. E., Zaharia, M. 2025. BARE: Leveraging Base Language Models for Few-Shot Synthetic Data Generation. ICML 2025 DataWorld Workshop Oral. arXiv: 2502.01697. ● Zhu, A. , Ma, J., Mei, Q. 2025. Efficient Estimation of Shortest-Path Distance Distributions to Samples in Graphs. arXiv: 2502.15890. Skills ● Programming Languages: Python, R, C, C++, Java ● Scientific Packages: PyTorch, Transformers, TRL, VERL, SkyRL, NetworkX ● Tools: Google Sheets, Google Docs, LaTeX, Git, Conda, Docker ● Languages: English (native), Mandarin (fluent), French (intermediate) Research Experience University of California, Berkeley; Department of EECS; Sky Computing Lab Graduate Student Researcher | August 2024 - Present ● Advised by Prof. Joseph Gonzalez. ● Current research interests in AI agent personalization and specialization, especially in data-scarce settings, as well as evaluation of agentic systems. Carnegie Mellon University; CS Department; Catalyst Lab Undergraduate Research Assistant | August 2022 - May 2024 ● Worked under the supervision of Prof. Zhihao Jia on ML Systems for speculative decoding and retrieval augmented generation. University of Michigan; School of Information; Foreseer Group Undergraduate Research Assistant | May 2021 - May 2024 ● Worked under the supervision of Prof. Qiaozhu Mei on a project related to shortest path distances to samples in a graph, with implications on fairness in graph neural networks. Carnegie Mellon University; HCI Institute; Interactive Structures Lab Undergraduate Research Assistant | May 2021 - May 2022 ● Worked under the supervision of Prof. Alexandra Ion on developing robotic metamaterials, scalable and robust mechanisms composed of grids of cells controlled by selectively placed actuated cells. T eaching Experience Carnegie Mellon University | Fall 2021 - Spring 2024 15-251 Great Ideas in Theoretical Computer Science Fall 2023 - Spring 2024: Head Teaching Assistant Fall 2023: Associate Head Teaching Assistant Fall 2021 - Spring 2023: Teaching Assistant ● Led recitations and office hours, graded and provided feedback on student work, managed course logistics, and trained new course staff. Contributed towards development of"
alan_zhu,alan_zhu_Q17,Professional Experience,What key metric did they improve?,Accelerated LLM serving via speculative inference; developed tool for heterogeneous effect detection in A/B tests.,S2_Retrieve_Section,mistralai/Mistral-7B-Instruct-v0.3,"{
  ""predicted_answer"": ""Not found"",
  ""rationale"": ""The provided CV section does not contain information about a key metric that was improved."",
  ""confidence_score"": 1.0
}",,,,1.289079189300537,0.00011157989501953125,1.2889676094055176,1260,51,0.0,,,,,,,,E2_QA_Accuracy,"Alan Zhu Berkeley, California, USA aczhu@berkeley.edu https://az1326.github.io/ | https://www.linkedin.com/in/az1326/ | https://github.com/az1326 Education University of California, Berkeley Ph.D. in Computer Science | August 2024 - Present ● NSF Graduate Research Fellow Carnegie Mellon University B.S. in Computer Science, Additional Major in Statistics | August 2020 - May 2024 ● GPA: 4.0/4.0 ● University Honors; Dean’s List, High Honors; Senior Leadership Recognition Award Peer-Reviewed Publications ● Zhang, Z., Zhu, A. , Yang, L, Xu, Y., Li, L., Phothilimthana, P. M., Jia, Z. 2024. Accelerating Retrieval-augmented Language Model Serving with Speculation. ICML 2024. ● Miao, X., Oliaro, G., Zhang, Z., Cheng, X., Wang, Z., Wong, R. Y. Y., Zhu, A. , Yang, L., Shi, X., Shi, C., Chen, Z., Arfeen, D., Abhyankar, R., Jia, Z. 2024. SpecInfer: Accelerating Generative Large Language Model Serving with Speculative Inference and Token Tree Verification. ASPLOS 2024. ● Cui, Z., Wang, S., Han V. Y., Rae-Gran, T., Yang, W. Y., Zhu, A ., Hudson, S. E., Ion, A. 2024. Robotic Metamaterials. CHI 2024. Preprints ● Zhu, A. , Asawa, P., Davis, J. Q., Chen, L., Hanin, B., Stoica, I., Gonzalez, J. E., Zaharia, M. 2025. BARE: Leveraging Base Language Models for Few-Shot Synthetic Data Generation. ICML 2025 DataWorld Workshop Oral. arXiv: 2502.01697. ● Zhu, A. , Ma, J., Mei, Q. 2025. Efficient Estimation of Shortest-Path Distance Distributions to Samples in Graphs. arXiv: 2502.15890. Skills ● Programming Languages: Python, R, C, C++, Java ● Scientific Packages: PyTorch, Transformers, TRL, VERL, SkyRL, NetworkX ● Tools: Google Sheets, Google Docs, LaTeX, Git, Conda, Docker ● Languages: English (native), Mandarin (fluent), French (intermediate) Research Experience University of California, Berkeley; Department of EECS; Sky Computing Lab Graduate Student Researcher | August 2024 - Present ● Advised by Prof. Joseph Gonzalez. ● Current research interests in AI agent personalization and specialization, especially in data-scarce settings, as well as evaluation of agentic systems. Carnegie Mellon University; CS Department; Catalyst Lab Undergraduate Research Assistant | August 2022 - May 2024 ● Worked under the supervision of Prof. Zhihao Jia on ML Systems for speculative decoding and retrieval augmented generation. University of Michigan; School of Information; Foreseer Group Undergraduate Research Assistant | May 2021 - May 2024 ● Worked under the supervision of Prof. Qiaozhu Mei on a project related to shortest path distances to samples in a graph, with implications on fairness in graph neural networks. Carnegie Mellon University; HCI Institute; Interactive Structures Lab Undergraduate Research Assistant | May 2021 - May 2022 ● Worked under the supervision of Prof. Alexandra Ion on developing robotic metamaterials, scalable and robust mechanisms composed of grids of cells controlled by selectively placed actuated cells. T eaching Experience Carnegie Mellon University | Fall 2021 - Spring 2024 15-251 Great Ideas in Theoretical Computer Science Fall 2023 - Spring 2024: Head Teaching Assistant Fall 2023: Associate Head Teaching Assistant Fall 2021 - Spring 2023: Teaching Assistant ● Led recitations and office hours, graded and provided feedback on student work, managed course logistics, and trained new course staff. Contributed towards development of"
alan_zhu,alan_zhu_Q18,Research and Projects,What is the name of a key project the applicant has worked on?,BARE: Few-Shot Synthetic Data Generation; SpecInfer; Accelerating Retrieval-augmented LM Serving; Robotic Metamaterials.,S2_Retrieve_Section,mistralai/Mistral-7B-Instruct-v0.3,"{
  ""predicted_answer"": ""Robotic Metamaterials"",
  ""rationale"": ""The project 'Robotic Metamaterials' is listed as one of the peer-reviewed publications in the CV section."",
  ""confidence_score"": 1.0
}",,,,1.609222173690796,0.0001232624053955078,1.6090989112854004,1268,65,0.0,,,,,,,,E2_QA_Accuracy,"Alan Zhu Berkeley, California, USA aczhu@berkeley.edu https://az1326.github.io/ | https://www.linkedin.com/in/az1326/ | https://github.com/az1326 Education University of California, Berkeley Ph.D. in Computer Science | August 2024 - Present ● NSF Graduate Research Fellow Carnegie Mellon University B.S. in Computer Science, Additional Major in Statistics | August 2020 - May 2024 ● GPA: 4.0/4.0 ● University Honors; Dean’s List, High Honors; Senior Leadership Recognition Award Peer-Reviewed Publications ● Zhang, Z., Zhu, A. , Yang, L, Xu, Y., Li, L., Phothilimthana, P. M., Jia, Z. 2024. Accelerating Retrieval-augmented Language Model Serving with Speculation. ICML 2024. ● Miao, X., Oliaro, G., Zhang, Z., Cheng, X., Wang, Z., Wong, R. Y. Y., Zhu, A. , Yang, L., Shi, X., Shi, C., Chen, Z., Arfeen, D., Abhyankar, R., Jia, Z. 2024. SpecInfer: Accelerating Generative Large Language Model Serving with Speculative Inference and Token Tree Verification. ASPLOS 2024. ● Cui, Z., Wang, S., Han V. Y., Rae-Gran, T., Yang, W. Y., Zhu, A ., Hudson, S. E., Ion, A. 2024. Robotic Metamaterials. CHI 2024. Preprints ● Zhu, A. , Asawa, P., Davis, J. Q., Chen, L., Hanin, B., Stoica, I., Gonzalez, J. E., Zaharia, M. 2025. BARE: Leveraging Base Language Models for Few-Shot Synthetic Data Generation. ICML 2025 DataWorld Workshop Oral. arXiv: 2502.01697. ● Zhu, A. , Ma, J., Mei, Q. 2025. Efficient Estimation of Shortest-Path Distance Distributions to Samples in Graphs. arXiv: 2502.15890. Skills ● Programming Languages: Python, R, C, C++, Java ● Scientific Packages: PyTorch, Transformers, TRL, VERL, SkyRL, NetworkX ● Tools: Google Sheets, Google Docs, LaTeX, Git, Conda, Docker ● Languages: English (native), Mandarin (fluent), French (intermediate) Research Experience University of California, Berkeley; Department of EECS; Sky Computing Lab Graduate Student Researcher | August 2024 - Present ● Advised by Prof. Joseph Gonzalez. ● Current research interests in AI agent personalization and specialization, especially in data-scarce settings, as well as evaluation of agentic systems. Carnegie Mellon University; CS Department; Catalyst Lab Undergraduate Research Assistant | August 2022 - May 2024 ● Worked under the supervision of Prof. Zhihao Jia on ML Systems for speculative decoding and retrieval augmented generation. University of Michigan; School of Information; Foreseer Group Undergraduate Research Assistant | May 2021 - May 2024 ● Worked under the supervision of Prof. Qiaozhu Mei on a project related to shortest path distances to samples in a graph, with implications on fairness in graph neural networks. Carnegie Mellon University; HCI Institute; Interactive Structures Lab Undergraduate Research Assistant | May 2021 - May 2022 ● Worked under the supervision of Prof. Alexandra Ion on developing robotic metamaterials, scalable and robust mechanisms composed of grids of cells controlled by selectively placed actuated cells. T eaching Experience Carnegie Mellon University | Fall 2021 - Spring 2024 15-251 Great Ideas in Theoretical Computer Science Fall 2023 - Spring 2024: Head Teaching Assistant Fall 2023: Associate Head Teaching Assistant Fall 2021 - Spring 2023: Teaching Assistant ● Led recitations and office hours, graded and provided feedback on student work, managed course logistics, and trained new course staff. Contributed towards development of"
alan_zhu,alan_zhu_Q19,Research and Projects,Which tools or technologies did the applicant use in their projects?,"Python, C++, PyTorch, Transformers, NetworkX, Docker, Git, LaTeX",S2_Retrieve_Section,mistralai/Mistral-7B-Instruct-v0.3,"{
  ""predicted_answer"": [""Google Sheets"", ""Google Docs"", ""LaTeX"", ""Git"", ""Conda"", ""Docker""],
  ""rationale"": ""The CV section lists 'Tools: Google Sheets, Google Docs, LaTeX, Git, Conda, Docker'."",
  ""confidence_score"": 1.0
}",,,,1.931650161743164,0.00014781951904296875,1.931502342224121,1266,86,0.0,,,,,,,,E2_QA_Accuracy,"Alan Zhu Berkeley, California, USA aczhu@berkeley.edu https://az1326.github.io/ | https://www.linkedin.com/in/az1326/ | https://github.com/az1326 Education University of California, Berkeley Ph.D. in Computer Science | August 2024 - Present ● NSF Graduate Research Fellow Carnegie Mellon University B.S. in Computer Science, Additional Major in Statistics | August 2020 - May 2024 ● GPA: 4.0/4.0 ● University Honors; Dean’s List, High Honors; Senior Leadership Recognition Award Peer-Reviewed Publications ● Zhang, Z., Zhu, A. , Yang, L, Xu, Y., Li, L., Phothilimthana, P. M., Jia, Z. 2024. Accelerating Retrieval-augmented Language Model Serving with Speculation. ICML 2024. ● Miao, X., Oliaro, G., Zhang, Z., Cheng, X., Wang, Z., Wong, R. Y. Y., Zhu, A. , Yang, L., Shi, X., Shi, C., Chen, Z., Arfeen, D., Abhyankar, R., Jia, Z. 2024. SpecInfer: Accelerating Generative Large Language Model Serving with Speculative Inference and Token Tree Verification. ASPLOS 2024. ● Cui, Z., Wang, S., Han V. Y., Rae-Gran, T., Yang, W. Y., Zhu, A ., Hudson, S. E., Ion, A. 2024. Robotic Metamaterials. CHI 2024. Preprints ● Zhu, A. , Asawa, P., Davis, J. Q., Chen, L., Hanin, B., Stoica, I., Gonzalez, J. E., Zaharia, M. 2025. BARE: Leveraging Base Language Models for Few-Shot Synthetic Data Generation. ICML 2025 DataWorld Workshop Oral. arXiv: 2502.01697. ● Zhu, A. , Ma, J., Mei, Q. 2025. Efficient Estimation of Shortest-Path Distance Distributions to Samples in Graphs. arXiv: 2502.15890. Skills ● Programming Languages: Python, R, C, C++, Java ● Scientific Packages: PyTorch, Transformers, TRL, VERL, SkyRL, NetworkX ● Tools: Google Sheets, Google Docs, LaTeX, Git, Conda, Docker ● Languages: English (native), Mandarin (fluent), French (intermediate) Research Experience University of California, Berkeley; Department of EECS; Sky Computing Lab Graduate Student Researcher | August 2024 - Present ● Advised by Prof. Joseph Gonzalez. ● Current research interests in AI agent personalization and specialization, especially in data-scarce settings, as well as evaluation of agentic systems. Carnegie Mellon University; CS Department; Catalyst Lab Undergraduate Research Assistant | August 2022 - May 2024 ● Worked under the supervision of Prof. Zhihao Jia on ML Systems for speculative decoding and retrieval augmented generation. University of Michigan; School of Information; Foreseer Group Undergraduate Research Assistant | May 2021 - May 2024 ● Worked under the supervision of Prof. Qiaozhu Mei on a project related to shortest path distances to samples in a graph, with implications on fairness in graph neural networks. Carnegie Mellon University; HCI Institute; Interactive Structures Lab Undergraduate Research Assistant | May 2021 - May 2022 ● Worked under the supervision of Prof. Alexandra Ion on developing robotic metamaterials, scalable and robust mechanisms composed of grids of cells controlled by selectively placed actuated cells. T eaching Experience Carnegie Mellon University | Fall 2021 - Spring 2024 15-251 Great Ideas in Theoretical Computer Science Fall 2023 - Spring 2024: Head Teaching Assistant Fall 2023: Associate Head Teaching Assistant Fall 2021 - Spring 2023: Teaching Assistant ● Led recitations and office hours, graded and provided feedback on student work, managed course logistics, and trained new course staff. Contributed towards development of"
alan_zhu,alan_zhu_Q20,Research and Projects,Did any project have a specific budget or numeric goal?,N/A (no specific budget mentioned),S2_Retrieve_Section,mistralai/Mistral-7B-Instruct-v0.3,"{
  ""predicted_answer"": ""Not found"",
  ""rationale"": ""The provided CV section does not contain any information about a specific budget or numeric goal for any project."",
  ""confidence_score"": 1.0
}",,,,1.3962993621826172,0.00010895729064941406,1.3961904048919678,1265,56,0.0,,,,,,,,E2_QA_Accuracy,"Alan Zhu Berkeley, California, USA aczhu@berkeley.edu https://az1326.github.io/ | https://www.linkedin.com/in/az1326/ | https://github.com/az1326 Education University of California, Berkeley Ph.D. in Computer Science | August 2024 - Present ● NSF Graduate Research Fellow Carnegie Mellon University B.S. in Computer Science, Additional Major in Statistics | August 2020 - May 2024 ● GPA: 4.0/4.0 ● University Honors; Dean’s List, High Honors; Senior Leadership Recognition Award Peer-Reviewed Publications ● Zhang, Z., Zhu, A. , Yang, L, Xu, Y., Li, L., Phothilimthana, P. M., Jia, Z. 2024. Accelerating Retrieval-augmented Language Model Serving with Speculation. ICML 2024. ● Miao, X., Oliaro, G., Zhang, Z., Cheng, X., Wang, Z., Wong, R. Y. Y., Zhu, A. , Yang, L., Shi, X., Shi, C., Chen, Z., Arfeen, D., Abhyankar, R., Jia, Z. 2024. SpecInfer: Accelerating Generative Large Language Model Serving with Speculative Inference and Token Tree Verification. ASPLOS 2024. ● Cui, Z., Wang, S., Han V. Y., Rae-Gran, T., Yang, W. Y., Zhu, A ., Hudson, S. E., Ion, A. 2024. Robotic Metamaterials. CHI 2024. Preprints ● Zhu, A. , Asawa, P., Davis, J. Q., Chen, L., Hanin, B., Stoica, I., Gonzalez, J. E., Zaharia, M. 2025. BARE: Leveraging Base Language Models for Few-Shot Synthetic Data Generation. ICML 2025 DataWorld Workshop Oral. arXiv: 2502.01697. ● Zhu, A. , Ma, J., Mei, Q. 2025. Efficient Estimation of Shortest-Path Distance Distributions to Samples in Graphs. arXiv: 2502.15890. Skills ● Programming Languages: Python, R, C, C++, Java ● Scientific Packages: PyTorch, Transformers, TRL, VERL, SkyRL, NetworkX ● Tools: Google Sheets, Google Docs, LaTeX, Git, Conda, Docker ● Languages: English (native), Mandarin (fluent), French (intermediate) Research Experience University of California, Berkeley; Department of EECS; Sky Computing Lab Graduate Student Researcher | August 2024 - Present ● Advised by Prof. Joseph Gonzalez. ● Current research interests in AI agent personalization and specialization, especially in data-scarce settings, as well as evaluation of agentic systems. Carnegie Mellon University; CS Department; Catalyst Lab Undergraduate Research Assistant | August 2022 - May 2024 ● Worked under the supervision of Prof. Zhihao Jia on ML Systems for speculative decoding and retrieval augmented generation. University of Michigan; School of Information; Foreseer Group Undergraduate Research Assistant | May 2021 - May 2024 ● Worked under the supervision of Prof. Qiaozhu Mei on a project related to shortest path distances to samples in a graph, with implications on fairness in graph neural networks. Carnegie Mellon University; HCI Institute; Interactive Structures Lab Undergraduate Research Assistant | May 2021 - May 2022 ● Worked under the supervision of Prof. Alexandra Ion on developing robotic metamaterials, scalable and robust mechanisms composed of grids of cells controlled by selectively placed actuated cells. T eaching Experience Carnegie Mellon University | Fall 2021 - Spring 2024 15-251 Great Ideas in Theoretical Computer Science Fall 2023 - Spring 2024: Head Teaching Assistant Fall 2023: Associate Head Teaching Assistant Fall 2021 - Spring 2023: Teaching Assistant ● Led recitations and office hours, graded and provided feedback on student work, managed course logistics, and trained new course staff. Contributed towards development of"
alan_zhu,alan_zhu_Q21,Research and Projects,What were the main objectives of the applicant's projects?,Improve efficiency of LLM serving; enable AI agent personalization with limited data; advance robotic material design.,S2_Retrieve_Section,mistralai/Mistral-7B-Instruct-v0.3,"{
  ""predicted_answer"": [""Accelerating Retrieval-augmented Language Model Serving with Speculation"", ""Accelerating Generative Large Language Model Serving with Speculative Inference and Token Tree Verification"", ""Leveraging Base Language Models for Few-Shot Synthetic Data Generation"", ""Efficient Estimation of Shortest-Path Distance Distributions to Samples in Graphs""],
  ""rationale"": [""The main objectives of the projects are listed as peer-reviewed publications in the CV section. Each publication describes a specific project and its objective.""",,,,2.8897900581359863,0.00012159347534179688,2.8896684646606445,1266,129,0.0,,,,,,,,E2_QA_Accuracy,"Alan Zhu Berkeley, California, USA aczhu@berkeley.edu https://az1326.github.io/ | https://www.linkedin.com/in/az1326/ | https://github.com/az1326 Education University of California, Berkeley Ph.D. in Computer Science | August 2024 - Present ● NSF Graduate Research Fellow Carnegie Mellon University B.S. in Computer Science, Additional Major in Statistics | August 2020 - May 2024 ● GPA: 4.0/4.0 ● University Honors; Dean’s List, High Honors; Senior Leadership Recognition Award Peer-Reviewed Publications ● Zhang, Z., Zhu, A. , Yang, L, Xu, Y., Li, L., Phothilimthana, P. M., Jia, Z. 2024. Accelerating Retrieval-augmented Language Model Serving with Speculation. ICML 2024. ● Miao, X., Oliaro, G., Zhang, Z., Cheng, X., Wang, Z., Wong, R. Y. Y., Zhu, A. , Yang, L., Shi, X., Shi, C., Chen, Z., Arfeen, D., Abhyankar, R., Jia, Z. 2024. SpecInfer: Accelerating Generative Large Language Model Serving with Speculative Inference and Token Tree Verification. ASPLOS 2024. ● Cui, Z., Wang, S., Han V. Y., Rae-Gran, T., Yang, W. Y., Zhu, A ., Hudson, S. E., Ion, A. 2024. Robotic Metamaterials. CHI 2024. Preprints ● Zhu, A. , Asawa, P., Davis, J. Q., Chen, L., Hanin, B., Stoica, I., Gonzalez, J. E., Zaharia, M. 2025. BARE: Leveraging Base Language Models for Few-Shot Synthetic Data Generation. ICML 2025 DataWorld Workshop Oral. arXiv: 2502.01697. ● Zhu, A. , Ma, J., Mei, Q. 2025. Efficient Estimation of Shortest-Path Distance Distributions to Samples in Graphs. arXiv: 2502.15890. Skills ● Programming Languages: Python, R, C, C++, Java ● Scientific Packages: PyTorch, Transformers, TRL, VERL, SkyRL, NetworkX ● Tools: Google Sheets, Google Docs, LaTeX, Git, Conda, Docker ● Languages: English (native), Mandarin (fluent), French (intermediate) Research Experience University of California, Berkeley; Department of EECS; Sky Computing Lab Graduate Student Researcher | August 2024 - Present ● Advised by Prof. Joseph Gonzalez. ● Current research interests in AI agent personalization and specialization, especially in data-scarce settings, as well as evaluation of agentic systems. Carnegie Mellon University; CS Department; Catalyst Lab Undergraduate Research Assistant | August 2022 - May 2024 ● Worked under the supervision of Prof. Zhihao Jia on ML Systems for speculative decoding and retrieval augmented generation. University of Michigan; School of Information; Foreseer Group Undergraduate Research Assistant | May 2021 - May 2024 ● Worked under the supervision of Prof. Qiaozhu Mei on a project related to shortest path distances to samples in a graph, with implications on fairness in graph neural networks. Carnegie Mellon University; HCI Institute; Interactive Structures Lab Undergraduate Research Assistant | May 2021 - May 2022 ● Worked under the supervision of Prof. Alexandra Ion on developing robotic metamaterials, scalable and robust mechanisms composed of grids of cells controlled by selectively placed actuated cells. T eaching Experience Carnegie Mellon University | Fall 2021 - Spring 2024 15-251 Great Ideas in Theoretical Computer Science Fall 2023 - Spring 2024: Head Teaching Assistant Fall 2023: Associate Head Teaching Assistant Fall 2021 - Spring 2023: Teaching Assistant ● Led recitations and office hours, graded and provided feedback on student work, managed course logistics, and trained new course staff. Contributed towards development of"
alan_zhu,alan_zhu_Q22,Research and Projects,What are the applicant s publications?,"ICML 2024, ASPLOS 2024, CHI 2024, ICML 2025 workshop preprint, arXiv preprints.",S2_Retrieve_Section,mistralai/Mistral-7B-Instruct-v0.3,"{
  ""predicted_answer"": [
    ""Zhang, Z., Zhu, A., Yang, L, Xu, Y., Li, L., Phothilimthana, P. M., Jia, Z. 2024. Accelerating Retrieval-augmented Language Model Serving with Speculation."",
    ""Miao, X., Oliaro, G., Zhang, Z., Cheng, X., Wang, Z., Wong, R. Y. Y., Zhu, A., Yang, L., Shi, X",,,,2.8865482807159424,0.00011873245239257812,2.88642954826355,1261,127,0.0,,,,,,,,E2_QA_Accuracy,"Alan Zhu Berkeley, California, USA aczhu@berkeley.edu https://az1326.github.io/ | https://www.linkedin.com/in/az1326/ | https://github.com/az1326 Education University of California, Berkeley Ph.D. in Computer Science | August 2024 - Present ● NSF Graduate Research Fellow Carnegie Mellon University B.S. in Computer Science, Additional Major in Statistics | August 2020 - May 2024 ● GPA: 4.0/4.0 ● University Honors; Dean’s List, High Honors; Senior Leadership Recognition Award Peer-Reviewed Publications ● Zhang, Z., Zhu, A. , Yang, L, Xu, Y., Li, L., Phothilimthana, P. M., Jia, Z. 2024. Accelerating Retrieval-augmented Language Model Serving with Speculation. ICML 2024. ● Miao, X., Oliaro, G., Zhang, Z., Cheng, X., Wang, Z., Wong, R. Y. Y., Zhu, A. , Yang, L., Shi, X., Shi, C., Chen, Z., Arfeen, D., Abhyankar, R., Jia, Z. 2024. SpecInfer: Accelerating Generative Large Language Model Serving with Speculative Inference and Token Tree Verification. ASPLOS 2024. ● Cui, Z., Wang, S., Han V. Y., Rae-Gran, T., Yang, W. Y., Zhu, A ., Hudson, S. E., Ion, A. 2024. Robotic Metamaterials. CHI 2024. Preprints ● Zhu, A. , Asawa, P., Davis, J. Q., Chen, L., Hanin, B., Stoica, I., Gonzalez, J. E., Zaharia, M. 2025. BARE: Leveraging Base Language Models for Few-Shot Synthetic Data Generation. ICML 2025 DataWorld Workshop Oral. arXiv: 2502.01697. ● Zhu, A. , Ma, J., Mei, Q. 2025. Efficient Estimation of Shortest-Path Distance Distributions to Samples in Graphs. arXiv: 2502.15890. Skills ● Programming Languages: Python, R, C, C++, Java ● Scientific Packages: PyTorch, Transformers, TRL, VERL, SkyRL, NetworkX ● Tools: Google Sheets, Google Docs, LaTeX, Git, Conda, Docker ● Languages: English (native), Mandarin (fluent), French (intermediate) Research Experience University of California, Berkeley; Department of EECS; Sky Computing Lab Graduate Student Researcher | August 2024 - Present ● Advised by Prof. Joseph Gonzalez. ● Current research interests in AI agent personalization and specialization, especially in data-scarce settings, as well as evaluation of agentic systems. Carnegie Mellon University; CS Department; Catalyst Lab Undergraduate Research Assistant | August 2022 - May 2024 ● Worked under the supervision of Prof. Zhihao Jia on ML Systems for speculative decoding and retrieval augmented generation. University of Michigan; School of Information; Foreseer Group Undergraduate Research Assistant | May 2021 - May 2024 ● Worked under the supervision of Prof. Qiaozhu Mei on a project related to shortest path distances to samples in a graph, with implications on fairness in graph neural networks. Carnegie Mellon University; HCI Institute; Interactive Structures Lab Undergraduate Research Assistant | May 2021 - May 2022 ● Worked under the supervision of Prof. Alexandra Ion on developing robotic metamaterials, scalable and robust mechanisms composed of grids of cells controlled by selectively placed actuated cells. T eaching Experience Carnegie Mellon University | Fall 2021 - Spring 2024 15-251 Great Ideas in Theoretical Computer Science Fall 2023 - Spring 2024: Head Teaching Assistant Fall 2023: Associate Head Teaching Assistant Fall 2021 - Spring 2023: Teaching Assistant ● Led recitations and office hours, graded and provided feedback on student work, managed course logistics, and trained new course staff. Contributed towards development of"
alan_zhu,alan_zhu_Q23,Research and Projects,Did the applicant outline the approach or methodology they used?,Used speculative inference and token tree verification; applied regression methods for A/B testing; graph algorithmic approaches.,S2_Retrieve_Section,mistralai/Mistral-7B-Instruct-v0.3,"{
  ""predicted_answer"": ""Not found"",
  ""rationale"": ""The provided CV section does not contain any information about the approach or methodology used by the applicant."",
  ""confidence_score"": 1.0
}",,,,1.4080119132995605,0.00010991096496582031,1.4079020023345947,1266,56,0.0,,,,,,,,E2_QA_Accuracy,"Alan Zhu Berkeley, California, USA aczhu@berkeley.edu https://az1326.github.io/ | https://www.linkedin.com/in/az1326/ | https://github.com/az1326 Education University of California, Berkeley Ph.D. in Computer Science | August 2024 - Present ● NSF Graduate Research Fellow Carnegie Mellon University B.S. in Computer Science, Additional Major in Statistics | August 2020 - May 2024 ● GPA: 4.0/4.0 ● University Honors; Dean’s List, High Honors; Senior Leadership Recognition Award Peer-Reviewed Publications ● Zhang, Z., Zhu, A. , Yang, L, Xu, Y., Li, L., Phothilimthana, P. M., Jia, Z. 2024. Accelerating Retrieval-augmented Language Model Serving with Speculation. ICML 2024. ● Miao, X., Oliaro, G., Zhang, Z., Cheng, X., Wang, Z., Wong, R. Y. Y., Zhu, A. , Yang, L., Shi, X., Shi, C., Chen, Z., Arfeen, D., Abhyankar, R., Jia, Z. 2024. SpecInfer: Accelerating Generative Large Language Model Serving with Speculative Inference and Token Tree Verification. ASPLOS 2024. ● Cui, Z., Wang, S., Han V. Y., Rae-Gran, T., Yang, W. Y., Zhu, A ., Hudson, S. E., Ion, A. 2024. Robotic Metamaterials. CHI 2024. Preprints ● Zhu, A. , Asawa, P., Davis, J. Q., Chen, L., Hanin, B., Stoica, I., Gonzalez, J. E., Zaharia, M. 2025. BARE: Leveraging Base Language Models for Few-Shot Synthetic Data Generation. ICML 2025 DataWorld Workshop Oral. arXiv: 2502.01697. ● Zhu, A. , Ma, J., Mei, Q. 2025. Efficient Estimation of Shortest-Path Distance Distributions to Samples in Graphs. arXiv: 2502.15890. Skills ● Programming Languages: Python, R, C, C++, Java ● Scientific Packages: PyTorch, Transformers, TRL, VERL, SkyRL, NetworkX ● Tools: Google Sheets, Google Docs, LaTeX, Git, Conda, Docker ● Languages: English (native), Mandarin (fluent), French (intermediate) Research Experience University of California, Berkeley; Department of EECS; Sky Computing Lab Graduate Student Researcher | August 2024 - Present ● Advised by Prof. Joseph Gonzalez. ● Current research interests in AI agent personalization and specialization, especially in data-scarce settings, as well as evaluation of agentic systems. Carnegie Mellon University; CS Department; Catalyst Lab Undergraduate Research Assistant | August 2022 - May 2024 ● Worked under the supervision of Prof. Zhihao Jia on ML Systems for speculative decoding and retrieval augmented generation. University of Michigan; School of Information; Foreseer Group Undergraduate Research Assistant | May 2021 - May 2024 ● Worked under the supervision of Prof. Qiaozhu Mei on a project related to shortest path distances to samples in a graph, with implications on fairness in graph neural networks. Carnegie Mellon University; HCI Institute; Interactive Structures Lab Undergraduate Research Assistant | May 2021 - May 2022 ● Worked under the supervision of Prof. Alexandra Ion on developing robotic metamaterials, scalable and robust mechanisms composed of grids of cells controlled by selectively placed actuated cells. T eaching Experience Carnegie Mellon University | Fall 2021 - Spring 2024 15-251 Great Ideas in Theoretical Computer Science Fall 2023 - Spring 2024: Head Teaching Assistant Fall 2023: Associate Head Teaching Assistant Fall 2021 - Spring 2023: Teaching Assistant ● Led recitations and office hours, graded and provided feedback on student work, managed course logistics, and trained new course staff. Contributed towards development of"
alan_zhu,alan_zhu_Q24,Research and Projects,What are the applicant's research areas?,"Machine Learning Systems, Speculative Decoding, Retrieval-Augmented Generation, Graph Algorithms, Human-Computer Interaction",S2_Retrieve_Section,mistralai/Mistral-7B-Instruct-v0.3,"{
  ""predicted_answer"": [""AI agent personalization and specialization, especially in data-scarce settings, as well as evaluation of agentic systems""],
  ""rationale"": [""The answer is inferred from the 'Research Experience' section where it is stated that the applicant's current research interests are in AI agent personalization and specialization, especially in data-scarce settings, as well as evaluation of agentic systems.""],
  ""confidence_score"": 1.0
}",,,,2.5475618839263916,0.00012087821960449219,2.547441005706787,1263,111,0.0,,,,,,,,E2_QA_Accuracy,"Alan Zhu Berkeley, California, USA aczhu@berkeley.edu https://az1326.github.io/ | https://www.linkedin.com/in/az1326/ | https://github.com/az1326 Education University of California, Berkeley Ph.D. in Computer Science | August 2024 - Present ● NSF Graduate Research Fellow Carnegie Mellon University B.S. in Computer Science, Additional Major in Statistics | August 2020 - May 2024 ● GPA: 4.0/4.0 ● University Honors; Dean’s List, High Honors; Senior Leadership Recognition Award Peer-Reviewed Publications ● Zhang, Z., Zhu, A. , Yang, L, Xu, Y., Li, L., Phothilimthana, P. M., Jia, Z. 2024. Accelerating Retrieval-augmented Language Model Serving with Speculation. ICML 2024. ● Miao, X., Oliaro, G., Zhang, Z., Cheng, X., Wang, Z., Wong, R. Y. Y., Zhu, A. , Yang, L., Shi, X., Shi, C., Chen, Z., Arfeen, D., Abhyankar, R., Jia, Z. 2024. SpecInfer: Accelerating Generative Large Language Model Serving with Speculative Inference and Token Tree Verification. ASPLOS 2024. ● Cui, Z., Wang, S., Han V. Y., Rae-Gran, T., Yang, W. Y., Zhu, A ., Hudson, S. E., Ion, A. 2024. Robotic Metamaterials. CHI 2024. Preprints ● Zhu, A. , Asawa, P., Davis, J. Q., Chen, L., Hanin, B., Stoica, I., Gonzalez, J. E., Zaharia, M. 2025. BARE: Leveraging Base Language Models for Few-Shot Synthetic Data Generation. ICML 2025 DataWorld Workshop Oral. arXiv: 2502.01697. ● Zhu, A. , Ma, J., Mei, Q. 2025. Efficient Estimation of Shortest-Path Distance Distributions to Samples in Graphs. arXiv: 2502.15890. Skills ● Programming Languages: Python, R, C, C++, Java ● Scientific Packages: PyTorch, Transformers, TRL, VERL, SkyRL, NetworkX ● Tools: Google Sheets, Google Docs, LaTeX, Git, Conda, Docker ● Languages: English (native), Mandarin (fluent), French (intermediate) Research Experience University of California, Berkeley; Department of EECS; Sky Computing Lab Graduate Student Researcher | August 2024 - Present ● Advised by Prof. Joseph Gonzalez. ● Current research interests in AI agent personalization and specialization, especially in data-scarce settings, as well as evaluation of agentic systems. Carnegie Mellon University; CS Department; Catalyst Lab Undergraduate Research Assistant | August 2022 - May 2024 ● Worked under the supervision of Prof. Zhihao Jia on ML Systems for speculative decoding and retrieval augmented generation. University of Michigan; School of Information; Foreseer Group Undergraduate Research Assistant | May 2021 - May 2024 ● Worked under the supervision of Prof. Qiaozhu Mei on a project related to shortest path distances to samples in a graph, with implications on fairness in graph neural networks. Carnegie Mellon University; HCI Institute; Interactive Structures Lab Undergraduate Research Assistant | May 2021 - May 2022 ● Worked under the supervision of Prof. Alexandra Ion on developing robotic metamaterials, scalable and robust mechanisms composed of grids of cells controlled by selectively placed actuated cells. T eaching Experience Carnegie Mellon University | Fall 2021 - Spring 2024 15-251 Great Ideas in Theoretical Computer Science Fall 2023 - Spring 2024: Head Teaching Assistant Fall 2023: Associate Head Teaching Assistant Fall 2021 - Spring 2023: Teaching Assistant ● Led recitations and office hours, graded and provided feedback on student work, managed course logistics, and trained new course staff. Contributed towards development of"
alan_zhu,alan_zhu_Q25,Skills,What are the applicant s key soft skills?,"Leadership, teaching, mentorship, collaboration, technical communication",S2_Retrieve_Section,mistralai/Mistral-7B-Instruct-v0.3,"{
  ""predicted_answer"": [""English (native), Mandarin (fluent), French (intermediate)""],
  ""rationale"": ""The provided CV section lists the applicant's language skills."",
  ""confidence_score"": 1.0
}",,,,1.543562650680542,0.0001227855682373047,1.5434398651123047,1263,61,0.0,,,,,,,,E2_QA_Accuracy,"Alan Zhu Berkeley, California, USA aczhu@berkeley.edu https://az1326.github.io/ | https://www.linkedin.com/in/az1326/ | https://github.com/az1326 Education University of California, Berkeley Ph.D. in Computer Science | August 2024 - Present ● NSF Graduate Research Fellow Carnegie Mellon University B.S. in Computer Science, Additional Major in Statistics | August 2020 - May 2024 ● GPA: 4.0/4.0 ● University Honors; Dean’s List, High Honors; Senior Leadership Recognition Award Peer-Reviewed Publications ● Zhang, Z., Zhu, A. , Yang, L, Xu, Y., Li, L., Phothilimthana, P. M., Jia, Z. 2024. Accelerating Retrieval-augmented Language Model Serving with Speculation. ICML 2024. ● Miao, X., Oliaro, G., Zhang, Z., Cheng, X., Wang, Z., Wong, R. Y. Y., Zhu, A. , Yang, L., Shi, X., Shi, C., Chen, Z., Arfeen, D., Abhyankar, R., Jia, Z. 2024. SpecInfer: Accelerating Generative Large Language Model Serving with Speculative Inference and Token Tree Verification. ASPLOS 2024. ● Cui, Z., Wang, S., Han V. Y., Rae-Gran, T., Yang, W. Y., Zhu, A ., Hudson, S. E., Ion, A. 2024. Robotic Metamaterials. CHI 2024. Preprints ● Zhu, A. , Asawa, P., Davis, J. Q., Chen, L., Hanin, B., Stoica, I., Gonzalez, J. E., Zaharia, M. 2025. BARE: Leveraging Base Language Models for Few-Shot Synthetic Data Generation. ICML 2025 DataWorld Workshop Oral. arXiv: 2502.01697. ● Zhu, A. , Ma, J., Mei, Q. 2025. Efficient Estimation of Shortest-Path Distance Distributions to Samples in Graphs. arXiv: 2502.15890. Skills ● Programming Languages: Python, R, C, C++, Java ● Scientific Packages: PyTorch, Transformers, TRL, VERL, SkyRL, NetworkX ● Tools: Google Sheets, Google Docs, LaTeX, Git, Conda, Docker ● Languages: English (native), Mandarin (fluent), French (intermediate) Research Experience University of California, Berkeley; Department of EECS; Sky Computing Lab Graduate Student Researcher | August 2024 - Present ● Advised by Prof. Joseph Gonzalez. ● Current research interests in AI agent personalization and specialization, especially in data-scarce settings, as well as evaluation of agentic systems. Carnegie Mellon University; CS Department; Catalyst Lab Undergraduate Research Assistant | August 2022 - May 2024 ● Worked under the supervision of Prof. Zhihao Jia on ML Systems for speculative decoding and retrieval augmented generation. University of Michigan; School of Information; Foreseer Group Undergraduate Research Assistant | May 2021 - May 2024 ● Worked under the supervision of Prof. Qiaozhu Mei on a project related to shortest path distances to samples in a graph, with implications on fairness in graph neural networks. Carnegie Mellon University; HCI Institute; Interactive Structures Lab Undergraduate Research Assistant | May 2021 - May 2022 ● Worked under the supervision of Prof. Alexandra Ion on developing robotic metamaterials, scalable and robust mechanisms composed of grids of cells controlled by selectively placed actuated cells. T eaching Experience Carnegie Mellon University | Fall 2021 - Spring 2024 15-251 Great Ideas in Theoretical Computer Science Fall 2023 - Spring 2024: Head Teaching Assistant Fall 2023: Associate Head Teaching Assistant Fall 2021 - Spring 2023: Teaching Assistant ● Led recitations and office hours, graded and provided feedback on student work, managed course logistics, and trained new course staff. Contributed towards development of"
alan_zhu,alan_zhu_Q26,Skills,"Are there any certifications, licenses, or trainings listed by the applicant?",NSF Graduate Research Fellow,S2_Retrieve_Section,mistralai/Mistral-7B-Instruct-v0.3,"{
  ""predicted_answer"": ""Not found"",
  ""rationale"": ""The provided CV section does not list any certifications, licenses, or trainings."",
  ""confidence_score"": 1.0
}",,,,1.2374331951141357,0.00010752677917480469,1.237325668334961,1270,52,0.0,,,,,,,,E2_QA_Accuracy,"Alan Zhu Berkeley, California, USA aczhu@berkeley.edu https://az1326.github.io/ | https://www.linkedin.com/in/az1326/ | https://github.com/az1326 Education University of California, Berkeley Ph.D. in Computer Science | August 2024 - Present ● NSF Graduate Research Fellow Carnegie Mellon University B.S. in Computer Science, Additional Major in Statistics | August 2020 - May 2024 ● GPA: 4.0/4.0 ● University Honors; Dean’s List, High Honors; Senior Leadership Recognition Award Peer-Reviewed Publications ● Zhang, Z., Zhu, A. , Yang, L, Xu, Y., Li, L., Phothilimthana, P. M., Jia, Z. 2024. Accelerating Retrieval-augmented Language Model Serving with Speculation. ICML 2024. ● Miao, X., Oliaro, G., Zhang, Z., Cheng, X., Wang, Z., Wong, R. Y. Y., Zhu, A. , Yang, L., Shi, X., Shi, C., Chen, Z., Arfeen, D., Abhyankar, R., Jia, Z. 2024. SpecInfer: Accelerating Generative Large Language Model Serving with Speculative Inference and Token Tree Verification. ASPLOS 2024. ● Cui, Z., Wang, S., Han V. Y., Rae-Gran, T., Yang, W. Y., Zhu, A ., Hudson, S. E., Ion, A. 2024. Robotic Metamaterials. CHI 2024. Preprints ● Zhu, A. , Asawa, P., Davis, J. Q., Chen, L., Hanin, B., Stoica, I., Gonzalez, J. E., Zaharia, M. 2025. BARE: Leveraging Base Language Models for Few-Shot Synthetic Data Generation. ICML 2025 DataWorld Workshop Oral. arXiv: 2502.01697. ● Zhu, A. , Ma, J., Mei, Q. 2025. Efficient Estimation of Shortest-Path Distance Distributions to Samples in Graphs. arXiv: 2502.15890. Skills ● Programming Languages: Python, R, C, C++, Java ● Scientific Packages: PyTorch, Transformers, TRL, VERL, SkyRL, NetworkX ● Tools: Google Sheets, Google Docs, LaTeX, Git, Conda, Docker ● Languages: English (native), Mandarin (fluent), French (intermediate) Research Experience University of California, Berkeley; Department of EECS; Sky Computing Lab Graduate Student Researcher | August 2024 - Present ● Advised by Prof. Joseph Gonzalez. ● Current research interests in AI agent personalization and specialization, especially in data-scarce settings, as well as evaluation of agentic systems. Carnegie Mellon University; CS Department; Catalyst Lab Undergraduate Research Assistant | August 2022 - May 2024 ● Worked under the supervision of Prof. Zhihao Jia on ML Systems for speculative decoding and retrieval augmented generation. University of Michigan; School of Information; Foreseer Group Undergraduate Research Assistant | May 2021 - May 2024 ● Worked under the supervision of Prof. Qiaozhu Mei on a project related to shortest path distances to samples in a graph, with implications on fairness in graph neural networks. Carnegie Mellon University; HCI Institute; Interactive Structures Lab Undergraduate Research Assistant | May 2021 - May 2022 ● Worked under the supervision of Prof. Alexandra Ion on developing robotic metamaterials, scalable and robust mechanisms composed of grids of cells controlled by selectively placed actuated cells. T eaching Experience Carnegie Mellon University | Fall 2021 - Spring 2024 15-251 Great Ideas in Theoretical Computer Science Fall 2023 - Spring 2024: Head Teaching Assistant Fall 2023: Associate Head Teaching Assistant Fall 2021 - Spring 2023: Teaching Assistant ● Led recitations and office hours, graded and provided feedback on student work, managed course logistics, and trained new course staff. Contributed towards development of"
alan_zhu,alan_zhu_Q27,Skills,Did the applicant describe a situation where they applied one of their key skills effectively?,Led recitations and trained staff as Head TA; developed A/B testing tool at Apple.,S2_Retrieve_Section,mistralai/Mistral-7B-Instruct-v0.3,"{
  ""predicted_answer"": ""Not found"",
  ""rationale"": ""The provided CV section does not contain a specific situation where the applicant applied one of their key skills effectively."",
  ""confidence_score"": 1.0
}",,,,1.4494385719299316,0.0001087188720703125,1.4493298530578613,1270,57,0.0,,,,,,,,E2_QA_Accuracy,"Alan Zhu Berkeley, California, USA aczhu@berkeley.edu https://az1326.github.io/ | https://www.linkedin.com/in/az1326/ | https://github.com/az1326 Education University of California, Berkeley Ph.D. in Computer Science | August 2024 - Present ● NSF Graduate Research Fellow Carnegie Mellon University B.S. in Computer Science, Additional Major in Statistics | August 2020 - May 2024 ● GPA: 4.0/4.0 ● University Honors; Dean’s List, High Honors; Senior Leadership Recognition Award Peer-Reviewed Publications ● Zhang, Z., Zhu, A. , Yang, L, Xu, Y., Li, L., Phothilimthana, P. M., Jia, Z. 2024. Accelerating Retrieval-augmented Language Model Serving with Speculation. ICML 2024. ● Miao, X., Oliaro, G., Zhang, Z., Cheng, X., Wang, Z., Wong, R. Y. Y., Zhu, A. , Yang, L., Shi, X., Shi, C., Chen, Z., Arfeen, D., Abhyankar, R., Jia, Z. 2024. SpecInfer: Accelerating Generative Large Language Model Serving with Speculative Inference and Token Tree Verification. ASPLOS 2024. ● Cui, Z., Wang, S., Han V. Y., Rae-Gran, T., Yang, W. Y., Zhu, A ., Hudson, S. E., Ion, A. 2024. Robotic Metamaterials. CHI 2024. Preprints ● Zhu, A. , Asawa, P., Davis, J. Q., Chen, L., Hanin, B., Stoica, I., Gonzalez, J. E., Zaharia, M. 2025. BARE: Leveraging Base Language Models for Few-Shot Synthetic Data Generation. ICML 2025 DataWorld Workshop Oral. arXiv: 2502.01697. ● Zhu, A. , Ma, J., Mei, Q. 2025. Efficient Estimation of Shortest-Path Distance Distributions to Samples in Graphs. arXiv: 2502.15890. Skills ● Programming Languages: Python, R, C, C++, Java ● Scientific Packages: PyTorch, Transformers, TRL, VERL, SkyRL, NetworkX ● Tools: Google Sheets, Google Docs, LaTeX, Git, Conda, Docker ● Languages: English (native), Mandarin (fluent), French (intermediate) Research Experience University of California, Berkeley; Department of EECS; Sky Computing Lab Graduate Student Researcher | August 2024 - Present ● Advised by Prof. Joseph Gonzalez. ● Current research interests in AI agent personalization and specialization, especially in data-scarce settings, as well as evaluation of agentic systems. Carnegie Mellon University; CS Department; Catalyst Lab Undergraduate Research Assistant | August 2022 - May 2024 ● Worked under the supervision of Prof. Zhihao Jia on ML Systems for speculative decoding and retrieval augmented generation. University of Michigan; School of Information; Foreseer Group Undergraduate Research Assistant | May 2021 - May 2024 ● Worked under the supervision of Prof. Qiaozhu Mei on a project related to shortest path distances to samples in a graph, with implications on fairness in graph neural networks. Carnegie Mellon University; HCI Institute; Interactive Structures Lab Undergraduate Research Assistant | May 2021 - May 2022 ● Worked under the supervision of Prof. Alexandra Ion on developing robotic metamaterials, scalable and robust mechanisms composed of grids of cells controlled by selectively placed actuated cells. T eaching Experience Carnegie Mellon University | Fall 2021 - Spring 2024 15-251 Great Ideas in Theoretical Computer Science Fall 2023 - Spring 2024: Head Teaching Assistant Fall 2023: Associate Head Teaching Assistant Fall 2021 - Spring 2023: Teaching Assistant ● Led recitations and office hours, graded and provided feedback on student work, managed course logistics, and trained new course staff. Contributed towards development of"
alan_zhu,alan_zhu_Q28,Awards & Extracurricular Activities,"Has the applicant received any awards or recognitions? If so, which is the most significant?",NSF Graduate Research Fellowship (most significant),S2_Retrieve_Section,mistralai/Mistral-7B-Instruct-v0.3,"{
  ""predicted_answer"": ""Yes, the applicant has received a Senior Leadership Recognition Award."",
  ""rationale"": ""The CV section mentions that the applicant received 'Senior Leadership Recognition Award'."",
  ""confidence_score"": 1.0
}",,,,1.6037585735321045,0.00010776519775390625,1.6036508083343506,1273,70,0.0,,,,,,,,E2_QA_Accuracy,"Alan Zhu Berkeley, California, USA aczhu@berkeley.edu https://az1326.github.io/ | https://www.linkedin.com/in/az1326/ | https://github.com/az1326 Education University of California, Berkeley Ph.D. in Computer Science | August 2024 - Present ● NSF Graduate Research Fellow Carnegie Mellon University B.S. in Computer Science, Additional Major in Statistics | August 2020 - May 2024 ● GPA: 4.0/4.0 ● University Honors; Dean’s List, High Honors; Senior Leadership Recognition Award Peer-Reviewed Publications ● Zhang, Z., Zhu, A. , Yang, L, Xu, Y., Li, L., Phothilimthana, P. M., Jia, Z. 2024. Accelerating Retrieval-augmented Language Model Serving with Speculation. ICML 2024. ● Miao, X., Oliaro, G., Zhang, Z., Cheng, X., Wang, Z., Wong, R. Y. Y., Zhu, A. , Yang, L., Shi, X., Shi, C., Chen, Z., Arfeen, D., Abhyankar, R., Jia, Z. 2024. SpecInfer: Accelerating Generative Large Language Model Serving with Speculative Inference and Token Tree Verification. ASPLOS 2024. ● Cui, Z., Wang, S., Han V. Y., Rae-Gran, T., Yang, W. Y., Zhu, A ., Hudson, S. E., Ion, A. 2024. Robotic Metamaterials. CHI 2024. Preprints ● Zhu, A. , Asawa, P., Davis, J. Q., Chen, L., Hanin, B., Stoica, I., Gonzalez, J. E., Zaharia, M. 2025. BARE: Leveraging Base Language Models for Few-Shot Synthetic Data Generation. ICML 2025 DataWorld Workshop Oral. arXiv: 2502.01697. ● Zhu, A. , Ma, J., Mei, Q. 2025. Efficient Estimation of Shortest-Path Distance Distributions to Samples in Graphs. arXiv: 2502.15890. Skills ● Programming Languages: Python, R, C, C++, Java ● Scientific Packages: PyTorch, Transformers, TRL, VERL, SkyRL, NetworkX ● Tools: Google Sheets, Google Docs, LaTeX, Git, Conda, Docker ● Languages: English (native), Mandarin (fluent), French (intermediate) Research Experience University of California, Berkeley; Department of EECS; Sky Computing Lab Graduate Student Researcher | August 2024 - Present ● Advised by Prof. Joseph Gonzalez. ● Current research interests in AI agent personalization and specialization, especially in data-scarce settings, as well as evaluation of agentic systems. Carnegie Mellon University; CS Department; Catalyst Lab Undergraduate Research Assistant | August 2022 - May 2024 ● Worked under the supervision of Prof. Zhihao Jia on ML Systems for speculative decoding and retrieval augmented generation. University of Michigan; School of Information; Foreseer Group Undergraduate Research Assistant | May 2021 - May 2024 ● Worked under the supervision of Prof. Qiaozhu Mei on a project related to shortest path distances to samples in a graph, with implications on fairness in graph neural networks. Carnegie Mellon University; HCI Institute; Interactive Structures Lab Undergraduate Research Assistant | May 2021 - May 2022 ● Worked under the supervision of Prof. Alexandra Ion on developing robotic metamaterials, scalable and robust mechanisms composed of grids of cells controlled by selectively placed actuated cells. T eaching Experience Carnegie Mellon University | Fall 2021 - Spring 2024 15-251 Great Ideas in Theoretical Computer Science Fall 2023 - Spring 2024: Head Teaching Assistant Fall 2023: Associate Head Teaching Assistant Fall 2021 - Spring 2023: Teaching Assistant ● Led recitations and office hours, graded and provided feedback on student work, managed course logistics, and trained new course staff. Contributed towards development of"
alan_zhu,alan_zhu_Q29,Awards & Extracurricular Activities,Did the applicant share a brief overview of an extracurricular or volunteer activity they have been involved in?,Head Teaching Assistant for theoretical CS course; undergraduate research mentoring implied through lab roles.,S2_Retrieve_Section,mistralai/Mistral-7B-Instruct-v0.3,"{
  ""predicted_answer"": ""Not found"",
  ""rationale"": ""The provided CV section does not contain any information about extracurricular or volunteer activities."",
  ""confidence_score"": 1.0
}",,,,1.334714651107788,0.00014138221740722656,1.3345732688903809,1277,54,0.0,,,,,,,,E2_QA_Accuracy,"Alan Zhu Berkeley, California, USA aczhu@berkeley.edu https://az1326.github.io/ | https://www.linkedin.com/in/az1326/ | https://github.com/az1326 Education University of California, Berkeley Ph.D. in Computer Science | August 2024 - Present ● NSF Graduate Research Fellow Carnegie Mellon University B.S. in Computer Science, Additional Major in Statistics | August 2020 - May 2024 ● GPA: 4.0/4.0 ● University Honors; Dean’s List, High Honors; Senior Leadership Recognition Award Peer-Reviewed Publications ● Zhang, Z., Zhu, A. , Yang, L, Xu, Y., Li, L., Phothilimthana, P. M., Jia, Z. 2024. Accelerating Retrieval-augmented Language Model Serving with Speculation. ICML 2024. ● Miao, X., Oliaro, G., Zhang, Z., Cheng, X., Wang, Z., Wong, R. Y. Y., Zhu, A. , Yang, L., Shi, X., Shi, C., Chen, Z., Arfeen, D., Abhyankar, R., Jia, Z. 2024. SpecInfer: Accelerating Generative Large Language Model Serving with Speculative Inference and Token Tree Verification. ASPLOS 2024. ● Cui, Z., Wang, S., Han V. Y., Rae-Gran, T., Yang, W. Y., Zhu, A ., Hudson, S. E., Ion, A. 2024. Robotic Metamaterials. CHI 2024. Preprints ● Zhu, A. , Asawa, P., Davis, J. Q., Chen, L., Hanin, B., Stoica, I., Gonzalez, J. E., Zaharia, M. 2025. BARE: Leveraging Base Language Models for Few-Shot Synthetic Data Generation. ICML 2025 DataWorld Workshop Oral. arXiv: 2502.01697. ● Zhu, A. , Ma, J., Mei, Q. 2025. Efficient Estimation of Shortest-Path Distance Distributions to Samples in Graphs. arXiv: 2502.15890. Skills ● Programming Languages: Python, R, C, C++, Java ● Scientific Packages: PyTorch, Transformers, TRL, VERL, SkyRL, NetworkX ● Tools: Google Sheets, Google Docs, LaTeX, Git, Conda, Docker ● Languages: English (native), Mandarin (fluent), French (intermediate) Research Experience University of California, Berkeley; Department of EECS; Sky Computing Lab Graduate Student Researcher | August 2024 - Present ● Advised by Prof. Joseph Gonzalez. ● Current research interests in AI agent personalization and specialization, especially in data-scarce settings, as well as evaluation of agentic systems. Carnegie Mellon University; CS Department; Catalyst Lab Undergraduate Research Assistant | August 2022 - May 2024 ● Worked under the supervision of Prof. Zhihao Jia on ML Systems for speculative decoding and retrieval augmented generation. University of Michigan; School of Information; Foreseer Group Undergraduate Research Assistant | May 2021 - May 2024 ● Worked under the supervision of Prof. Qiaozhu Mei on a project related to shortest path distances to samples in a graph, with implications on fairness in graph neural networks. Carnegie Mellon University; HCI Institute; Interactive Structures Lab Undergraduate Research Assistant | May 2021 - May 2022 ● Worked under the supervision of Prof. Alexandra Ion on developing robotic metamaterials, scalable and robust mechanisms composed of grids of cells controlled by selectively placed actuated cells. T eaching Experience Carnegie Mellon University | Fall 2021 - Spring 2024 15-251 Great Ideas in Theoretical Computer Science Fall 2023 - Spring 2024: Head Teaching Assistant Fall 2023: Associate Head Teaching Assistant Fall 2021 - Spring 2023: Teaching Assistant ● Led recitations and office hours, graded and provided feedback on student work, managed course logistics, and trained new course staff. Contributed towards development of"
alan_zhu,alan_zhu_Q30,Awards & Extracurricular Activities,Did the applicant describe any notable academic achievements or honors received?,University Honors; Dean’s List High Honors; Senior Leadership Recognition Award; NSF GRFP.,S2_Retrieve_Section,mistralai/Mistral-7B-Instruct-v0.3,"{
  ""predicted_answer"": ""Yes, the applicant described several academic achievements and honors received. These include being a NSF Graduate Research Fellow, receiving University Honors, Dean’s List, High Honors, and the Senior Leadership Recognition Award."",
  ""rationale"": ""The applicant mentioned being a NSF Graduate Research Fellow, which is an academic honor. They also mentioned receiving University Honors, Dean’s List, High Honors, and the Senior Leadership Recognition Award, which are all academic achievements."",
  ""confidence_score"": 1",,,,2.8947410583496094,0.0001239776611328125,2.8946170806884766,1267,129,0.0,,,,,,,,E2_QA_Accuracy,"Alan Zhu Berkeley, California, USA aczhu@berkeley.edu https://az1326.github.io/ | https://www.linkedin.com/in/az1326/ | https://github.com/az1326 Education University of California, Berkeley Ph.D. in Computer Science | August 2024 - Present ● NSF Graduate Research Fellow Carnegie Mellon University B.S. in Computer Science, Additional Major in Statistics | August 2020 - May 2024 ● GPA: 4.0/4.0 ● University Honors; Dean’s List, High Honors; Senior Leadership Recognition Award Peer-Reviewed Publications ● Zhang, Z., Zhu, A. , Yang, L, Xu, Y., Li, L., Phothilimthana, P. M., Jia, Z. 2024. Accelerating Retrieval-augmented Language Model Serving with Speculation. ICML 2024. ● Miao, X., Oliaro, G., Zhang, Z., Cheng, X., Wang, Z., Wong, R. Y. Y., Zhu, A. , Yang, L., Shi, X., Shi, C., Chen, Z., Arfeen, D., Abhyankar, R., Jia, Z. 2024. SpecInfer: Accelerating Generative Large Language Model Serving with Speculative Inference and Token Tree Verification. ASPLOS 2024. ● Cui, Z., Wang, S., Han V. Y., Rae-Gran, T., Yang, W. Y., Zhu, A ., Hudson, S. E., Ion, A. 2024. Robotic Metamaterials. CHI 2024. Preprints ● Zhu, A. , Asawa, P., Davis, J. Q., Chen, L., Hanin, B., Stoica, I., Gonzalez, J. E., Zaharia, M. 2025. BARE: Leveraging Base Language Models for Few-Shot Synthetic Data Generation. ICML 2025 DataWorld Workshop Oral. arXiv: 2502.01697. ● Zhu, A. , Ma, J., Mei, Q. 2025. Efficient Estimation of Shortest-Path Distance Distributions to Samples in Graphs. arXiv: 2502.15890. Skills ● Programming Languages: Python, R, C, C++, Java ● Scientific Packages: PyTorch, Transformers, TRL, VERL, SkyRL, NetworkX ● Tools: Google Sheets, Google Docs, LaTeX, Git, Conda, Docker ● Languages: English (native), Mandarin (fluent), French (intermediate) Research Experience University of California, Berkeley; Department of EECS; Sky Computing Lab Graduate Student Researcher | August 2024 - Present ● Advised by Prof. Joseph Gonzalez. ● Current research interests in AI agent personalization and specialization, especially in data-scarce settings, as well as evaluation of agentic systems. Carnegie Mellon University; CS Department; Catalyst Lab Undergraduate Research Assistant | August 2022 - May 2024 ● Worked under the supervision of Prof. Zhihao Jia on ML Systems for speculative decoding and retrieval augmented generation. University of Michigan; School of Information; Foreseer Group Undergraduate Research Assistant | May 2021 - May 2024 ● Worked under the supervision of Prof. Qiaozhu Mei on a project related to shortest path distances to samples in a graph, with implications on fairness in graph neural networks. Carnegie Mellon University; HCI Institute; Interactive Structures Lab Undergraduate Research Assistant | May 2021 - May 2022 ● Worked under the supervision of Prof. Alexandra Ion on developing robotic metamaterials, scalable and robust mechanisms composed of grids of cells controlled by selectively placed actuated cells. T eaching Experience Carnegie Mellon University | Fall 2021 - Spring 2024 15-251 Great Ideas in Theoretical Computer Science Fall 2023 - Spring 2024: Head Teaching Assistant Fall 2023: Associate Head Teaching Assistant Fall 2021 - Spring 2023: Teaching Assistant ● Led recitations and office hours, graded and provided feedback on student work, managed course logistics, and trained new course staff. Contributed towards development of"
andrew_blinn,andrew_blinn_Q1,Personal Information,What is the applicant's full name?,Andrew Blinn,S2_Retrieve_Section,mistralai/Mistral-7B-Instruct-v0.3,"{
  ""predicted_answer"": ""Not found"",
  ""rationale"": ""The provided CV section does not contain the applicant's full name."",
  ""confidence_score"": 1.0
}",,,,1.2869367599487305,0.00020051002502441406,1.286736249923706,1124,50,0.0,,,,,,,,E2_QA_Accuracy,"construction for LLM-powered code completion Accepted speaker at VL/HCC · 2022 · Rome · Recorded Talk · Slides Presented an integrative human-centered architecture for interactive programming assistants Guest Lecturer · 2023 & 2022 · Ann Arbor Introduction to metaprogramming featuring Racket for EECS 490 - Programming Languages CONFERENCES ʵ Programming Committee Member · 2025: LIVE + HATRA · 2024: LIVE + Onward! + HATRA Student Volunteer · 2021: SPLASH/OOPSLA Seat Filler · 2025: ARIA Safeguarded AI Workshop + Ink & Switch London Social 2024: Ink & Switch Unconf + OOPSLA + LIVE + HATRA + Gradient Retreat 2023: MWPLS + Local First + Fission TrainJam + Strange Loop + Gradient Retreat + Causal Islands 2020 - 2022: VL/HCC + Gradient Retreat + SPLASH/OOPSLA + HATRA + LIVE 2018 - 2019: Racket Summer School + Clojure North + OPLSS + ICFP + Strange Loop + RacketCon TEACHING ʦ Course Development · 2022 - Now · University of Michigan Lead engineering on the Hazel software exercises platform , developed assignments for EECS 490 Course Development · Summer 2018 · University of T oronto Designed course materials for CSC 324 including mini algebraic stepper + pattern matching language Teaching Assistantship · 2018 - Now · Universities of Michigan & T oronto 2023, 2022, 2021 University of Michigan EECS 490: Programming Languages 2019, 2x 2018, 2017 University of T oronto CSC 324: Principles of Programming Languages 2018 University of T oronto CSC 104: Introduction to Computational Thinking MENTORSHIP U Russell Rozenbaum & Cyrus Desai : Structured Editing for LLMs · 2024 - Now Investigating supporting agentic coding with contextual semantic editing actions June (Jacob) Kim : Typed hole filing with LLMs in TypeScript · 2024 - 2025 Extracting semantic information for prompt construction from the T ypeScript language server Xiang (Kevin) Li : Type-constrained LLM Code Completion via token masking · 2023 - 2024 Modifying LLM decoding to enforce semantic as well as syntactic invariants Zachary Eichenberger & Eric Fan : Typed structured editing + Deep reinforcement learning · 2021 - 2023 Structured code completion via RL on graph neural networks; co-mentorship with Ethan Brooks Yash Gaitonde : Interfaces for live feedback in teaching IDEs · 2021 - 2022 Implementing live test feedback in the Hazel IDE, deployed to a class of 100 undergraduates SOFTWARE  IDE Design, Implementation, Deployment, and Analytics with Cyrus Omar · 2020 - Now Led a ground-up rewrite of the Hazel IDE, deployed to 100 undergraduates Investigations in Dynamic, Interactive Algebraic User Interfaces · 2022 - Now Exploring tangibility and explorability in expository math and meta-math with nool and furl Independent Study in Structured Editing in Racket with Gary Baumgartner · Summer 2017 Self-directed studies in languages tooling resulting in Fructure and Containment Patterns Variability-aware Data Structures with Marsha Chechik & Ramy Shanin · 2018 - 2019 · Slides Research in variational analysis of SPLs. Built SpyShare, a tool to visualize structure sharing"
andrew_blinn,andrew_blinn_Q2,Personal Information,What is the applicant's LinkedIn?,nan,S2_Retrieve_Section,mistralai/Mistral-7B-Instruct-v0.3,"{
  ""predicted_answer"": ""Not found"",
  ""rationale"": ""The provided CV section does not contain any information related to LinkedIn."",
  ""confidence_score"": 1.0
}",,,,1.1533231735229492,0.00020194053649902344,1.1531212329864502,1124,49,0.0,,,,,,,,E2_QA_Accuracy,"construction for LLM-powered code completion Accepted speaker at VL/HCC · 2022 · Rome · Recorded Talk · Slides Presented an integrative human-centered architecture for interactive programming assistants Guest Lecturer · 2023 & 2022 · Ann Arbor Introduction to metaprogramming featuring Racket for EECS 490 - Programming Languages CONFERENCES ʵ Programming Committee Member · 2025: LIVE + HATRA · 2024: LIVE + Onward! + HATRA Student Volunteer · 2021: SPLASH/OOPSLA Seat Filler · 2025: ARIA Safeguarded AI Workshop + Ink & Switch London Social 2024: Ink & Switch Unconf + OOPSLA + LIVE + HATRA + Gradient Retreat 2023: MWPLS + Local First + Fission TrainJam + Strange Loop + Gradient Retreat + Causal Islands 2020 - 2022: VL/HCC + Gradient Retreat + SPLASH/OOPSLA + HATRA + LIVE 2018 - 2019: Racket Summer School + Clojure North + OPLSS + ICFP + Strange Loop + RacketCon TEACHING ʦ Course Development · 2022 - Now · University of Michigan Lead engineering on the Hazel software exercises platform , developed assignments for EECS 490 Course Development · Summer 2018 · University of T oronto Designed course materials for CSC 324 including mini algebraic stepper + pattern matching language Teaching Assistantship · 2018 - Now · Universities of Michigan & T oronto 2023, 2022, 2021 University of Michigan EECS 490: Programming Languages 2019, 2x 2018, 2017 University of T oronto CSC 324: Principles of Programming Languages 2018 University of T oronto CSC 104: Introduction to Computational Thinking MENTORSHIP U Russell Rozenbaum & Cyrus Desai : Structured Editing for LLMs · 2024 - Now Investigating supporting agentic coding with contextual semantic editing actions June (Jacob) Kim : Typed hole filing with LLMs in TypeScript · 2024 - 2025 Extracting semantic information for prompt construction from the T ypeScript language server Xiang (Kevin) Li : Type-constrained LLM Code Completion via token masking · 2023 - 2024 Modifying LLM decoding to enforce semantic as well as syntactic invariants Zachary Eichenberger & Eric Fan : Typed structured editing + Deep reinforcement learning · 2021 - 2023 Structured code completion via RL on graph neural networks; co-mentorship with Ethan Brooks Yash Gaitonde : Interfaces for live feedback in teaching IDEs · 2021 - 2022 Implementing live test feedback in the Hazel IDE, deployed to a class of 100 undergraduates SOFTWARE  IDE Design, Implementation, Deployment, and Analytics with Cyrus Omar · 2020 - Now Led a ground-up rewrite of the Hazel IDE, deployed to 100 undergraduates Investigations in Dynamic, Interactive Algebraic User Interfaces · 2022 - Now Exploring tangibility and explorability in expository math and meta-math with nool and furl Independent Study in Structured Editing in Racket with Gary Baumgartner · Summer 2017 Self-directed studies in languages tooling resulting in Fructure and Containment Patterns Variability-aware Data Structures with Marsha Chechik & Ramy Shanin · 2018 - 2019 · Slides Research in variational analysis of SPLs. Built SpyShare, a tool to visualize structure sharing"
andrew_blinn,andrew_blinn_Q3,Personal Information,What is the applicant's primary contact number?,nan,S2_Retrieve_Section,mistralai/Mistral-7B-Instruct-v0.3,"{
  ""predicted_answer"": ""Not found"",
  ""rationale"": ""The provided CV section does not contain any contact information."",
  ""confidence_score"": 1.0
}",,,,1.2118608951568604,0.00020122528076171875,1.2116596698760986,1125,46,0.0,,,,,,,,E2_QA_Accuracy,"construction for LLM-powered code completion Accepted speaker at VL/HCC · 2022 · Rome · Recorded Talk · Slides Presented an integrative human-centered architecture for interactive programming assistants Guest Lecturer · 2023 & 2022 · Ann Arbor Introduction to metaprogramming featuring Racket for EECS 490 - Programming Languages CONFERENCES ʵ Programming Committee Member · 2025: LIVE + HATRA · 2024: LIVE + Onward! + HATRA Student Volunteer · 2021: SPLASH/OOPSLA Seat Filler · 2025: ARIA Safeguarded AI Workshop + Ink & Switch London Social 2024: Ink & Switch Unconf + OOPSLA + LIVE + HATRA + Gradient Retreat 2023: MWPLS + Local First + Fission TrainJam + Strange Loop + Gradient Retreat + Causal Islands 2020 - 2022: VL/HCC + Gradient Retreat + SPLASH/OOPSLA + HATRA + LIVE 2018 - 2019: Racket Summer School + Clojure North + OPLSS + ICFP + Strange Loop + RacketCon TEACHING ʦ Course Development · 2022 - Now · University of Michigan Lead engineering on the Hazel software exercises platform , developed assignments for EECS 490 Course Development · Summer 2018 · University of T oronto Designed course materials for CSC 324 including mini algebraic stepper + pattern matching language Teaching Assistantship · 2018 - Now · Universities of Michigan & T oronto 2023, 2022, 2021 University of Michigan EECS 490: Programming Languages 2019, 2x 2018, 2017 University of T oronto CSC 324: Principles of Programming Languages 2018 University of T oronto CSC 104: Introduction to Computational Thinking MENTORSHIP U Russell Rozenbaum & Cyrus Desai : Structured Editing for LLMs · 2024 - Now Investigating supporting agentic coding with contextual semantic editing actions June (Jacob) Kim : Typed hole filing with LLMs in TypeScript · 2024 - 2025 Extracting semantic information for prompt construction from the T ypeScript language server Xiang (Kevin) Li : Type-constrained LLM Code Completion via token masking · 2023 - 2024 Modifying LLM decoding to enforce semantic as well as syntactic invariants Zachary Eichenberger & Eric Fan : Typed structured editing + Deep reinforcement learning · 2021 - 2023 Structured code completion via RL on graph neural networks; co-mentorship with Ethan Brooks Yash Gaitonde : Interfaces for live feedback in teaching IDEs · 2021 - 2022 Implementing live test feedback in the Hazel IDE, deployed to a class of 100 undergraduates SOFTWARE  IDE Design, Implementation, Deployment, and Analytics with Cyrus Omar · 2020 - Now Led a ground-up rewrite of the Hazel IDE, deployed to 100 undergraduates Investigations in Dynamic, Interactive Algebraic User Interfaces · 2022 - Now Exploring tangibility and explorability in expository math and meta-math with nool and furl Independent Study in Structured Editing in Racket with Gary Baumgartner · Summer 2017 Self-directed studies in languages tooling resulting in Fructure and Containment Patterns Variability-aware Data Structures with Marsha Chechik & Ramy Shanin · 2018 - 2019 · Slides Research in variational analysis of SPLs. Built SpyShare, a tool to visualize structure sharing"
andrew_blinn,andrew_blinn_Q4,Personal Information,In which city and country is the applicant currently located?,"Ann Arbor, Michigan, USA (based on university affiliation)",S2_Retrieve_Section,mistralai/Mistral-7B-Instruct-v0.3,"{
  ""predicted_answer"": ""Not found"",
  ""rationale"": ""The provided CV section does not contain information about the applicant's current location."",
  ""confidence_score"": 1.0
}",,,,1.2239768505096436,0.00018095970153808594,1.2237958908081055,1067,52,0.0,,,,,,,,E2_QA_Accuracy,"September 14, 2025 ANDREW BLINN me Ɵ andrewblinn.com a github.com/disconcision _ twitter.com/disconcision VISION  I use programming language theory to explore and explain compositional interfaces, working to make engagement with abstraction more tangible and more fun. FOCUSES Ƒ Programming Languages + Liveness + Learning · Human-Computer Interaction PAPERS ƍ Syntactic Completions with Material Obligations · OOPSLA · 2025 David Moon, Andrew Blinn , Thomas Porter, Cyrus Omar Material obligations unify structure editing and error-correcting parsing Statically Contextualizing Large Language Models with Typed Holes · OOPSLA · 2024 Andrew Blinn , Kevin Li, June Hyung Kim, Cyrus Omar How to use holes & language servers to build global context for LLM code completions Total Type Error Localization and Recovery with Holes · POPL · 2024 Eric Zhao, Raef Maroof, Anand Dukkipati, Andrew Blinn , Zoe Pan, Cyrus Omar A formal account of static error localization & recovery as applied to editor semantic services Gradual Structure Editing with Obligations · VL/HCC · 2023 David Moon, Andrew Blinn , Cyrus Omar Generalizing program holes to syntactic obligations allows more text-like structured editing An Integrative Human-Centered Architecture for Interactive Programming Assistants · VL/HCC · 2022 Andrew Blinn , David Moon, Eric Griﬀis, Cyrus Omar A syncretic account of programming assistants including a formalization of suggestion ó sensibility Filling Typed Holes with Live GUIs · PLDI · 2021 Cyrus Omar, David Moon, Andrew Blinn , Ian Voysey, Nick Collins, Ravi Chugh Livelits embed persistent user-defined GUIs in code, enabling live inline graphical feedback WORKSHOP PAPERS · Toward a Live, Rich, Composable, and Collaborative Planetary Compute Engine · PROPL · 2024 Alexander Bandukwala, Andrew Blinn , Cyrus Omar A concept sketch for a graphical programming environment for climate science applications T ylr - A Tiny Tile-based Structure Editor · T yDe · 2022 David Moon, Andrew Blinn , Cyrus Omar T ylr combines traditional and structured editing approaches via a novel destructuring mechanism SCHOOL c University of Michigan · Ph.D Candidate, Computer Science · Now Contextualizing coding with types, interfaces, & language models with Cyrus Omar @ FP Lab University of Michigan · Master’s of Science, Computer Science · 2023 Coursework in PL theory , program synthesis, category theory , HCI, & the psychology of learning University of Toronto · H.B.Sc, Mathematics & Computer Science · 2019 Graduate coursework in abstract algebra, compilers, & graphics. Advised by Gary Baumgartner INDUSTRY Ķ TODAQ Toronto · Full-stack development in Clojure · 2019 - 2020 (2 years) Built novel front-end interfaces to sharpen the materiality of distributed digital assets . Implemented core back-end features for a decentralized digital asset management protocol SPEAKING Â Accepted speaker at OOPSLA · 2024 · Pasadena · Recorded Talk · Slides Presented Statically Contextualizing Large Language Models with T yped Holes Invited speaker at RacketCon · 2019 · Salt Lake City · Recorded Talk · Slides Introduced Fructure, a prototype structured interaction engine for edit-time term-rewriting Accepted speaker at Midwest PL Summit · 2023 · Ann Arbor · Slides Progress report on type-directed prompt"
andrew_blinn,andrew_blinn_Q5,Personal Information,Did the applicant provide a brief professional summary or career objective?,"Yes. Uses programming language theory to create tangible, fun compositional interfaces, focusing on PL, HCI, and learning.",S2_Retrieve_Section,mistralai/Mistral-7B-Instruct-v0.3,"{
  ""predicted_answer"": ""Not found"",
  ""rationale"": ""The provided CV section does not contain a professional summary or career objective."",
  ""confidence_score"": 1.0
}",,,,1.2711107730865479,0.00019741058349609375,1.2709133625030518,1127,49,0.0,,,,,,,,E2_QA_Accuracy,"construction for LLM-powered code completion Accepted speaker at VL/HCC · 2022 · Rome · Recorded Talk · Slides Presented an integrative human-centered architecture for interactive programming assistants Guest Lecturer · 2023 & 2022 · Ann Arbor Introduction to metaprogramming featuring Racket for EECS 490 - Programming Languages CONFERENCES ʵ Programming Committee Member · 2025: LIVE + HATRA · 2024: LIVE + Onward! + HATRA Student Volunteer · 2021: SPLASH/OOPSLA Seat Filler · 2025: ARIA Safeguarded AI Workshop + Ink & Switch London Social 2024: Ink & Switch Unconf + OOPSLA + LIVE + HATRA + Gradient Retreat 2023: MWPLS + Local First + Fission TrainJam + Strange Loop + Gradient Retreat + Causal Islands 2020 - 2022: VL/HCC + Gradient Retreat + SPLASH/OOPSLA + HATRA + LIVE 2018 - 2019: Racket Summer School + Clojure North + OPLSS + ICFP + Strange Loop + RacketCon TEACHING ʦ Course Development · 2022 - Now · University of Michigan Lead engineering on the Hazel software exercises platform , developed assignments for EECS 490 Course Development · Summer 2018 · University of T oronto Designed course materials for CSC 324 including mini algebraic stepper + pattern matching language Teaching Assistantship · 2018 - Now · Universities of Michigan & T oronto 2023, 2022, 2021 University of Michigan EECS 490: Programming Languages 2019, 2x 2018, 2017 University of T oronto CSC 324: Principles of Programming Languages 2018 University of T oronto CSC 104: Introduction to Computational Thinking MENTORSHIP U Russell Rozenbaum & Cyrus Desai : Structured Editing for LLMs · 2024 - Now Investigating supporting agentic coding with contextual semantic editing actions June (Jacob) Kim : Typed hole filing with LLMs in TypeScript · 2024 - 2025 Extracting semantic information for prompt construction from the T ypeScript language server Xiang (Kevin) Li : Type-constrained LLM Code Completion via token masking · 2023 - 2024 Modifying LLM decoding to enforce semantic as well as syntactic invariants Zachary Eichenberger & Eric Fan : Typed structured editing + Deep reinforcement learning · 2021 - 2023 Structured code completion via RL on graph neural networks; co-mentorship with Ethan Brooks Yash Gaitonde : Interfaces for live feedback in teaching IDEs · 2021 - 2022 Implementing live test feedback in the Hazel IDE, deployed to a class of 100 undergraduates SOFTWARE  IDE Design, Implementation, Deployment, and Analytics with Cyrus Omar · 2020 - Now Led a ground-up rewrite of the Hazel IDE, deployed to 100 undergraduates Investigations in Dynamic, Interactive Algebraic User Interfaces · 2022 - Now Exploring tangibility and explorability in expository math and meta-math with nool and furl Independent Study in Structured Editing in Racket with Gary Baumgartner · Summer 2017 Self-directed studies in languages tooling resulting in Fructure and Containment Patterns Variability-aware Data Structures with Marsha Chechik & Ramy Shanin · 2018 - 2019 · Slides Research in variational analysis of SPLs. Built SpyShare, a tool to visualize structure sharing"
andrew_blinn,andrew_blinn_Q6,Education,What is the highest level of education the applicant has completed?,Ph.D. Candidate in Computer Science (in progress),S2_Retrieve_Section,mistralai/Mistral-7B-Instruct-v0.3,"{
  ""predicted_answer"": ""Master’s of Science, Computer Science"",
  ""rationale"": ""The text mentions 'University of Michigan · Master’s of Science, Computer Science · 2023'."",
  ""confidence_score"": 1.0
}",,,,1.5378036499023438,0.00017881393432617188,1.5376248359680176,1068,67,0.0,,,,,,,,E2_QA_Accuracy,"September 14, 2025 ANDREW BLINN me Ɵ andrewblinn.com a github.com/disconcision _ twitter.com/disconcision VISION  I use programming language theory to explore and explain compositional interfaces, working to make engagement with abstraction more tangible and more fun. FOCUSES Ƒ Programming Languages + Liveness + Learning · Human-Computer Interaction PAPERS ƍ Syntactic Completions with Material Obligations · OOPSLA · 2025 David Moon, Andrew Blinn , Thomas Porter, Cyrus Omar Material obligations unify structure editing and error-correcting parsing Statically Contextualizing Large Language Models with Typed Holes · OOPSLA · 2024 Andrew Blinn , Kevin Li, June Hyung Kim, Cyrus Omar How to use holes & language servers to build global context for LLM code completions Total Type Error Localization and Recovery with Holes · POPL · 2024 Eric Zhao, Raef Maroof, Anand Dukkipati, Andrew Blinn , Zoe Pan, Cyrus Omar A formal account of static error localization & recovery as applied to editor semantic services Gradual Structure Editing with Obligations · VL/HCC · 2023 David Moon, Andrew Blinn , Cyrus Omar Generalizing program holes to syntactic obligations allows more text-like structured editing An Integrative Human-Centered Architecture for Interactive Programming Assistants · VL/HCC · 2022 Andrew Blinn , David Moon, Eric Griﬀis, Cyrus Omar A syncretic account of programming assistants including a formalization of suggestion ó sensibility Filling Typed Holes with Live GUIs · PLDI · 2021 Cyrus Omar, David Moon, Andrew Blinn , Ian Voysey, Nick Collins, Ravi Chugh Livelits embed persistent user-defined GUIs in code, enabling live inline graphical feedback WORKSHOP PAPERS · Toward a Live, Rich, Composable, and Collaborative Planetary Compute Engine · PROPL · 2024 Alexander Bandukwala, Andrew Blinn , Cyrus Omar A concept sketch for a graphical programming environment for climate science applications T ylr - A Tiny Tile-based Structure Editor · T yDe · 2022 David Moon, Andrew Blinn , Cyrus Omar T ylr combines traditional and structured editing approaches via a novel destructuring mechanism SCHOOL c University of Michigan · Ph.D Candidate, Computer Science · Now Contextualizing coding with types, interfaces, & language models with Cyrus Omar @ FP Lab University of Michigan · Master’s of Science, Computer Science · 2023 Coursework in PL theory , program synthesis, category theory , HCI, & the psychology of learning University of Toronto · H.B.Sc, Mathematics & Computer Science · 2019 Graduate coursework in abstract algebra, compilers, & graphics. Advised by Gary Baumgartner INDUSTRY Ķ TODAQ Toronto · Full-stack development in Clojure · 2019 - 2020 (2 years) Built novel front-end interfaces to sharpen the materiality of distributed digital assets . Implemented core back-end features for a decentralized digital asset management protocol SPEAKING Â Accepted speaker at OOPSLA · 2024 · Pasadena · Recorded Talk · Slides Presented Statically Contextualizing Large Language Models with T yped Holes Invited speaker at RacketCon · 2019 · Salt Lake City · Recorded Talk · Slides Introduced Fructure, a prototype structured interaction engine for edit-time term-rewriting Accepted speaker at Midwest PL Summit · 2023 · Ann Arbor · Slides Progress report on type-directed prompt"
andrew_blinn,andrew_blinn_Q7,Education,Which institutions did the applicant attend?,University of Michigan; University of Toronto,S2_Retrieve_Section,mistralai/Mistral-7B-Instruct-v0.3,"{
  ""predicted_answer"": [""University of Michigan"", ""University of Toronto""],
  ""rationale"": ""The applicant mentions attending the University of Michigan for a Ph.D in Computer Science and a Master’s of Science in Computer Science. They also mention attending the University of Toronto for an H.B.Sc in Mathematics & Computer Science."",
  ""confidence_score"": 1.0
}",,,,2.1835238933563232,0.000194549560546875,2.1833293437957764,1063,94,0.0,,,,,,,,E2_QA_Accuracy,"September 14, 2025 ANDREW BLINN me Ɵ andrewblinn.com a github.com/disconcision _ twitter.com/disconcision VISION  I use programming language theory to explore and explain compositional interfaces, working to make engagement with abstraction more tangible and more fun. FOCUSES Ƒ Programming Languages + Liveness + Learning · Human-Computer Interaction PAPERS ƍ Syntactic Completions with Material Obligations · OOPSLA · 2025 David Moon, Andrew Blinn , Thomas Porter, Cyrus Omar Material obligations unify structure editing and error-correcting parsing Statically Contextualizing Large Language Models with Typed Holes · OOPSLA · 2024 Andrew Blinn , Kevin Li, June Hyung Kim, Cyrus Omar How to use holes & language servers to build global context for LLM code completions Total Type Error Localization and Recovery with Holes · POPL · 2024 Eric Zhao, Raef Maroof, Anand Dukkipati, Andrew Blinn , Zoe Pan, Cyrus Omar A formal account of static error localization & recovery as applied to editor semantic services Gradual Structure Editing with Obligations · VL/HCC · 2023 David Moon, Andrew Blinn , Cyrus Omar Generalizing program holes to syntactic obligations allows more text-like structured editing An Integrative Human-Centered Architecture for Interactive Programming Assistants · VL/HCC · 2022 Andrew Blinn , David Moon, Eric Griﬀis, Cyrus Omar A syncretic account of programming assistants including a formalization of suggestion ó sensibility Filling Typed Holes with Live GUIs · PLDI · 2021 Cyrus Omar, David Moon, Andrew Blinn , Ian Voysey, Nick Collins, Ravi Chugh Livelits embed persistent user-defined GUIs in code, enabling live inline graphical feedback WORKSHOP PAPERS · Toward a Live, Rich, Composable, and Collaborative Planetary Compute Engine · PROPL · 2024 Alexander Bandukwala, Andrew Blinn , Cyrus Omar A concept sketch for a graphical programming environment for climate science applications T ylr - A Tiny Tile-based Structure Editor · T yDe · 2022 David Moon, Andrew Blinn , Cyrus Omar T ylr combines traditional and structured editing approaches via a novel destructuring mechanism SCHOOL c University of Michigan · Ph.D Candidate, Computer Science · Now Contextualizing coding with types, interfaces, & language models with Cyrus Omar @ FP Lab University of Michigan · Master’s of Science, Computer Science · 2023 Coursework in PL theory , program synthesis, category theory , HCI, & the psychology of learning University of Toronto · H.B.Sc, Mathematics & Computer Science · 2019 Graduate coursework in abstract algebra, compilers, & graphics. Advised by Gary Baumgartner INDUSTRY Ķ TODAQ Toronto · Full-stack development in Clojure · 2019 - 2020 (2 years) Built novel front-end interfaces to sharpen the materiality of distributed digital assets . Implemented core back-end features for a decentralized digital asset management protocol SPEAKING Â Accepted speaker at OOPSLA · 2024 · Pasadena · Recorded Talk · Slides Presented Statically Contextualizing Large Language Models with T yped Holes Invited speaker at RacketCon · 2019 · Salt Lake City · Recorded Talk · Slides Introduced Fructure, a prototype structured interaction engine for edit-time term-rewriting Accepted speaker at Midwest PL Summit · 2023 · Ann Arbor · Slides Progress report on type-directed prompt"
andrew_blinn,andrew_blinn_Q8,Education,What is the applicant's score or GPA for his highest level of education?,nan,S2_Retrieve_Section,mistralai/Mistral-7B-Instruct-v0.3,"{
  ""predicted_answer"": ""Not found"",
  ""rationale"": ""The provided CV section does not contain information about the applicant's score or GPA for his highest level of education."",
  ""confidence_score"": 1.0
}",,,,1.48128080368042,0.00019741058349609375,1.4810833930969238,1073,60,0.0,,,,,,,,E2_QA_Accuracy,"September 14, 2025 ANDREW BLINN me Ɵ andrewblinn.com a github.com/disconcision _ twitter.com/disconcision VISION  I use programming language theory to explore and explain compositional interfaces, working to make engagement with abstraction more tangible and more fun. FOCUSES Ƒ Programming Languages + Liveness + Learning · Human-Computer Interaction PAPERS ƍ Syntactic Completions with Material Obligations · OOPSLA · 2025 David Moon, Andrew Blinn , Thomas Porter, Cyrus Omar Material obligations unify structure editing and error-correcting parsing Statically Contextualizing Large Language Models with Typed Holes · OOPSLA · 2024 Andrew Blinn , Kevin Li, June Hyung Kim, Cyrus Omar How to use holes & language servers to build global context for LLM code completions Total Type Error Localization and Recovery with Holes · POPL · 2024 Eric Zhao, Raef Maroof, Anand Dukkipati, Andrew Blinn , Zoe Pan, Cyrus Omar A formal account of static error localization & recovery as applied to editor semantic services Gradual Structure Editing with Obligations · VL/HCC · 2023 David Moon, Andrew Blinn , Cyrus Omar Generalizing program holes to syntactic obligations allows more text-like structured editing An Integrative Human-Centered Architecture for Interactive Programming Assistants · VL/HCC · 2022 Andrew Blinn , David Moon, Eric Griﬀis, Cyrus Omar A syncretic account of programming assistants including a formalization of suggestion ó sensibility Filling Typed Holes with Live GUIs · PLDI · 2021 Cyrus Omar, David Moon, Andrew Blinn , Ian Voysey, Nick Collins, Ravi Chugh Livelits embed persistent user-defined GUIs in code, enabling live inline graphical feedback WORKSHOP PAPERS · Toward a Live, Rich, Composable, and Collaborative Planetary Compute Engine · PROPL · 2024 Alexander Bandukwala, Andrew Blinn , Cyrus Omar A concept sketch for a graphical programming environment for climate science applications T ylr - A Tiny Tile-based Structure Editor · T yDe · 2022 David Moon, Andrew Blinn , Cyrus Omar T ylr combines traditional and structured editing approaches via a novel destructuring mechanism SCHOOL c University of Michigan · Ph.D Candidate, Computer Science · Now Contextualizing coding with types, interfaces, & language models with Cyrus Omar @ FP Lab University of Michigan · Master’s of Science, Computer Science · 2023 Coursework in PL theory , program synthesis, category theory , HCI, & the psychology of learning University of Toronto · H.B.Sc, Mathematics & Computer Science · 2019 Graduate coursework in abstract algebra, compilers, & graphics. Advised by Gary Baumgartner INDUSTRY Ķ TODAQ Toronto · Full-stack development in Clojure · 2019 - 2020 (2 years) Built novel front-end interfaces to sharpen the materiality of distributed digital assets . Implemented core back-end features for a decentralized digital asset management protocol SPEAKING Â Accepted speaker at OOPSLA · 2024 · Pasadena · Recorded Talk · Slides Presented Statically Contextualizing Large Language Models with T yped Holes Invited speaker at RacketCon · 2019 · Salt Lake City · Recorded Talk · Slides Introduced Fructure, a prototype structured interaction engine for edit-time term-rewriting Accepted speaker at Midwest PL Summit · 2023 · Ann Arbor · Slides Progress report on type-directed prompt"
andrew_blinn,andrew_blinn_Q9,Education,What was the applicant's field of study or major?,Computer Science (Ph.D./M.S.); Mathematics & Computer Science (B.Sc.),S2_Retrieve_Section,mistralai/Mistral-7B-Instruct-v0.3,"{
  ""predicted_answer"": ""Not found"",
  ""rationale"": ""The provided CV section does not contain information about the applicant's field of study or major."",
  ""confidence_score"": 1.0
}",,,,1.284097671508789,0.00019621849060058594,1.2839014530181885,1127,55,0.0,,,,,,,,E2_QA_Accuracy,"construction for LLM-powered code completion Accepted speaker at VL/HCC · 2022 · Rome · Recorded Talk · Slides Presented an integrative human-centered architecture for interactive programming assistants Guest Lecturer · 2023 & 2022 · Ann Arbor Introduction to metaprogramming featuring Racket for EECS 490 - Programming Languages CONFERENCES ʵ Programming Committee Member · 2025: LIVE + HATRA · 2024: LIVE + Onward! + HATRA Student Volunteer · 2021: SPLASH/OOPSLA Seat Filler · 2025: ARIA Safeguarded AI Workshop + Ink & Switch London Social 2024: Ink & Switch Unconf + OOPSLA + LIVE + HATRA + Gradient Retreat 2023: MWPLS + Local First + Fission TrainJam + Strange Loop + Gradient Retreat + Causal Islands 2020 - 2022: VL/HCC + Gradient Retreat + SPLASH/OOPSLA + HATRA + LIVE 2018 - 2019: Racket Summer School + Clojure North + OPLSS + ICFP + Strange Loop + RacketCon TEACHING ʦ Course Development · 2022 - Now · University of Michigan Lead engineering on the Hazel software exercises platform , developed assignments for EECS 490 Course Development · Summer 2018 · University of T oronto Designed course materials for CSC 324 including mini algebraic stepper + pattern matching language Teaching Assistantship · 2018 - Now · Universities of Michigan & T oronto 2023, 2022, 2021 University of Michigan EECS 490: Programming Languages 2019, 2x 2018, 2017 University of T oronto CSC 324: Principles of Programming Languages 2018 University of T oronto CSC 104: Introduction to Computational Thinking MENTORSHIP U Russell Rozenbaum & Cyrus Desai : Structured Editing for LLMs · 2024 - Now Investigating supporting agentic coding with contextual semantic editing actions June (Jacob) Kim : Typed hole filing with LLMs in TypeScript · 2024 - 2025 Extracting semantic information for prompt construction from the T ypeScript language server Xiang (Kevin) Li : Type-constrained LLM Code Completion via token masking · 2023 - 2024 Modifying LLM decoding to enforce semantic as well as syntactic invariants Zachary Eichenberger & Eric Fan : Typed structured editing + Deep reinforcement learning · 2021 - 2023 Structured code completion via RL on graph neural networks; co-mentorship with Ethan Brooks Yash Gaitonde : Interfaces for live feedback in teaching IDEs · 2021 - 2022 Implementing live test feedback in the Hazel IDE, deployed to a class of 100 undergraduates SOFTWARE  IDE Design, Implementation, Deployment, and Analytics with Cyrus Omar · 2020 - Now Led a ground-up rewrite of the Hazel IDE, deployed to 100 undergraduates Investigations in Dynamic, Interactive Algebraic User Interfaces · 2022 - Now Exploring tangibility and explorability in expository math and meta-math with nool and furl Independent Study in Structured Editing in Racket with Gary Baumgartner · Summer 2017 Self-directed studies in languages tooling resulting in Fructure and Containment Patterns Variability-aware Data Structures with Marsha Chechik & Ramy Shanin · 2018 - 2019 · Slides Research in variational analysis of SPLs. Built SpyShare, a tool to visualize structure sharing"
andrew_blinn,andrew_blinn_Q10,Professional Experience,What is the name of the applicant's current (or most recent) employer?,University of Michigan (as Ph.D. candidate/researcher),S2_Retrieve_Section,mistralai/Mistral-7B-Instruct-v0.3,"{
  ""predicted_answer"": ""TODAQ Toronto"",
  ""rationale"": ""The information is found under the 'INDUSTRY' section, where the applicant's most recent employer is listed as TODAQ Toronto."",
  ""confidence_score"": 1.0
}",,,,1.6855170726776123,0.00017786026000976562,1.6853392124176025,1073,70,0.0,,,,,,,,E2_QA_Accuracy,"September 14, 2025 ANDREW BLINN me Ɵ andrewblinn.com a github.com/disconcision _ twitter.com/disconcision VISION  I use programming language theory to explore and explain compositional interfaces, working to make engagement with abstraction more tangible and more fun. FOCUSES Ƒ Programming Languages + Liveness + Learning · Human-Computer Interaction PAPERS ƍ Syntactic Completions with Material Obligations · OOPSLA · 2025 David Moon, Andrew Blinn , Thomas Porter, Cyrus Omar Material obligations unify structure editing and error-correcting parsing Statically Contextualizing Large Language Models with Typed Holes · OOPSLA · 2024 Andrew Blinn , Kevin Li, June Hyung Kim, Cyrus Omar How to use holes & language servers to build global context for LLM code completions Total Type Error Localization and Recovery with Holes · POPL · 2024 Eric Zhao, Raef Maroof, Anand Dukkipati, Andrew Blinn , Zoe Pan, Cyrus Omar A formal account of static error localization & recovery as applied to editor semantic services Gradual Structure Editing with Obligations · VL/HCC · 2023 David Moon, Andrew Blinn , Cyrus Omar Generalizing program holes to syntactic obligations allows more text-like structured editing An Integrative Human-Centered Architecture for Interactive Programming Assistants · VL/HCC · 2022 Andrew Blinn , David Moon, Eric Griﬀis, Cyrus Omar A syncretic account of programming assistants including a formalization of suggestion ó sensibility Filling Typed Holes with Live GUIs · PLDI · 2021 Cyrus Omar, David Moon, Andrew Blinn , Ian Voysey, Nick Collins, Ravi Chugh Livelits embed persistent user-defined GUIs in code, enabling live inline graphical feedback WORKSHOP PAPERS · Toward a Live, Rich, Composable, and Collaborative Planetary Compute Engine · PROPL · 2024 Alexander Bandukwala, Andrew Blinn , Cyrus Omar A concept sketch for a graphical programming environment for climate science applications T ylr - A Tiny Tile-based Structure Editor · T yDe · 2022 David Moon, Andrew Blinn , Cyrus Omar T ylr combines traditional and structured editing approaches via a novel destructuring mechanism SCHOOL c University of Michigan · Ph.D Candidate, Computer Science · Now Contextualizing coding with types, interfaces, & language models with Cyrus Omar @ FP Lab University of Michigan · Master’s of Science, Computer Science · 2023 Coursework in PL theory , program synthesis, category theory , HCI, & the psychology of learning University of Toronto · H.B.Sc, Mathematics & Computer Science · 2019 Graduate coursework in abstract algebra, compilers, & graphics. Advised by Gary Baumgartner INDUSTRY Ķ TODAQ Toronto · Full-stack development in Clojure · 2019 - 2020 (2 years) Built novel front-end interfaces to sharpen the materiality of distributed digital assets . Implemented core back-end features for a decentralized digital asset management protocol SPEAKING Â Accepted speaker at OOPSLA · 2024 · Pasadena · Recorded Talk · Slides Presented Statically Contextualizing Large Language Models with T yped Holes Invited speaker at RacketCon · 2019 · Salt Lake City · Recorded Talk · Slides Introduced Fructure, a prototype structured interaction engine for edit-time term-rewriting Accepted speaker at Midwest PL Summit · 2023 · Ann Arbor · Slides Progress report on type-directed prompt"
andrew_blinn,andrew_blinn_Q11,Professional Experience,What is the applicant's job title in the most recent role?,Ph.D. Candidate / Researcher,S2_Retrieve_Section,mistralai/Mistral-7B-Instruct-v0.3,"{
  ""predicted_answer"": ""Not found"",
  ""rationale"": ""The provided CV section does not contain information about the applicant's job title in the most recent role."",
  ""confidence_score"": 1.0
}",,,,1.4348909854888916,0.00019788742065429688,1.4346930980682373,1070,57,0.0,,,,,,,,E2_QA_Accuracy,"September 14, 2025 ANDREW BLINN me Ɵ andrewblinn.com a github.com/disconcision _ twitter.com/disconcision VISION  I use programming language theory to explore and explain compositional interfaces, working to make engagement with abstraction more tangible and more fun. FOCUSES Ƒ Programming Languages + Liveness + Learning · Human-Computer Interaction PAPERS ƍ Syntactic Completions with Material Obligations · OOPSLA · 2025 David Moon, Andrew Blinn , Thomas Porter, Cyrus Omar Material obligations unify structure editing and error-correcting parsing Statically Contextualizing Large Language Models with Typed Holes · OOPSLA · 2024 Andrew Blinn , Kevin Li, June Hyung Kim, Cyrus Omar How to use holes & language servers to build global context for LLM code completions Total Type Error Localization and Recovery with Holes · POPL · 2024 Eric Zhao, Raef Maroof, Anand Dukkipati, Andrew Blinn , Zoe Pan, Cyrus Omar A formal account of static error localization & recovery as applied to editor semantic services Gradual Structure Editing with Obligations · VL/HCC · 2023 David Moon, Andrew Blinn , Cyrus Omar Generalizing program holes to syntactic obligations allows more text-like structured editing An Integrative Human-Centered Architecture for Interactive Programming Assistants · VL/HCC · 2022 Andrew Blinn , David Moon, Eric Griﬀis, Cyrus Omar A syncretic account of programming assistants including a formalization of suggestion ó sensibility Filling Typed Holes with Live GUIs · PLDI · 2021 Cyrus Omar, David Moon, Andrew Blinn , Ian Voysey, Nick Collins, Ravi Chugh Livelits embed persistent user-defined GUIs in code, enabling live inline graphical feedback WORKSHOP PAPERS · Toward a Live, Rich, Composable, and Collaborative Planetary Compute Engine · PROPL · 2024 Alexander Bandukwala, Andrew Blinn , Cyrus Omar A concept sketch for a graphical programming environment for climate science applications T ylr - A Tiny Tile-based Structure Editor · T yDe · 2022 David Moon, Andrew Blinn , Cyrus Omar T ylr combines traditional and structured editing approaches via a novel destructuring mechanism SCHOOL c University of Michigan · Ph.D Candidate, Computer Science · Now Contextualizing coding with types, interfaces, & language models with Cyrus Omar @ FP Lab University of Michigan · Master’s of Science, Computer Science · 2023 Coursework in PL theory , program synthesis, category theory , HCI, & the psychology of learning University of Toronto · H.B.Sc, Mathematics & Computer Science · 2019 Graduate coursework in abstract algebra, compilers, & graphics. Advised by Gary Baumgartner INDUSTRY Ķ TODAQ Toronto · Full-stack development in Clojure · 2019 - 2020 (2 years) Built novel front-end interfaces to sharpen the materiality of distributed digital assets . Implemented core back-end features for a decentralized digital asset management protocol SPEAKING Â Accepted speaker at OOPSLA · 2024 · Pasadena · Recorded Talk · Slides Presented Statically Contextualizing Large Language Models with T yped Holes Invited speaker at RacketCon · 2019 · Salt Lake City · Recorded Talk · Slides Introduced Fructure, a prototype structured interaction engine for edit-time term-rewriting Accepted speaker at Midwest PL Summit · 2023 · Ann Arbor · Slides Progress report on type-directed prompt"
andrew_blinn,andrew_blinn_Q12,Professional Experience,How many years of experience does the applicant have?,Industry experience 2019-2020 (~2 years); research since at least 2017 (~7+ years),S2_Retrieve_Section,mistralai/Mistral-7B-Instruct-v0.3,"{
  ""predicted_answer"": ""Not found"",
  ""rationale"": ""The provided CV section does not contain any information about the applicant's years of experience."",
  ""confidence_score"": 1.0
}",,,,1.259401798248291,0.00018453598022460938,1.2592172622680664,1066,54,0.0,,,,,,,,E2_QA_Accuracy,"September 14, 2025 ANDREW BLINN me Ɵ andrewblinn.com a github.com/disconcision _ twitter.com/disconcision VISION  I use programming language theory to explore and explain compositional interfaces, working to make engagement with abstraction more tangible and more fun. FOCUSES Ƒ Programming Languages + Liveness + Learning · Human-Computer Interaction PAPERS ƍ Syntactic Completions with Material Obligations · OOPSLA · 2025 David Moon, Andrew Blinn , Thomas Porter, Cyrus Omar Material obligations unify structure editing and error-correcting parsing Statically Contextualizing Large Language Models with Typed Holes · OOPSLA · 2024 Andrew Blinn , Kevin Li, June Hyung Kim, Cyrus Omar How to use holes & language servers to build global context for LLM code completions Total Type Error Localization and Recovery with Holes · POPL · 2024 Eric Zhao, Raef Maroof, Anand Dukkipati, Andrew Blinn , Zoe Pan, Cyrus Omar A formal account of static error localization & recovery as applied to editor semantic services Gradual Structure Editing with Obligations · VL/HCC · 2023 David Moon, Andrew Blinn , Cyrus Omar Generalizing program holes to syntactic obligations allows more text-like structured editing An Integrative Human-Centered Architecture for Interactive Programming Assistants · VL/HCC · 2022 Andrew Blinn , David Moon, Eric Griﬀis, Cyrus Omar A syncretic account of programming assistants including a formalization of suggestion ó sensibility Filling Typed Holes with Live GUIs · PLDI · 2021 Cyrus Omar, David Moon, Andrew Blinn , Ian Voysey, Nick Collins, Ravi Chugh Livelits embed persistent user-defined GUIs in code, enabling live inline graphical feedback WORKSHOP PAPERS · Toward a Live, Rich, Composable, and Collaborative Planetary Compute Engine · PROPL · 2024 Alexander Bandukwala, Andrew Blinn , Cyrus Omar A concept sketch for a graphical programming environment for climate science applications T ylr - A Tiny Tile-based Structure Editor · T yDe · 2022 David Moon, Andrew Blinn , Cyrus Omar T ylr combines traditional and structured editing approaches via a novel destructuring mechanism SCHOOL c University of Michigan · Ph.D Candidate, Computer Science · Now Contextualizing coding with types, interfaces, & language models with Cyrus Omar @ FP Lab University of Michigan · Master’s of Science, Computer Science · 2023 Coursework in PL theory , program synthesis, category theory , HCI, & the psychology of learning University of Toronto · H.B.Sc, Mathematics & Computer Science · 2019 Graduate coursework in abstract algebra, compilers, & graphics. Advised by Gary Baumgartner INDUSTRY Ķ TODAQ Toronto · Full-stack development in Clojure · 2019 - 2020 (2 years) Built novel front-end interfaces to sharpen the materiality of distributed digital assets . Implemented core back-end features for a decentralized digital asset management protocol SPEAKING Â Accepted speaker at OOPSLA · 2024 · Pasadena · Recorded Talk · Slides Presented Statically Contextualizing Large Language Models with T yped Holes Invited speaker at RacketCon · 2019 · Salt Lake City · Recorded Talk · Slides Introduced Fructure, a prototype structured interaction engine for edit-time term-rewriting Accepted speaker at Midwest PL Summit · 2023 · Ann Arbor · Slides Progress report on type-directed prompt"
andrew_blinn,andrew_blinn_Q13,Professional Experience,What leadership position did the applicant hold?,Yes. Led IDE rewrite; mentored multiple students; served as programming committee member; developed course materials.,S2_Retrieve_Section,mistralai/Mistral-7B-Instruct-v0.3,"{
  ""predicted_answer"": ""Not found"",
  ""rationale"": ""The provided CV section does not mention any leadership position."",
  ""confidence_score"": 1.0
}",,,,1.2061796188354492,0.00020456314086914062,1.20597505569458,1064,46,0.0,,,,,,,,E2_QA_Accuracy,"September 14, 2025 ANDREW BLINN me Ɵ andrewblinn.com a github.com/disconcision _ twitter.com/disconcision VISION  I use programming language theory to explore and explain compositional interfaces, working to make engagement with abstraction more tangible and more fun. FOCUSES Ƒ Programming Languages + Liveness + Learning · Human-Computer Interaction PAPERS ƍ Syntactic Completions with Material Obligations · OOPSLA · 2025 David Moon, Andrew Blinn , Thomas Porter, Cyrus Omar Material obligations unify structure editing and error-correcting parsing Statically Contextualizing Large Language Models with Typed Holes · OOPSLA · 2024 Andrew Blinn , Kevin Li, June Hyung Kim, Cyrus Omar How to use holes & language servers to build global context for LLM code completions Total Type Error Localization and Recovery with Holes · POPL · 2024 Eric Zhao, Raef Maroof, Anand Dukkipati, Andrew Blinn , Zoe Pan, Cyrus Omar A formal account of static error localization & recovery as applied to editor semantic services Gradual Structure Editing with Obligations · VL/HCC · 2023 David Moon, Andrew Blinn , Cyrus Omar Generalizing program holes to syntactic obligations allows more text-like structured editing An Integrative Human-Centered Architecture for Interactive Programming Assistants · VL/HCC · 2022 Andrew Blinn , David Moon, Eric Griﬀis, Cyrus Omar A syncretic account of programming assistants including a formalization of suggestion ó sensibility Filling Typed Holes with Live GUIs · PLDI · 2021 Cyrus Omar, David Moon, Andrew Blinn , Ian Voysey, Nick Collins, Ravi Chugh Livelits embed persistent user-defined GUIs in code, enabling live inline graphical feedback WORKSHOP PAPERS · Toward a Live, Rich, Composable, and Collaborative Planetary Compute Engine · PROPL · 2024 Alexander Bandukwala, Andrew Blinn , Cyrus Omar A concept sketch for a graphical programming environment for climate science applications T ylr - A Tiny Tile-based Structure Editor · T yDe · 2022 David Moon, Andrew Blinn , Cyrus Omar T ylr combines traditional and structured editing approaches via a novel destructuring mechanism SCHOOL c University of Michigan · Ph.D Candidate, Computer Science · Now Contextualizing coding with types, interfaces, & language models with Cyrus Omar @ FP Lab University of Michigan · Master’s of Science, Computer Science · 2023 Coursework in PL theory , program synthesis, category theory , HCI, & the psychology of learning University of Toronto · H.B.Sc, Mathematics & Computer Science · 2019 Graduate coursework in abstract algebra, compilers, & graphics. Advised by Gary Baumgartner INDUSTRY Ķ TODAQ Toronto · Full-stack development in Clojure · 2019 - 2020 (2 years) Built novel front-end interfaces to sharpen the materiality of distributed digital assets . Implemented core back-end features for a decentralized digital asset management protocol SPEAKING Â Accepted speaker at OOPSLA · 2024 · Pasadena · Recorded Talk · Slides Presented Statically Contextualizing Large Language Models with T yped Holes Invited speaker at RacketCon · 2019 · Salt Lake City · Recorded Talk · Slides Introduced Fructure, a prototype structured interaction engine for edit-time term-rewriting Accepted speaker at Midwest PL Summit · 2023 · Ann Arbor · Slides Progress report on type-directed prompt"
andrew_blinn,andrew_blinn_Q14,Professional Experience,Could the applicant briefly describe their key responsibilities in previous roles?,"Yes. Researches type-directed LLM contextualization, structured editing, and live programming interfaces; develops educational software.",S2_Retrieve_Section,mistralai/Mistral-7B-Instruct-v0.3,"{
  ""predicted_answer"": ""The applicant built novel front-end interfaces in Clojure and implemented core back-end features for a decentralized digital asset management protocol."",
  ""rationale"": ""This information is found in the 'INDUSTRY' section under 'TODAQ Toronto'."",
  ""confidence_score"": 1.0
}",,,,1.956117868423462,0.00017833709716796875,1.955939531326294,1069,86,0.0,,,,,,,,E2_QA_Accuracy,"September 14, 2025 ANDREW BLINN me Ɵ andrewblinn.com a github.com/disconcision _ twitter.com/disconcision VISION  I use programming language theory to explore and explain compositional interfaces, working to make engagement with abstraction more tangible and more fun. FOCUSES Ƒ Programming Languages + Liveness + Learning · Human-Computer Interaction PAPERS ƍ Syntactic Completions with Material Obligations · OOPSLA · 2025 David Moon, Andrew Blinn , Thomas Porter, Cyrus Omar Material obligations unify structure editing and error-correcting parsing Statically Contextualizing Large Language Models with Typed Holes · OOPSLA · 2024 Andrew Blinn , Kevin Li, June Hyung Kim, Cyrus Omar How to use holes & language servers to build global context for LLM code completions Total Type Error Localization and Recovery with Holes · POPL · 2024 Eric Zhao, Raef Maroof, Anand Dukkipati, Andrew Blinn , Zoe Pan, Cyrus Omar A formal account of static error localization & recovery as applied to editor semantic services Gradual Structure Editing with Obligations · VL/HCC · 2023 David Moon, Andrew Blinn , Cyrus Omar Generalizing program holes to syntactic obligations allows more text-like structured editing An Integrative Human-Centered Architecture for Interactive Programming Assistants · VL/HCC · 2022 Andrew Blinn , David Moon, Eric Griﬀis, Cyrus Omar A syncretic account of programming assistants including a formalization of suggestion ó sensibility Filling Typed Holes with Live GUIs · PLDI · 2021 Cyrus Omar, David Moon, Andrew Blinn , Ian Voysey, Nick Collins, Ravi Chugh Livelits embed persistent user-defined GUIs in code, enabling live inline graphical feedback WORKSHOP PAPERS · Toward a Live, Rich, Composable, and Collaborative Planetary Compute Engine · PROPL · 2024 Alexander Bandukwala, Andrew Blinn , Cyrus Omar A concept sketch for a graphical programming environment for climate science applications T ylr - A Tiny Tile-based Structure Editor · T yDe · 2022 David Moon, Andrew Blinn , Cyrus Omar T ylr combines traditional and structured editing approaches via a novel destructuring mechanism SCHOOL c University of Michigan · Ph.D Candidate, Computer Science · Now Contextualizing coding with types, interfaces, & language models with Cyrus Omar @ FP Lab University of Michigan · Master’s of Science, Computer Science · 2023 Coursework in PL theory , program synthesis, category theory , HCI, & the psychology of learning University of Toronto · H.B.Sc, Mathematics & Computer Science · 2019 Graduate coursework in abstract algebra, compilers, & graphics. Advised by Gary Baumgartner INDUSTRY Ķ TODAQ Toronto · Full-stack development in Clojure · 2019 - 2020 (2 years) Built novel front-end interfaces to sharpen the materiality of distributed digital assets . Implemented core back-end features for a decentralized digital asset management protocol SPEAKING Â Accepted speaker at OOPSLA · 2024 · Pasadena · Recorded Talk · Slides Presented Statically Contextualizing Large Language Models with T yped Holes Invited speaker at RacketCon · 2019 · Salt Lake City · Recorded Talk · Slides Introduced Fructure, a prototype structured interaction engine for edit-time term-rewriting Accepted speaker at Midwest PL Summit · 2023 · Ann Arbor · Slides Progress report on type-directed prompt"
andrew_blinn,andrew_blinn_Q15,Professional Experience,Has the applicant worked in more than one job or organization?,"Yes. University of Michigan, University of Toronto, TODAQ (industry).",S2_Retrieve_Section,mistralai/Mistral-7B-Instruct-v0.3,"{
  ""predicted_answer"": ""Yes"",
  ""rationale"": ""The applicant has worked at 'TODAQ Toronto' and is currently working at 'University of Michigan' as a Ph.D candidate."",
  ""confidence_score"": 1.0
}",,,,2.050816059112549,0.0002200603485107422,2.050595998764038,1068,65,0.0,,,,,,,,E2_QA_Accuracy,"September 14, 2025 ANDREW BLINN me Ɵ andrewblinn.com a github.com/disconcision _ twitter.com/disconcision VISION  I use programming language theory to explore and explain compositional interfaces, working to make engagement with abstraction more tangible and more fun. FOCUSES Ƒ Programming Languages + Liveness + Learning · Human-Computer Interaction PAPERS ƍ Syntactic Completions with Material Obligations · OOPSLA · 2025 David Moon, Andrew Blinn , Thomas Porter, Cyrus Omar Material obligations unify structure editing and error-correcting parsing Statically Contextualizing Large Language Models with Typed Holes · OOPSLA · 2024 Andrew Blinn , Kevin Li, June Hyung Kim, Cyrus Omar How to use holes & language servers to build global context for LLM code completions Total Type Error Localization and Recovery with Holes · POPL · 2024 Eric Zhao, Raef Maroof, Anand Dukkipati, Andrew Blinn , Zoe Pan, Cyrus Omar A formal account of static error localization & recovery as applied to editor semantic services Gradual Structure Editing with Obligations · VL/HCC · 2023 David Moon, Andrew Blinn , Cyrus Omar Generalizing program holes to syntactic obligations allows more text-like structured editing An Integrative Human-Centered Architecture for Interactive Programming Assistants · VL/HCC · 2022 Andrew Blinn , David Moon, Eric Griﬀis, Cyrus Omar A syncretic account of programming assistants including a formalization of suggestion ó sensibility Filling Typed Holes with Live GUIs · PLDI · 2021 Cyrus Omar, David Moon, Andrew Blinn , Ian Voysey, Nick Collins, Ravi Chugh Livelits embed persistent user-defined GUIs in code, enabling live inline graphical feedback WORKSHOP PAPERS · Toward a Live, Rich, Composable, and Collaborative Planetary Compute Engine · PROPL · 2024 Alexander Bandukwala, Andrew Blinn , Cyrus Omar A concept sketch for a graphical programming environment for climate science applications T ylr - A Tiny Tile-based Structure Editor · T yDe · 2022 David Moon, Andrew Blinn , Cyrus Omar T ylr combines traditional and structured editing approaches via a novel destructuring mechanism SCHOOL c University of Michigan · Ph.D Candidate, Computer Science · Now Contextualizing coding with types, interfaces, & language models with Cyrus Omar @ FP Lab University of Michigan · Master’s of Science, Computer Science · 2023 Coursework in PL theory , program synthesis, category theory , HCI, & the psychology of learning University of Toronto · H.B.Sc, Mathematics & Computer Science · 2019 Graduate coursework in abstract algebra, compilers, & graphics. Advised by Gary Baumgartner INDUSTRY Ķ TODAQ Toronto · Full-stack development in Clojure · 2019 - 2020 (2 years) Built novel front-end interfaces to sharpen the materiality of distributed digital assets . Implemented core back-end features for a decentralized digital asset management protocol SPEAKING Â Accepted speaker at OOPSLA · 2024 · Pasadena · Recorded Talk · Slides Presented Statically Contextualizing Large Language Models with T yped Holes Invited speaker at RacketCon · 2019 · Salt Lake City · Recorded Talk · Slides Introduced Fructure, a prototype structured interaction engine for edit-time term-rewriting Accepted speaker at Midwest PL Summit · 2023 · Ann Arbor · Slides Progress report on type-directed prompt"
andrew_blinn,andrew_blinn_Q16,Professional Experience,What were the applicant's major accomplishments?,"Published multiple papers at OOPSLA, POPL, PLDI, VL/HCC; invited speaker at RacketCon; led Hazel IDE deployment.",S2_Retrieve_Section,mistralai/Mistral-7B-Instruct-v0.3,"{
  ""predicted_answer"": [""Statically Contextualizing Large Language Models with Typed Holes (OOPSLA 2024)"", ""T ylr - A Tiny Tile-based Structure Editor (T yDe 2022)"", ""Filling Typed Holes with Live GUIs (PLDI 2021)""],
  ""rationale"": [""These papers are listed under the 'PAPERS' section, which typically contains the applicant's major accomplishments."", ""These papers are listed under the 'WORKSHOP PAPERS",,,,4.147665500640869,0.0002033710479736328,4.1474621295928955,1066,129,0.0,,,,,,,,E2_QA_Accuracy,"September 14, 2025 ANDREW BLINN me Ɵ andrewblinn.com a github.com/disconcision _ twitter.com/disconcision VISION  I use programming language theory to explore and explain compositional interfaces, working to make engagement with abstraction more tangible and more fun. FOCUSES Ƒ Programming Languages + Liveness + Learning · Human-Computer Interaction PAPERS ƍ Syntactic Completions with Material Obligations · OOPSLA · 2025 David Moon, Andrew Blinn , Thomas Porter, Cyrus Omar Material obligations unify structure editing and error-correcting parsing Statically Contextualizing Large Language Models with Typed Holes · OOPSLA · 2024 Andrew Blinn , Kevin Li, June Hyung Kim, Cyrus Omar How to use holes & language servers to build global context for LLM code completions Total Type Error Localization and Recovery with Holes · POPL · 2024 Eric Zhao, Raef Maroof, Anand Dukkipati, Andrew Blinn , Zoe Pan, Cyrus Omar A formal account of static error localization & recovery as applied to editor semantic services Gradual Structure Editing with Obligations · VL/HCC · 2023 David Moon, Andrew Blinn , Cyrus Omar Generalizing program holes to syntactic obligations allows more text-like structured editing An Integrative Human-Centered Architecture for Interactive Programming Assistants · VL/HCC · 2022 Andrew Blinn , David Moon, Eric Griﬀis, Cyrus Omar A syncretic account of programming assistants including a formalization of suggestion ó sensibility Filling Typed Holes with Live GUIs · PLDI · 2021 Cyrus Omar, David Moon, Andrew Blinn , Ian Voysey, Nick Collins, Ravi Chugh Livelits embed persistent user-defined GUIs in code, enabling live inline graphical feedback WORKSHOP PAPERS · Toward a Live, Rich, Composable, and Collaborative Planetary Compute Engine · PROPL · 2024 Alexander Bandukwala, Andrew Blinn , Cyrus Omar A concept sketch for a graphical programming environment for climate science applications T ylr - A Tiny Tile-based Structure Editor · T yDe · 2022 David Moon, Andrew Blinn , Cyrus Omar T ylr combines traditional and structured editing approaches via a novel destructuring mechanism SCHOOL c University of Michigan · Ph.D Candidate, Computer Science · Now Contextualizing coding with types, interfaces, & language models with Cyrus Omar @ FP Lab University of Michigan · Master’s of Science, Computer Science · 2023 Coursework in PL theory , program synthesis, category theory , HCI, & the psychology of learning University of Toronto · H.B.Sc, Mathematics & Computer Science · 2019 Graduate coursework in abstract algebra, compilers, & graphics. Advised by Gary Baumgartner INDUSTRY Ķ TODAQ Toronto · Full-stack development in Clojure · 2019 - 2020 (2 years) Built novel front-end interfaces to sharpen the materiality of distributed digital assets . Implemented core back-end features for a decentralized digital asset management protocol SPEAKING Â Accepted speaker at OOPSLA · 2024 · Pasadena · Recorded Talk · Slides Presented Statically Contextualizing Large Language Models with T yped Holes Invited speaker at RacketCon · 2019 · Salt Lake City · Recorded Talk · Slides Introduced Fructure, a prototype structured interaction engine for edit-time term-rewriting Accepted speaker at Midwest PL Summit · 2023 · Ann Arbor · Slides Progress report on type-directed prompt"
andrew_blinn,andrew_blinn_Q17,Professional Experience,What key metric did they improve?,Improved error localization and recovery with typed holes; enhanced LLM code completion with static context; enabled live GUI feedback in code.,S2_Retrieve_Section,mistralai/Mistral-7B-Instruct-v0.3,"{
  ""predicted_answer"": ""Not found"",
  ""rationale"": ""The provided CV section does not contain information about a key metric that was improved."",
  ""confidence_score"": 1.0
}",,,,1.7296202182769775,0.00021147727966308594,1.7294087409973145,1062,51,0.0,,,,,,,,E2_QA_Accuracy,"September 14, 2025 ANDREW BLINN me Ɵ andrewblinn.com a github.com/disconcision _ twitter.com/disconcision VISION  I use programming language theory to explore and explain compositional interfaces, working to make engagement with abstraction more tangible and more fun. FOCUSES Ƒ Programming Languages + Liveness + Learning · Human-Computer Interaction PAPERS ƍ Syntactic Completions with Material Obligations · OOPSLA · 2025 David Moon, Andrew Blinn , Thomas Porter, Cyrus Omar Material obligations unify structure editing and error-correcting parsing Statically Contextualizing Large Language Models with Typed Holes · OOPSLA · 2024 Andrew Blinn , Kevin Li, June Hyung Kim, Cyrus Omar How to use holes & language servers to build global context for LLM code completions Total Type Error Localization and Recovery with Holes · POPL · 2024 Eric Zhao, Raef Maroof, Anand Dukkipati, Andrew Blinn , Zoe Pan, Cyrus Omar A formal account of static error localization & recovery as applied to editor semantic services Gradual Structure Editing with Obligations · VL/HCC · 2023 David Moon, Andrew Blinn , Cyrus Omar Generalizing program holes to syntactic obligations allows more text-like structured editing An Integrative Human-Centered Architecture for Interactive Programming Assistants · VL/HCC · 2022 Andrew Blinn , David Moon, Eric Griﬀis, Cyrus Omar A syncretic account of programming assistants including a formalization of suggestion ó sensibility Filling Typed Holes with Live GUIs · PLDI · 2021 Cyrus Omar, David Moon, Andrew Blinn , Ian Voysey, Nick Collins, Ravi Chugh Livelits embed persistent user-defined GUIs in code, enabling live inline graphical feedback WORKSHOP PAPERS · Toward a Live, Rich, Composable, and Collaborative Planetary Compute Engine · PROPL · 2024 Alexander Bandukwala, Andrew Blinn , Cyrus Omar A concept sketch for a graphical programming environment for climate science applications T ylr - A Tiny Tile-based Structure Editor · T yDe · 2022 David Moon, Andrew Blinn , Cyrus Omar T ylr combines traditional and structured editing approaches via a novel destructuring mechanism SCHOOL c University of Michigan · Ph.D Candidate, Computer Science · Now Contextualizing coding with types, interfaces, & language models with Cyrus Omar @ FP Lab University of Michigan · Master’s of Science, Computer Science · 2023 Coursework in PL theory , program synthesis, category theory , HCI, & the psychology of learning University of Toronto · H.B.Sc, Mathematics & Computer Science · 2019 Graduate coursework in abstract algebra, compilers, & graphics. Advised by Gary Baumgartner INDUSTRY Ķ TODAQ Toronto · Full-stack development in Clojure · 2019 - 2020 (2 years) Built novel front-end interfaces to sharpen the materiality of distributed digital assets . Implemented core back-end features for a decentralized digital asset management protocol SPEAKING Â Accepted speaker at OOPSLA · 2024 · Pasadena · Recorded Talk · Slides Presented Statically Contextualizing Large Language Models with T yped Holes Invited speaker at RacketCon · 2019 · Salt Lake City · Recorded Talk · Slides Introduced Fructure, a prototype structured interaction engine for edit-time term-rewriting Accepted speaker at Midwest PL Summit · 2023 · Ann Arbor · Slides Progress report on type-directed prompt"
andrew_blinn,andrew_blinn_Q18,Research and Projects,What is the name of a key project the applicant has worked on?,Fructure; Hazel IDE; Livelits; TyIr; Statically Contextualizing LLMs with Typed Holes,S2_Retrieve_Section,mistralai/Mistral-7B-Instruct-v0.3,"{
  ""predicted_answer"": ""Hazel software exercises platform"",
  ""rationale"": ""The applicant is leading engineering on the Hazel software exercises platform as stated in the 'TEACHING' section."",
  ""confidence_score"": 1.0
}",,,,2.1022160053253174,0.00025725364685058594,2.101958751678467,1129,63,0.0,,,,,,,,E2_QA_Accuracy,"construction for LLM-powered code completion Accepted speaker at VL/HCC · 2022 · Rome · Recorded Talk · Slides Presented an integrative human-centered architecture for interactive programming assistants Guest Lecturer · 2023 & 2022 · Ann Arbor Introduction to metaprogramming featuring Racket for EECS 490 - Programming Languages CONFERENCES ʵ Programming Committee Member · 2025: LIVE + HATRA · 2024: LIVE + Onward! + HATRA Student Volunteer · 2021: SPLASH/OOPSLA Seat Filler · 2025: ARIA Safeguarded AI Workshop + Ink & Switch London Social 2024: Ink & Switch Unconf + OOPSLA + LIVE + HATRA + Gradient Retreat 2023: MWPLS + Local First + Fission TrainJam + Strange Loop + Gradient Retreat + Causal Islands 2020 - 2022: VL/HCC + Gradient Retreat + SPLASH/OOPSLA + HATRA + LIVE 2018 - 2019: Racket Summer School + Clojure North + OPLSS + ICFP + Strange Loop + RacketCon TEACHING ʦ Course Development · 2022 - Now · University of Michigan Lead engineering on the Hazel software exercises platform , developed assignments for EECS 490 Course Development · Summer 2018 · University of T oronto Designed course materials for CSC 324 including mini algebraic stepper + pattern matching language Teaching Assistantship · 2018 - Now · Universities of Michigan & T oronto 2023, 2022, 2021 University of Michigan EECS 490: Programming Languages 2019, 2x 2018, 2017 University of T oronto CSC 324: Principles of Programming Languages 2018 University of T oronto CSC 104: Introduction to Computational Thinking MENTORSHIP U Russell Rozenbaum & Cyrus Desai : Structured Editing for LLMs · 2024 - Now Investigating supporting agentic coding with contextual semantic editing actions June (Jacob) Kim : Typed hole filing with LLMs in TypeScript · 2024 - 2025 Extracting semantic information for prompt construction from the T ypeScript language server Xiang (Kevin) Li : Type-constrained LLM Code Completion via token masking · 2023 - 2024 Modifying LLM decoding to enforce semantic as well as syntactic invariants Zachary Eichenberger & Eric Fan : Typed structured editing + Deep reinforcement learning · 2021 - 2023 Structured code completion via RL on graph neural networks; co-mentorship with Ethan Brooks Yash Gaitonde : Interfaces for live feedback in teaching IDEs · 2021 - 2022 Implementing live test feedback in the Hazel IDE, deployed to a class of 100 undergraduates SOFTWARE  IDE Design, Implementation, Deployment, and Analytics with Cyrus Omar · 2020 - Now Led a ground-up rewrite of the Hazel IDE, deployed to 100 undergraduates Investigations in Dynamic, Interactive Algebraic User Interfaces · 2022 - Now Exploring tangibility and explorability in expository math and meta-math with nool and furl Independent Study in Structured Editing in Racket with Gary Baumgartner · Summer 2017 Self-directed studies in languages tooling resulting in Fructure and Containment Patterns Variability-aware Data Structures with Marsha Chechik & Ramy Shanin · 2018 - 2019 · Slides Research in variational analysis of SPLs. Built SpyShare, a tool to visualize structure sharing"
andrew_blinn,andrew_blinn_Q19,Research and Projects,Which tools or technologies did the applicant use in their projects?,"Racket, Clojure, TypeScript, likely Haskell/OCaml, Python, tools for PL research and IDE development",S2_Retrieve_Section,mistralai/Mistral-7B-Instruct-v0.3,"{
  ""predicted_answer"": [""Clojure"", ""Github"", ""OOPSLA"", ""PLDI"", ""T yDe"", ""RacketCon""],
  ""rationale"": ""The applicant mentions working with Clojure in their industry experience, and they have published papers in OOPSLA and PLDI. They also mention GitHub in their contact information, and T yDe and RacketCon are conferences they have spoken at."",
  ""confidence_score"": 0.9
}",,,,3.6601972579956055,0.00020122528076171875,3.6599960327148438,1068,117,0.0,,,,,,,,E2_QA_Accuracy,"September 14, 2025 ANDREW BLINN me Ɵ andrewblinn.com a github.com/disconcision _ twitter.com/disconcision VISION  I use programming language theory to explore and explain compositional interfaces, working to make engagement with abstraction more tangible and more fun. FOCUSES Ƒ Programming Languages + Liveness + Learning · Human-Computer Interaction PAPERS ƍ Syntactic Completions with Material Obligations · OOPSLA · 2025 David Moon, Andrew Blinn , Thomas Porter, Cyrus Omar Material obligations unify structure editing and error-correcting parsing Statically Contextualizing Large Language Models with Typed Holes · OOPSLA · 2024 Andrew Blinn , Kevin Li, June Hyung Kim, Cyrus Omar How to use holes & language servers to build global context for LLM code completions Total Type Error Localization and Recovery with Holes · POPL · 2024 Eric Zhao, Raef Maroof, Anand Dukkipati, Andrew Blinn , Zoe Pan, Cyrus Omar A formal account of static error localization & recovery as applied to editor semantic services Gradual Structure Editing with Obligations · VL/HCC · 2023 David Moon, Andrew Blinn , Cyrus Omar Generalizing program holes to syntactic obligations allows more text-like structured editing An Integrative Human-Centered Architecture for Interactive Programming Assistants · VL/HCC · 2022 Andrew Blinn , David Moon, Eric Griﬀis, Cyrus Omar A syncretic account of programming assistants including a formalization of suggestion ó sensibility Filling Typed Holes with Live GUIs · PLDI · 2021 Cyrus Omar, David Moon, Andrew Blinn , Ian Voysey, Nick Collins, Ravi Chugh Livelits embed persistent user-defined GUIs in code, enabling live inline graphical feedback WORKSHOP PAPERS · Toward a Live, Rich, Composable, and Collaborative Planetary Compute Engine · PROPL · 2024 Alexander Bandukwala, Andrew Blinn , Cyrus Omar A concept sketch for a graphical programming environment for climate science applications T ylr - A Tiny Tile-based Structure Editor · T yDe · 2022 David Moon, Andrew Blinn , Cyrus Omar T ylr combines traditional and structured editing approaches via a novel destructuring mechanism SCHOOL c University of Michigan · Ph.D Candidate, Computer Science · Now Contextualizing coding with types, interfaces, & language models with Cyrus Omar @ FP Lab University of Michigan · Master’s of Science, Computer Science · 2023 Coursework in PL theory , program synthesis, category theory , HCI, & the psychology of learning University of Toronto · H.B.Sc, Mathematics & Computer Science · 2019 Graduate coursework in abstract algebra, compilers, & graphics. Advised by Gary Baumgartner INDUSTRY Ķ TODAQ Toronto · Full-stack development in Clojure · 2019 - 2020 (2 years) Built novel front-end interfaces to sharpen the materiality of distributed digital assets . Implemented core back-end features for a decentralized digital asset management protocol SPEAKING Â Accepted speaker at OOPSLA · 2024 · Pasadena · Recorded Talk · Slides Presented Statically Contextualizing Large Language Models with T yped Holes Invited speaker at RacketCon · 2019 · Salt Lake City · Recorded Talk · Slides Introduced Fructure, a prototype structured interaction engine for edit-time term-rewriting Accepted speaker at Midwest PL Summit · 2023 · Ann Arbor · Slides Progress report on type-directed prompt"
andrew_blinn,andrew_blinn_Q20,Research and Projects,Did any project have a specific budget or numeric goal?,"Yes. Research involves formal evaluation, user studies, and performance benchmarks for editing systems and LLM integrations.",S2_Retrieve_Section,mistralai/Mistral-7B-Instruct-v0.3,"{
  ""predicted_answer"": ""Not found"",
  ""rationale"": ""The provided CV section does not contain any information about specific budgets or numeric goals for projects."",
  ""confidence_score"": 1.0
}",,,,1.2840962409973145,0.00018024444580078125,1.2839159965515137,1126,55,0.0,,,,,,,,E2_QA_Accuracy,"construction for LLM-powered code completion Accepted speaker at VL/HCC · 2022 · Rome · Recorded Talk · Slides Presented an integrative human-centered architecture for interactive programming assistants Guest Lecturer · 2023 & 2022 · Ann Arbor Introduction to metaprogramming featuring Racket for EECS 490 - Programming Languages CONFERENCES ʵ Programming Committee Member · 2025: LIVE + HATRA · 2024: LIVE + Onward! + HATRA Student Volunteer · 2021: SPLASH/OOPSLA Seat Filler · 2025: ARIA Safeguarded AI Workshop + Ink & Switch London Social 2024: Ink & Switch Unconf + OOPSLA + LIVE + HATRA + Gradient Retreat 2023: MWPLS + Local First + Fission TrainJam + Strange Loop + Gradient Retreat + Causal Islands 2020 - 2022: VL/HCC + Gradient Retreat + SPLASH/OOPSLA + HATRA + LIVE 2018 - 2019: Racket Summer School + Clojure North + OPLSS + ICFP + Strange Loop + RacketCon TEACHING ʦ Course Development · 2022 - Now · University of Michigan Lead engineering on the Hazel software exercises platform , developed assignments for EECS 490 Course Development · Summer 2018 · University of T oronto Designed course materials for CSC 324 including mini algebraic stepper + pattern matching language Teaching Assistantship · 2018 - Now · Universities of Michigan & T oronto 2023, 2022, 2021 University of Michigan EECS 490: Programming Languages 2019, 2x 2018, 2017 University of T oronto CSC 324: Principles of Programming Languages 2018 University of T oronto CSC 104: Introduction to Computational Thinking MENTORSHIP U Russell Rozenbaum & Cyrus Desai : Structured Editing for LLMs · 2024 - Now Investigating supporting agentic coding with contextual semantic editing actions June (Jacob) Kim : Typed hole filing with LLMs in TypeScript · 2024 - 2025 Extracting semantic information for prompt construction from the T ypeScript language server Xiang (Kevin) Li : Type-constrained LLM Code Completion via token masking · 2023 - 2024 Modifying LLM decoding to enforce semantic as well as syntactic invariants Zachary Eichenberger & Eric Fan : Typed structured editing + Deep reinforcement learning · 2021 - 2023 Structured code completion via RL on graph neural networks; co-mentorship with Ethan Brooks Yash Gaitonde : Interfaces for live feedback in teaching IDEs · 2021 - 2022 Implementing live test feedback in the Hazel IDE, deployed to a class of 100 undergraduates SOFTWARE  IDE Design, Implementation, Deployment, and Analytics with Cyrus Omar · 2020 - Now Led a ground-up rewrite of the Hazel IDE, deployed to 100 undergraduates Investigations in Dynamic, Interactive Algebraic User Interfaces · 2022 - Now Exploring tangibility and explorability in expository math and meta-math with nool and furl Independent Study in Structured Editing in Racket with Gary Baumgartner · Summer 2017 Self-directed studies in languages tooling resulting in Fructure and Containment Patterns Variability-aware Data Structures with Marsha Chechik & Ramy Shanin · 2018 - 2019 · Slides Research in variational analysis of SPLs. Built SpyShare, a tool to visualize structure sharing"
andrew_blinn,andrew_blinn_Q21,Research and Projects,What were the main objectives of the applicant's projects?,To make programming abstractions more tangible and fun; improve tools for learning and live coding; advance structured editing and LLM assistive tech.,S2_Retrieve_Section,mistralai/Mistral-7B-Instruct-v0.3,"{
  ""predicted_answer"": [""Presented an integrative human-centered architecture for interactive programming assistants, Lead engineering on the Hazel software exercises platform, Investigated supporting agentic coding with contextual semantic editing actions, Led a ground-up rewrite of the Hazel IDE, Exploring tangibility and explorability in expository math and meta-math with nool and furl""],
  ""rationale"": [""The main objectives of the applicant's projects are inferred from the projects they have led or been involved in, as mentioned in the CV section.""],",,,,2.9349160194396973,0.00019598007202148438,2.934720039367676,1127,129,0.0,,,,,,,,E2_QA_Accuracy,"construction for LLM-powered code completion Accepted speaker at VL/HCC · 2022 · Rome · Recorded Talk · Slides Presented an integrative human-centered architecture for interactive programming assistants Guest Lecturer · 2023 & 2022 · Ann Arbor Introduction to metaprogramming featuring Racket for EECS 490 - Programming Languages CONFERENCES ʵ Programming Committee Member · 2025: LIVE + HATRA · 2024: LIVE + Onward! + HATRA Student Volunteer · 2021: SPLASH/OOPSLA Seat Filler · 2025: ARIA Safeguarded AI Workshop + Ink & Switch London Social 2024: Ink & Switch Unconf + OOPSLA + LIVE + HATRA + Gradient Retreat 2023: MWPLS + Local First + Fission TrainJam + Strange Loop + Gradient Retreat + Causal Islands 2020 - 2022: VL/HCC + Gradient Retreat + SPLASH/OOPSLA + HATRA + LIVE 2018 - 2019: Racket Summer School + Clojure North + OPLSS + ICFP + Strange Loop + RacketCon TEACHING ʦ Course Development · 2022 - Now · University of Michigan Lead engineering on the Hazel software exercises platform , developed assignments for EECS 490 Course Development · Summer 2018 · University of T oronto Designed course materials for CSC 324 including mini algebraic stepper + pattern matching language Teaching Assistantship · 2018 - Now · Universities of Michigan & T oronto 2023, 2022, 2021 University of Michigan EECS 490: Programming Languages 2019, 2x 2018, 2017 University of T oronto CSC 324: Principles of Programming Languages 2018 University of T oronto CSC 104: Introduction to Computational Thinking MENTORSHIP U Russell Rozenbaum & Cyrus Desai : Structured Editing for LLMs · 2024 - Now Investigating supporting agentic coding with contextual semantic editing actions June (Jacob) Kim : Typed hole filing with LLMs in TypeScript · 2024 - 2025 Extracting semantic information for prompt construction from the T ypeScript language server Xiang (Kevin) Li : Type-constrained LLM Code Completion via token masking · 2023 - 2024 Modifying LLM decoding to enforce semantic as well as syntactic invariants Zachary Eichenberger & Eric Fan : Typed structured editing + Deep reinforcement learning · 2021 - 2023 Structured code completion via RL on graph neural networks; co-mentorship with Ethan Brooks Yash Gaitonde : Interfaces for live feedback in teaching IDEs · 2021 - 2022 Implementing live test feedback in the Hazel IDE, deployed to a class of 100 undergraduates SOFTWARE  IDE Design, Implementation, Deployment, and Analytics with Cyrus Omar · 2020 - Now Led a ground-up rewrite of the Hazel IDE, deployed to 100 undergraduates Investigations in Dynamic, Interactive Algebraic User Interfaces · 2022 - Now Exploring tangibility and explorability in expository math and meta-math with nool and furl Independent Study in Structured Editing in Racket with Gary Baumgartner · Summer 2017 Self-directed studies in languages tooling resulting in Fructure and Containment Patterns Variability-aware Data Structures with Marsha Chechik & Ramy Shanin · 2018 - 2019 · Slides Research in variational analysis of SPLs. Built SpyShare, a tool to visualize structure sharing"
andrew_blinn,andrew_blinn_Q22,Research and Projects,What are the applicant s publications?,"Multiple publications in OOPSLA, POPL, PLDI, VL/HCC, TyDe, PROPL, and workshop papers.",S2_Retrieve_Section,mistralai/Mistral-7B-Instruct-v0.3,"{
  ""predicted_answer"": ""Not found"",
  ""rationale"": ""The provided CV section does not contain any information about the applicant's publications."",
  ""confidence_score"": 1.0
}",,,,1.236557960510254,0.0002186298370361328,1.2363393306732178,1122,52,0.0,,,,,,,,E2_QA_Accuracy,"construction for LLM-powered code completion Accepted speaker at VL/HCC · 2022 · Rome · Recorded Talk · Slides Presented an integrative human-centered architecture for interactive programming assistants Guest Lecturer · 2023 & 2022 · Ann Arbor Introduction to metaprogramming featuring Racket for EECS 490 - Programming Languages CONFERENCES ʵ Programming Committee Member · 2025: LIVE + HATRA · 2024: LIVE + Onward! + HATRA Student Volunteer · 2021: SPLASH/OOPSLA Seat Filler · 2025: ARIA Safeguarded AI Workshop + Ink & Switch London Social 2024: Ink & Switch Unconf + OOPSLA + LIVE + HATRA + Gradient Retreat 2023: MWPLS + Local First + Fission TrainJam + Strange Loop + Gradient Retreat + Causal Islands 2020 - 2022: VL/HCC + Gradient Retreat + SPLASH/OOPSLA + HATRA + LIVE 2018 - 2019: Racket Summer School + Clojure North + OPLSS + ICFP + Strange Loop + RacketCon TEACHING ʦ Course Development · 2022 - Now · University of Michigan Lead engineering on the Hazel software exercises platform , developed assignments for EECS 490 Course Development · Summer 2018 · University of T oronto Designed course materials for CSC 324 including mini algebraic stepper + pattern matching language Teaching Assistantship · 2018 - Now · Universities of Michigan & T oronto 2023, 2022, 2021 University of Michigan EECS 490: Programming Languages 2019, 2x 2018, 2017 University of T oronto CSC 324: Principles of Programming Languages 2018 University of T oronto CSC 104: Introduction to Computational Thinking MENTORSHIP U Russell Rozenbaum & Cyrus Desai : Structured Editing for LLMs · 2024 - Now Investigating supporting agentic coding with contextual semantic editing actions June (Jacob) Kim : Typed hole filing with LLMs in TypeScript · 2024 - 2025 Extracting semantic information for prompt construction from the T ypeScript language server Xiang (Kevin) Li : Type-constrained LLM Code Completion via token masking · 2023 - 2024 Modifying LLM decoding to enforce semantic as well as syntactic invariants Zachary Eichenberger & Eric Fan : Typed structured editing + Deep reinforcement learning · 2021 - 2023 Structured code completion via RL on graph neural networks; co-mentorship with Ethan Brooks Yash Gaitonde : Interfaces for live feedback in teaching IDEs · 2021 - 2022 Implementing live test feedback in the Hazel IDE, deployed to a class of 100 undergraduates SOFTWARE  IDE Design, Implementation, Deployment, and Analytics with Cyrus Omar · 2020 - Now Led a ground-up rewrite of the Hazel IDE, deployed to 100 undergraduates Investigations in Dynamic, Interactive Algebraic User Interfaces · 2022 - Now Exploring tangibility and explorability in expository math and meta-math with nool and furl Independent Study in Structured Editing in Racket with Gary Baumgartner · Summer 2017 Self-directed studies in languages tooling resulting in Fructure and Containment Patterns Variability-aware Data Structures with Marsha Chechik & Ramy Shanin · 2018 - 2019 · Slides Research in variational analysis of SPLs. Built SpyShare, a tool to visualize structure sharing"
andrew_blinn,andrew_blinn_Q23,Research and Projects,Did the applicant outline the approach or methodology they used?,"Yes. Uses formal methods, type theory, human-centered design, empirical evaluation, and prototype-driven research.",S2_Retrieve_Section,mistralai/Mistral-7B-Instruct-v0.3,"{
  ""predicted_answer"": ""Not found"",
  ""rationale"": ""The provided CV section does not contain any information about the applicant's approach or methodology they used."",
  ""confidence_score"": 1.0
}",,,,1.4231300354003906,0.00019669532775878906,1.4229333400726318,1127,57,0.0,,,,,,,,E2_QA_Accuracy,"construction for LLM-powered code completion Accepted speaker at VL/HCC · 2022 · Rome · Recorded Talk · Slides Presented an integrative human-centered architecture for interactive programming assistants Guest Lecturer · 2023 & 2022 · Ann Arbor Introduction to metaprogramming featuring Racket for EECS 490 - Programming Languages CONFERENCES ʵ Programming Committee Member · 2025: LIVE + HATRA · 2024: LIVE + Onward! + HATRA Student Volunteer · 2021: SPLASH/OOPSLA Seat Filler · 2025: ARIA Safeguarded AI Workshop + Ink & Switch London Social 2024: Ink & Switch Unconf + OOPSLA + LIVE + HATRA + Gradient Retreat 2023: MWPLS + Local First + Fission TrainJam + Strange Loop + Gradient Retreat + Causal Islands 2020 - 2022: VL/HCC + Gradient Retreat + SPLASH/OOPSLA + HATRA + LIVE 2018 - 2019: Racket Summer School + Clojure North + OPLSS + ICFP + Strange Loop + RacketCon TEACHING ʦ Course Development · 2022 - Now · University of Michigan Lead engineering on the Hazel software exercises platform , developed assignments for EECS 490 Course Development · Summer 2018 · University of T oronto Designed course materials for CSC 324 including mini algebraic stepper + pattern matching language Teaching Assistantship · 2018 - Now · Universities of Michigan & T oronto 2023, 2022, 2021 University of Michigan EECS 490: Programming Languages 2019, 2x 2018, 2017 University of T oronto CSC 324: Principles of Programming Languages 2018 University of T oronto CSC 104: Introduction to Computational Thinking MENTORSHIP U Russell Rozenbaum & Cyrus Desai : Structured Editing for LLMs · 2024 - Now Investigating supporting agentic coding with contextual semantic editing actions June (Jacob) Kim : Typed hole filing with LLMs in TypeScript · 2024 - 2025 Extracting semantic information for prompt construction from the T ypeScript language server Xiang (Kevin) Li : Type-constrained LLM Code Completion via token masking · 2023 - 2024 Modifying LLM decoding to enforce semantic as well as syntactic invariants Zachary Eichenberger & Eric Fan : Typed structured editing + Deep reinforcement learning · 2021 - 2023 Structured code completion via RL on graph neural networks; co-mentorship with Ethan Brooks Yash Gaitonde : Interfaces for live feedback in teaching IDEs · 2021 - 2022 Implementing live test feedback in the Hazel IDE, deployed to a class of 100 undergraduates SOFTWARE  IDE Design, Implementation, Deployment, and Analytics with Cyrus Omar · 2020 - Now Led a ground-up rewrite of the Hazel IDE, deployed to 100 undergraduates Investigations in Dynamic, Interactive Algebraic User Interfaces · 2022 - Now Exploring tangibility and explorability in expository math and meta-math with nool and furl Independent Study in Structured Editing in Racket with Gary Baumgartner · Summer 2017 Self-directed studies in languages tooling resulting in Fructure and Containment Patterns Variability-aware Data Structures with Marsha Chechik & Ramy Shanin · 2018 - 2019 · Slides Research in variational analysis of SPLs. Built SpyShare, a tool to visualize structure sharing"
andrew_blinn,andrew_blinn_Q24,Research and Projects,What are the applicant's research areas?,"Programming Languages, Human-Computer Interaction, Live Programming, Structured Editing, Type Theory, Educational Technology",S2_Retrieve_Section,mistralai/Mistral-7B-Instruct-v0.3,"{
  ""predicted_answer"": [""metaprogramming"", ""human-centered architecture for interactive programming assistants"", ""LLMs"", ""TypeScript"", ""Type-constrained LLM Code Completion via token masking"", ""Structured code completion via RL on graph neural networks""],
  ""rationale"": [""The applicant presented an integrative human-centered architecture for interactive programming assistants, which suggests an interest in human-centered programming. They also worked on metaprogramming featuring Racket for EECS 490 - Programming Languages. Additionally",,,,2.8758442401885986,0.00017714500427246094,2.875667095184326,1124,129,0.0,,,,,,,,E2_QA_Accuracy,"construction for LLM-powered code completion Accepted speaker at VL/HCC · 2022 · Rome · Recorded Talk · Slides Presented an integrative human-centered architecture for interactive programming assistants Guest Lecturer · 2023 & 2022 · Ann Arbor Introduction to metaprogramming featuring Racket for EECS 490 - Programming Languages CONFERENCES ʵ Programming Committee Member · 2025: LIVE + HATRA · 2024: LIVE + Onward! + HATRA Student Volunteer · 2021: SPLASH/OOPSLA Seat Filler · 2025: ARIA Safeguarded AI Workshop + Ink & Switch London Social 2024: Ink & Switch Unconf + OOPSLA + LIVE + HATRA + Gradient Retreat 2023: MWPLS + Local First + Fission TrainJam + Strange Loop + Gradient Retreat + Causal Islands 2020 - 2022: VL/HCC + Gradient Retreat + SPLASH/OOPSLA + HATRA + LIVE 2018 - 2019: Racket Summer School + Clojure North + OPLSS + ICFP + Strange Loop + RacketCon TEACHING ʦ Course Development · 2022 - Now · University of Michigan Lead engineering on the Hazel software exercises platform , developed assignments for EECS 490 Course Development · Summer 2018 · University of T oronto Designed course materials for CSC 324 including mini algebraic stepper + pattern matching language Teaching Assistantship · 2018 - Now · Universities of Michigan & T oronto 2023, 2022, 2021 University of Michigan EECS 490: Programming Languages 2019, 2x 2018, 2017 University of T oronto CSC 324: Principles of Programming Languages 2018 University of T oronto CSC 104: Introduction to Computational Thinking MENTORSHIP U Russell Rozenbaum & Cyrus Desai : Structured Editing for LLMs · 2024 - Now Investigating supporting agentic coding with contextual semantic editing actions June (Jacob) Kim : Typed hole filing with LLMs in TypeScript · 2024 - 2025 Extracting semantic information for prompt construction from the T ypeScript language server Xiang (Kevin) Li : Type-constrained LLM Code Completion via token masking · 2023 - 2024 Modifying LLM decoding to enforce semantic as well as syntactic invariants Zachary Eichenberger & Eric Fan : Typed structured editing + Deep reinforcement learning · 2021 - 2023 Structured code completion via RL on graph neural networks; co-mentorship with Ethan Brooks Yash Gaitonde : Interfaces for live feedback in teaching IDEs · 2021 - 2022 Implementing live test feedback in the Hazel IDE, deployed to a class of 100 undergraduates SOFTWARE  IDE Design, Implementation, Deployment, and Analytics with Cyrus Omar · 2020 - Now Led a ground-up rewrite of the Hazel IDE, deployed to 100 undergraduates Investigations in Dynamic, Interactive Algebraic User Interfaces · 2022 - Now Exploring tangibility and explorability in expository math and meta-math with nool and furl Independent Study in Structured Editing in Racket with Gary Baumgartner · Summer 2017 Self-directed studies in languages tooling resulting in Fructure and Containment Patterns Variability-aware Data Structures with Marsha Chechik & Ramy Shanin · 2018 - 2019 · Slides Research in variational analysis of SPLs. Built SpyShare, a tool to visualize structure sharing"
andrew_blinn,andrew_blinn_Q25,Skills,What are the applicant s key soft skills?,"Mentoring, teaching, collaboration, academic service, public speaking",S2_Retrieve_Section,mistralai/Mistral-7B-Instruct-v0.3,"{
  ""predicted_answer"": ""Not found"",
  ""rationale"": ""The provided CV section does not contain information about the applicant's soft skills."",
  ""confidence_score"": 1.0
}",,,,1.2283334732055664,0.00019860267639160156,1.2281348705291748,1065,52,0.0,,,,,,,,E2_QA_Accuracy,"September 14, 2025 ANDREW BLINN me Ɵ andrewblinn.com a github.com/disconcision _ twitter.com/disconcision VISION  I use programming language theory to explore and explain compositional interfaces, working to make engagement with abstraction more tangible and more fun. FOCUSES Ƒ Programming Languages + Liveness + Learning · Human-Computer Interaction PAPERS ƍ Syntactic Completions with Material Obligations · OOPSLA · 2025 David Moon, Andrew Blinn , Thomas Porter, Cyrus Omar Material obligations unify structure editing and error-correcting parsing Statically Contextualizing Large Language Models with Typed Holes · OOPSLA · 2024 Andrew Blinn , Kevin Li, June Hyung Kim, Cyrus Omar How to use holes & language servers to build global context for LLM code completions Total Type Error Localization and Recovery with Holes · POPL · 2024 Eric Zhao, Raef Maroof, Anand Dukkipati, Andrew Blinn , Zoe Pan, Cyrus Omar A formal account of static error localization & recovery as applied to editor semantic services Gradual Structure Editing with Obligations · VL/HCC · 2023 David Moon, Andrew Blinn , Cyrus Omar Generalizing program holes to syntactic obligations allows more text-like structured editing An Integrative Human-Centered Architecture for Interactive Programming Assistants · VL/HCC · 2022 Andrew Blinn , David Moon, Eric Griﬀis, Cyrus Omar A syncretic account of programming assistants including a formalization of suggestion ó sensibility Filling Typed Holes with Live GUIs · PLDI · 2021 Cyrus Omar, David Moon, Andrew Blinn , Ian Voysey, Nick Collins, Ravi Chugh Livelits embed persistent user-defined GUIs in code, enabling live inline graphical feedback WORKSHOP PAPERS · Toward a Live, Rich, Composable, and Collaborative Planetary Compute Engine · PROPL · 2024 Alexander Bandukwala, Andrew Blinn , Cyrus Omar A concept sketch for a graphical programming environment for climate science applications T ylr - A Tiny Tile-based Structure Editor · T yDe · 2022 David Moon, Andrew Blinn , Cyrus Omar T ylr combines traditional and structured editing approaches via a novel destructuring mechanism SCHOOL c University of Michigan · Ph.D Candidate, Computer Science · Now Contextualizing coding with types, interfaces, & language models with Cyrus Omar @ FP Lab University of Michigan · Master’s of Science, Computer Science · 2023 Coursework in PL theory , program synthesis, category theory , HCI, & the psychology of learning University of Toronto · H.B.Sc, Mathematics & Computer Science · 2019 Graduate coursework in abstract algebra, compilers, & graphics. Advised by Gary Baumgartner INDUSTRY Ķ TODAQ Toronto · Full-stack development in Clojure · 2019 - 2020 (2 years) Built novel front-end interfaces to sharpen the materiality of distributed digital assets . Implemented core back-end features for a decentralized digital asset management protocol SPEAKING Â Accepted speaker at OOPSLA · 2024 · Pasadena · Recorded Talk · Slides Presented Statically Contextualizing Large Language Models with T yped Holes Invited speaker at RacketCon · 2019 · Salt Lake City · Recorded Talk · Slides Introduced Fructure, a prototype structured interaction engine for edit-time term-rewriting Accepted speaker at Midwest PL Summit · 2023 · Ann Arbor · Slides Progress report on type-directed prompt"
andrew_blinn,andrew_blinn_Q26,Skills,"Are there any certifications, licenses, or trainings listed by the applicant?",Yes. Advanced degrees in CS; professional development through industry and academic roles.,S2_Retrieve_Section,mistralai/Mistral-7B-Instruct-v0.3,"{
  ""predicted_answer"": ""Not found"",
  ""rationale"": ""No certifications, licenses, or trainings are listed in the provided CV section."",
  ""confidence_score"": 1.0
}",,,,1.3247065544128418,0.00018525123596191406,1.3245213031768799,1072,52,0.0,,,,,,,,E2_QA_Accuracy,"September 14, 2025 ANDREW BLINN me Ɵ andrewblinn.com a github.com/disconcision _ twitter.com/disconcision VISION  I use programming language theory to explore and explain compositional interfaces, working to make engagement with abstraction more tangible and more fun. FOCUSES Ƒ Programming Languages + Liveness + Learning · Human-Computer Interaction PAPERS ƍ Syntactic Completions with Material Obligations · OOPSLA · 2025 David Moon, Andrew Blinn , Thomas Porter, Cyrus Omar Material obligations unify structure editing and error-correcting parsing Statically Contextualizing Large Language Models with Typed Holes · OOPSLA · 2024 Andrew Blinn , Kevin Li, June Hyung Kim, Cyrus Omar How to use holes & language servers to build global context for LLM code completions Total Type Error Localization and Recovery with Holes · POPL · 2024 Eric Zhao, Raef Maroof, Anand Dukkipati, Andrew Blinn , Zoe Pan, Cyrus Omar A formal account of static error localization & recovery as applied to editor semantic services Gradual Structure Editing with Obligations · VL/HCC · 2023 David Moon, Andrew Blinn , Cyrus Omar Generalizing program holes to syntactic obligations allows more text-like structured editing An Integrative Human-Centered Architecture for Interactive Programming Assistants · VL/HCC · 2022 Andrew Blinn , David Moon, Eric Griﬀis, Cyrus Omar A syncretic account of programming assistants including a formalization of suggestion ó sensibility Filling Typed Holes with Live GUIs · PLDI · 2021 Cyrus Omar, David Moon, Andrew Blinn , Ian Voysey, Nick Collins, Ravi Chugh Livelits embed persistent user-defined GUIs in code, enabling live inline graphical feedback WORKSHOP PAPERS · Toward a Live, Rich, Composable, and Collaborative Planetary Compute Engine · PROPL · 2024 Alexander Bandukwala, Andrew Blinn , Cyrus Omar A concept sketch for a graphical programming environment for climate science applications T ylr - A Tiny Tile-based Structure Editor · T yDe · 2022 David Moon, Andrew Blinn , Cyrus Omar T ylr combines traditional and structured editing approaches via a novel destructuring mechanism SCHOOL c University of Michigan · Ph.D Candidate, Computer Science · Now Contextualizing coding with types, interfaces, & language models with Cyrus Omar @ FP Lab University of Michigan · Master’s of Science, Computer Science · 2023 Coursework in PL theory , program synthesis, category theory , HCI, & the psychology of learning University of Toronto · H.B.Sc, Mathematics & Computer Science · 2019 Graduate coursework in abstract algebra, compilers, & graphics. Advised by Gary Baumgartner INDUSTRY Ķ TODAQ Toronto · Full-stack development in Clojure · 2019 - 2020 (2 years) Built novel front-end interfaces to sharpen the materiality of distributed digital assets . Implemented core back-end features for a decentralized digital asset management protocol SPEAKING Â Accepted speaker at OOPSLA · 2024 · Pasadena · Recorded Talk · Slides Presented Statically Contextualizing Large Language Models with T yped Holes Invited speaker at RacketCon · 2019 · Salt Lake City · Recorded Talk · Slides Introduced Fructure, a prototype structured interaction engine for edit-time term-rewriting Accepted speaker at Midwest PL Summit · 2023 · Ann Arbor · Slides Progress report on type-directed prompt"
andrew_blinn,andrew_blinn_Q27,Skills,Did the applicant describe a situation where they applied one of their key skills effectively?,Yes. Applied type theory to build live GUIs in code; used LLMs for type-constrained completions; designed structured editing tools.,S2_Retrieve_Section,mistralai/Mistral-7B-Instruct-v0.3,"{
  ""predicted_answer"": ""Not found"",
  ""rationale"": ""The provided CV section does not contain a specific situation where the applicant applied one of their key skills effectively."",
  ""confidence_score"": 1.0
}",,,,1.3362064361572266,0.00018167495727539062,1.3360247611999512,1072,57,0.0,,,,,,,,E2_QA_Accuracy,"September 14, 2025 ANDREW BLINN me Ɵ andrewblinn.com a github.com/disconcision _ twitter.com/disconcision VISION  I use programming language theory to explore and explain compositional interfaces, working to make engagement with abstraction more tangible and more fun. FOCUSES Ƒ Programming Languages + Liveness + Learning · Human-Computer Interaction PAPERS ƍ Syntactic Completions with Material Obligations · OOPSLA · 2025 David Moon, Andrew Blinn , Thomas Porter, Cyrus Omar Material obligations unify structure editing and error-correcting parsing Statically Contextualizing Large Language Models with Typed Holes · OOPSLA · 2024 Andrew Blinn , Kevin Li, June Hyung Kim, Cyrus Omar How to use holes & language servers to build global context for LLM code completions Total Type Error Localization and Recovery with Holes · POPL · 2024 Eric Zhao, Raef Maroof, Anand Dukkipati, Andrew Blinn , Zoe Pan, Cyrus Omar A formal account of static error localization & recovery as applied to editor semantic services Gradual Structure Editing with Obligations · VL/HCC · 2023 David Moon, Andrew Blinn , Cyrus Omar Generalizing program holes to syntactic obligations allows more text-like structured editing An Integrative Human-Centered Architecture for Interactive Programming Assistants · VL/HCC · 2022 Andrew Blinn , David Moon, Eric Griﬀis, Cyrus Omar A syncretic account of programming assistants including a formalization of suggestion ó sensibility Filling Typed Holes with Live GUIs · PLDI · 2021 Cyrus Omar, David Moon, Andrew Blinn , Ian Voysey, Nick Collins, Ravi Chugh Livelits embed persistent user-defined GUIs in code, enabling live inline graphical feedback WORKSHOP PAPERS · Toward a Live, Rich, Composable, and Collaborative Planetary Compute Engine · PROPL · 2024 Alexander Bandukwala, Andrew Blinn , Cyrus Omar A concept sketch for a graphical programming environment for climate science applications T ylr - A Tiny Tile-based Structure Editor · T yDe · 2022 David Moon, Andrew Blinn , Cyrus Omar T ylr combines traditional and structured editing approaches via a novel destructuring mechanism SCHOOL c University of Michigan · Ph.D Candidate, Computer Science · Now Contextualizing coding with types, interfaces, & language models with Cyrus Omar @ FP Lab University of Michigan · Master’s of Science, Computer Science · 2023 Coursework in PL theory , program synthesis, category theory , HCI, & the psychology of learning University of Toronto · H.B.Sc, Mathematics & Computer Science · 2019 Graduate coursework in abstract algebra, compilers, & graphics. Advised by Gary Baumgartner INDUSTRY Ķ TODAQ Toronto · Full-stack development in Clojure · 2019 - 2020 (2 years) Built novel front-end interfaces to sharpen the materiality of distributed digital assets . Implemented core back-end features for a decentralized digital asset management protocol SPEAKING Â Accepted speaker at OOPSLA · 2024 · Pasadena · Recorded Talk · Slides Presented Statically Contextualizing Large Language Models with T yped Holes Invited speaker at RacketCon · 2019 · Salt Lake City · Recorded Talk · Slides Introduced Fructure, a prototype structured interaction engine for edit-time term-rewriting Accepted speaker at Midwest PL Summit · 2023 · Ann Arbor · Slides Progress report on type-directed prompt"
andrew_blinn,andrew_blinn_Q28,Awards & Extracurricular Activities,"Has the applicant received any awards or recognitions? If so, which is the most significant?",Yes. Paper acceptances at top PL conferences; invited speaking engagements; selection for programming committees.,S2_Retrieve_Section,mistralai/Mistral-7B-Instruct-v0.3,"{
  ""predicted_answer"": ""Not found"",
  ""rationale"": ""The provided CV section does not contain any information about awards or recognitions."",
  ""confidence_score"": 1.0
}",,,,1.2239665985107422,0.0002353191375732422,1.223731279373169,1075,50,0.0,,,,,,,,E2_QA_Accuracy,"September 14, 2025 ANDREW BLINN me Ɵ andrewblinn.com a github.com/disconcision _ twitter.com/disconcision VISION  I use programming language theory to explore and explain compositional interfaces, working to make engagement with abstraction more tangible and more fun. FOCUSES Ƒ Programming Languages + Liveness + Learning · Human-Computer Interaction PAPERS ƍ Syntactic Completions with Material Obligations · OOPSLA · 2025 David Moon, Andrew Blinn , Thomas Porter, Cyrus Omar Material obligations unify structure editing and error-correcting parsing Statically Contextualizing Large Language Models with Typed Holes · OOPSLA · 2024 Andrew Blinn , Kevin Li, June Hyung Kim, Cyrus Omar How to use holes & language servers to build global context for LLM code completions Total Type Error Localization and Recovery with Holes · POPL · 2024 Eric Zhao, Raef Maroof, Anand Dukkipati, Andrew Blinn , Zoe Pan, Cyrus Omar A formal account of static error localization & recovery as applied to editor semantic services Gradual Structure Editing with Obligations · VL/HCC · 2023 David Moon, Andrew Blinn , Cyrus Omar Generalizing program holes to syntactic obligations allows more text-like structured editing An Integrative Human-Centered Architecture for Interactive Programming Assistants · VL/HCC · 2022 Andrew Blinn , David Moon, Eric Griﬀis, Cyrus Omar A syncretic account of programming assistants including a formalization of suggestion ó sensibility Filling Typed Holes with Live GUIs · PLDI · 2021 Cyrus Omar, David Moon, Andrew Blinn , Ian Voysey, Nick Collins, Ravi Chugh Livelits embed persistent user-defined GUIs in code, enabling live inline graphical feedback WORKSHOP PAPERS · Toward a Live, Rich, Composable, and Collaborative Planetary Compute Engine · PROPL · 2024 Alexander Bandukwala, Andrew Blinn , Cyrus Omar A concept sketch for a graphical programming environment for climate science applications T ylr - A Tiny Tile-based Structure Editor · T yDe · 2022 David Moon, Andrew Blinn , Cyrus Omar T ylr combines traditional and structured editing approaches via a novel destructuring mechanism SCHOOL c University of Michigan · Ph.D Candidate, Computer Science · Now Contextualizing coding with types, interfaces, & language models with Cyrus Omar @ FP Lab University of Michigan · Master’s of Science, Computer Science · 2023 Coursework in PL theory , program synthesis, category theory , HCI, & the psychology of learning University of Toronto · H.B.Sc, Mathematics & Computer Science · 2019 Graduate coursework in abstract algebra, compilers, & graphics. Advised by Gary Baumgartner INDUSTRY Ķ TODAQ Toronto · Full-stack development in Clojure · 2019 - 2020 (2 years) Built novel front-end interfaces to sharpen the materiality of distributed digital assets . Implemented core back-end features for a decentralized digital asset management protocol SPEAKING Â Accepted speaker at OOPSLA · 2024 · Pasadena · Recorded Talk · Slides Presented Statically Contextualizing Large Language Models with T yped Holes Invited speaker at RacketCon · 2019 · Salt Lake City · Recorded Talk · Slides Introduced Fructure, a prototype structured interaction engine for edit-time term-rewriting Accepted speaker at Midwest PL Summit · 2023 · Ann Arbor · Slides Progress report on type-directed prompt"
andrew_blinn,andrew_blinn_Q29,Awards & Extracurricular Activities,Did the applicant share a brief overview of an extracurricular or volunteer activity they have been involved in?,Yes. Mentored multiple undergraduate and graduate students on research projects; teaching assistant roles.,S2_Retrieve_Section,mistralai/Mistral-7B-Instruct-v0.3,"{
  ""predicted_answer"": ""Not found"",
  ""rationale"": ""The provided CV section does not contain any information about extracurricular or volunteer activities."",
  ""confidence_score"": 1.0
}",,,,1.3176274299621582,0.0001983642578125,1.3174290657043457,1138,54,0.0,,,,,,,,E2_QA_Accuracy,"construction for LLM-powered code completion Accepted speaker at VL/HCC · 2022 · Rome · Recorded Talk · Slides Presented an integrative human-centered architecture for interactive programming assistants Guest Lecturer · 2023 & 2022 · Ann Arbor Introduction to metaprogramming featuring Racket for EECS 490 - Programming Languages CONFERENCES ʵ Programming Committee Member · 2025: LIVE + HATRA · 2024: LIVE + Onward! + HATRA Student Volunteer · 2021: SPLASH/OOPSLA Seat Filler · 2025: ARIA Safeguarded AI Workshop + Ink & Switch London Social 2024: Ink & Switch Unconf + OOPSLA + LIVE + HATRA + Gradient Retreat 2023: MWPLS + Local First + Fission TrainJam + Strange Loop + Gradient Retreat + Causal Islands 2020 - 2022: VL/HCC + Gradient Retreat + SPLASH/OOPSLA + HATRA + LIVE 2018 - 2019: Racket Summer School + Clojure North + OPLSS + ICFP + Strange Loop + RacketCon TEACHING ʦ Course Development · 2022 - Now · University of Michigan Lead engineering on the Hazel software exercises platform , developed assignments for EECS 490 Course Development · Summer 2018 · University of T oronto Designed course materials for CSC 324 including mini algebraic stepper + pattern matching language Teaching Assistantship · 2018 - Now · Universities of Michigan & T oronto 2023, 2022, 2021 University of Michigan EECS 490: Programming Languages 2019, 2x 2018, 2017 University of T oronto CSC 324: Principles of Programming Languages 2018 University of T oronto CSC 104: Introduction to Computational Thinking MENTORSHIP U Russell Rozenbaum & Cyrus Desai : Structured Editing for LLMs · 2024 - Now Investigating supporting agentic coding with contextual semantic editing actions June (Jacob) Kim : Typed hole filing with LLMs in TypeScript · 2024 - 2025 Extracting semantic information for prompt construction from the T ypeScript language server Xiang (Kevin) Li : Type-constrained LLM Code Completion via token masking · 2023 - 2024 Modifying LLM decoding to enforce semantic as well as syntactic invariants Zachary Eichenberger & Eric Fan : Typed structured editing + Deep reinforcement learning · 2021 - 2023 Structured code completion via RL on graph neural networks; co-mentorship with Ethan Brooks Yash Gaitonde : Interfaces for live feedback in teaching IDEs · 2021 - 2022 Implementing live test feedback in the Hazel IDE, deployed to a class of 100 undergraduates SOFTWARE  IDE Design, Implementation, Deployment, and Analytics with Cyrus Omar · 2020 - Now Led a ground-up rewrite of the Hazel IDE, deployed to 100 undergraduates Investigations in Dynamic, Interactive Algebraic User Interfaces · 2022 - Now Exploring tangibility and explorability in expository math and meta-math with nool and furl Independent Study in Structured Editing in Racket with Gary Baumgartner · Summer 2017 Self-directed studies in languages tooling resulting in Fructure and Containment Patterns Variability-aware Data Structures with Marsha Chechik & Ramy Shanin · 2018 - 2019 · Slides Research in variational analysis of SPLs. Built SpyShare, a tool to visualize structure sharing"
andrew_blinn,andrew_blinn_Q30,Awards & Extracurricular Activities,Did the applicant describe any notable academic achievements or honors received?,Yes. Strong publication record at top venues; leadership in course and software development; successful research mentorship.,S2_Retrieve_Section,mistralai/Mistral-7B-Instruct-v0.3,"{
  ""predicted_answer"": ""Not found"",
  ""rationale"": ""The provided CV section does not mention any notable academic achievements or honors received."",
  ""confidence_score"": 1.0
}",,,,1.2229256629943848,0.0002243518829345703,1.2227013111114502,1069,51,0.0,,,,,,,,E2_QA_Accuracy,"September 14, 2025 ANDREW BLINN me Ɵ andrewblinn.com a github.com/disconcision _ twitter.com/disconcision VISION  I use programming language theory to explore and explain compositional interfaces, working to make engagement with abstraction more tangible and more fun. FOCUSES Ƒ Programming Languages + Liveness + Learning · Human-Computer Interaction PAPERS ƍ Syntactic Completions with Material Obligations · OOPSLA · 2025 David Moon, Andrew Blinn , Thomas Porter, Cyrus Omar Material obligations unify structure editing and error-correcting parsing Statically Contextualizing Large Language Models with Typed Holes · OOPSLA · 2024 Andrew Blinn , Kevin Li, June Hyung Kim, Cyrus Omar How to use holes & language servers to build global context for LLM code completions Total Type Error Localization and Recovery with Holes · POPL · 2024 Eric Zhao, Raef Maroof, Anand Dukkipati, Andrew Blinn , Zoe Pan, Cyrus Omar A formal account of static error localization & recovery as applied to editor semantic services Gradual Structure Editing with Obligations · VL/HCC · 2023 David Moon, Andrew Blinn , Cyrus Omar Generalizing program holes to syntactic obligations allows more text-like structured editing An Integrative Human-Centered Architecture for Interactive Programming Assistants · VL/HCC · 2022 Andrew Blinn , David Moon, Eric Griﬀis, Cyrus Omar A syncretic account of programming assistants including a formalization of suggestion ó sensibility Filling Typed Holes with Live GUIs · PLDI · 2021 Cyrus Omar, David Moon, Andrew Blinn , Ian Voysey, Nick Collins, Ravi Chugh Livelits embed persistent user-defined GUIs in code, enabling live inline graphical feedback WORKSHOP PAPERS · Toward a Live, Rich, Composable, and Collaborative Planetary Compute Engine · PROPL · 2024 Alexander Bandukwala, Andrew Blinn , Cyrus Omar A concept sketch for a graphical programming environment for climate science applications T ylr - A Tiny Tile-based Structure Editor · T yDe · 2022 David Moon, Andrew Blinn , Cyrus Omar T ylr combines traditional and structured editing approaches via a novel destructuring mechanism SCHOOL c University of Michigan · Ph.D Candidate, Computer Science · Now Contextualizing coding with types, interfaces, & language models with Cyrus Omar @ FP Lab University of Michigan · Master’s of Science, Computer Science · 2023 Coursework in PL theory , program synthesis, category theory , HCI, & the psychology of learning University of Toronto · H.B.Sc, Mathematics & Computer Science · 2019 Graduate coursework in abstract algebra, compilers, & graphics. Advised by Gary Baumgartner INDUSTRY Ķ TODAQ Toronto · Full-stack development in Clojure · 2019 - 2020 (2 years) Built novel front-end interfaces to sharpen the materiality of distributed digital assets . Implemented core back-end features for a decentralized digital asset management protocol SPEAKING Â Accepted speaker at OOPSLA · 2024 · Pasadena · Recorded Talk · Slides Presented Statically Contextualizing Large Language Models with T yped Holes Invited speaker at RacketCon · 2019 · Salt Lake City · Recorded Talk · Slides Introduced Fructure, a prototype structured interaction engine for edit-time term-rewriting Accepted speaker at Midwest PL Summit · 2023 · Ann Arbor · Slides Progress report on type-directed prompt"
aryaman_arora,aryaman_arora_Q1,Personal Information,What is the applicant's full name?,Aryaman Arora,S2_Retrieve_Section,mistralai/Mistral-7B-Instruct-v0.3,"{
  ""predicted_answer"": ""Aryaman Arora"",
  ""rationale"": ""The name 'Aryaman Arora' is repeated multiple times in the provided CV section."",
  ""confidence_score"": 1.0
}",,,,1.4490702152252197,0.00019693374633789062,1.4488732814788818,1228,57,0.0,,,,,,,,E2_QA_Accuracy,". In LAW. [6] Khuyagbaatar Batsuren, Gábor Bella, Aryaman Arora, ..., and Ekaterina Vylomova. 2022. The SIGMORPHON 2022 shared task on morpheme segmentation . In SIGMORPHON. [7] Jordan Kodner, ..,Aryaman Arora, .., and Ekaterina Vylomova. 2022.SIGMORPHON–UniMorph 2022 shared task 0: Generalization and typologically diverse morphological inflection . In SIG- MORPHON. [8] Adam Farris* and Aryaman Arora*. 2021. For the purpose of curry: A UD treebank for Ashokan Prakrit. In UDW, SyntaxFest. [9] Aryaman Arora, Adam Farris, Gopalakrishnan R, and Samopriya Basu. 2021. Bhāṣācitra: Visu- alising the dialect geography of South Asia . In LChange. [10] Aryaman Arora, Nitin Venkateswaran, and Nathan Schneider. 2021. SNACS annotation of case markers and adpositions in Hindi. In SCiL. 2 [11] Michael Kranzlein, Emma Manning, Siyao Peng, Shira Wein, Aryaman Arora, and Nathan Schnei- der. 2020. PASTRIE: A corpus of prepositions annotated with supersense tags in Reddit Interna- tional English . In LAW. Presentations [1] Aryaman Arora. 2023. Investigating induction heads in a small transformer language model. In MASC-SLL, Arlington, VA, USA. [2] Aryaman Arora, Nathan Schneider, and Brett Reynolds. 2022. A CGEL-formalism English tree- bank. In MASC-SLL, Philadelphia, PA, USA. [3] Adam Farris* and Aryaman Arora*. 2022. DIPI: Dependency parsing for Ashokan Prakrit his- torical dialectology. In Towards a comparative historical dialectology: evidence from morphology and syntax, DGfS, Tübingen, Germany. [4] Aryaman Arora and Nathan Schneider. 2020. SNACS annotation of case markers and adposi- tions in Hindi. In SIGTYP. Non-archival extended abstract. Other [1] Aryaman Arora and John R. McIntyre. 2019. Quasi-passive lower and upper extremity robotic exoskeleton for strengthening human locomotion. In Sustainable Innovation. Teaching Teaching Assistant Intro to Comp Science: Python ( COSC 010) Fall 2022 Mentorship Adam Farris Undergrad, Stanford University 2021—2023 Vedant Palit Undergrad, IIT Kharagpur 2023— Kabilan Prasanna High school student 2023— Markus Zhang Undergrad, Stanford University 2023— Service Area Chair, NAACL 2024 Reviewer, LREC-COLING 2024 Program committee SIGTYP 2022, 2023, 2024 EURALI 2024 Shared task co-organiser SIGMORPHON, Morpheme Segmentation 2022 SIGMORPHON–UniMorph, Morphological Inflection 2022, 2023 Tutorial, Information Theory in Linguistics: Methods and Applications (COLING) 2022 Treebank maintainer, Universal Dependencies 2021— Contributor UniMorph 2021— 3 WikiPron 2020— Member, Association for Computational Linguistics 2020— Problemsetter, Panini Linguistics Olympiad 2020 Administrator, English Wiktionary 2017— Awards Barry M. Goldwater Scholarship 2022 U.S. Presidential Scholars Program Candidate 2020 Languages Native: English, Hindi–Urdu Proficient: Mandarin Chinese, Punjabi | Python (PyT orch), C++, JavaScript, R Fieldwork: Kholosi, Dagaare 4"
aryaman_arora,aryaman_arora_Q2,Personal Information,What is the applicant's LinkedIn?,nan,S2_Retrieve_Section,mistralai/Mistral-7B-Instruct-v0.3,"{
  ""predicted_answer"": ""Not found"",
  ""rationale"": ""The provided CV section does not contain any information related to LinkedIn."",
  ""confidence_score"": 1.0
}",,,,1.182352066040039,0.00022077560424804688,1.182131290435791,1228,49,0.0,,,,,,,,E2_QA_Accuracy,". In LAW. [6] Khuyagbaatar Batsuren, Gábor Bella, Aryaman Arora, ..., and Ekaterina Vylomova. 2022. The SIGMORPHON 2022 shared task on morpheme segmentation . In SIGMORPHON. [7] Jordan Kodner, ..,Aryaman Arora, .., and Ekaterina Vylomova. 2022.SIGMORPHON–UniMorph 2022 shared task 0: Generalization and typologically diverse morphological inflection . In SIG- MORPHON. [8] Adam Farris* and Aryaman Arora*. 2021. For the purpose of curry: A UD treebank for Ashokan Prakrit. In UDW, SyntaxFest. [9] Aryaman Arora, Adam Farris, Gopalakrishnan R, and Samopriya Basu. 2021. Bhāṣācitra: Visu- alising the dialect geography of South Asia . In LChange. [10] Aryaman Arora, Nitin Venkateswaran, and Nathan Schneider. 2021. SNACS annotation of case markers and adpositions in Hindi. In SCiL. 2 [11] Michael Kranzlein, Emma Manning, Siyao Peng, Shira Wein, Aryaman Arora, and Nathan Schnei- der. 2020. PASTRIE: A corpus of prepositions annotated with supersense tags in Reddit Interna- tional English . In LAW. Presentations [1] Aryaman Arora. 2023. Investigating induction heads in a small transformer language model. In MASC-SLL, Arlington, VA, USA. [2] Aryaman Arora, Nathan Schneider, and Brett Reynolds. 2022. A CGEL-formalism English tree- bank. In MASC-SLL, Philadelphia, PA, USA. [3] Adam Farris* and Aryaman Arora*. 2022. DIPI: Dependency parsing for Ashokan Prakrit his- torical dialectology. In Towards a comparative historical dialectology: evidence from morphology and syntax, DGfS, Tübingen, Germany. [4] Aryaman Arora and Nathan Schneider. 2020. SNACS annotation of case markers and adposi- tions in Hindi. In SIGTYP. Non-archival extended abstract. Other [1] Aryaman Arora and John R. McIntyre. 2019. Quasi-passive lower and upper extremity robotic exoskeleton for strengthening human locomotion. In Sustainable Innovation. Teaching Teaching Assistant Intro to Comp Science: Python ( COSC 010) Fall 2022 Mentorship Adam Farris Undergrad, Stanford University 2021—2023 Vedant Palit Undergrad, IIT Kharagpur 2023— Kabilan Prasanna High school student 2023— Markus Zhang Undergrad, Stanford University 2023— Service Area Chair, NAACL 2024 Reviewer, LREC-COLING 2024 Program committee SIGTYP 2022, 2023, 2024 EURALI 2024 Shared task co-organiser SIGMORPHON, Morpheme Segmentation 2022 SIGMORPHON–UniMorph, Morphological Inflection 2022, 2023 Tutorial, Information Theory in Linguistics: Methods and Applications (COLING) 2022 Treebank maintainer, Universal Dependencies 2021— Contributor UniMorph 2021— 3 WikiPron 2020— Member, Association for Computational Linguistics 2020— Problemsetter, Panini Linguistics Olympiad 2020 Administrator, English Wiktionary 2017— Awards Barry M. Goldwater Scholarship 2022 U.S. Presidential Scholars Program Candidate 2020 Languages Native: English, Hindi–Urdu Proficient: Mandarin Chinese, Punjabi | Python (PyT orch), C++, JavaScript, R Fieldwork: Kholosi, Dagaare 4"
aryaman_arora,aryaman_arora_Q3,Personal Information,What is the applicant's primary contact number?,nan,S2_Retrieve_Section,mistralai/Mistral-7B-Instruct-v0.3,"{
  ""predicted_answer"": ""Not found"",
  ""rationale"": ""The provided CV section does not contain any contact information."",
  ""confidence_score"": 1.0
}",,,,1.2332937717437744,0.0001766681671142578,1.2331171035766602,1229,46,0.0,,,,,,,,E2_QA_Accuracy,". In LAW. [6] Khuyagbaatar Batsuren, Gábor Bella, Aryaman Arora, ..., and Ekaterina Vylomova. 2022. The SIGMORPHON 2022 shared task on morpheme segmentation . In SIGMORPHON. [7] Jordan Kodner, ..,Aryaman Arora, .., and Ekaterina Vylomova. 2022.SIGMORPHON–UniMorph 2022 shared task 0: Generalization and typologically diverse morphological inflection . In SIG- MORPHON. [8] Adam Farris* and Aryaman Arora*. 2021. For the purpose of curry: A UD treebank for Ashokan Prakrit. In UDW, SyntaxFest. [9] Aryaman Arora, Adam Farris, Gopalakrishnan R, and Samopriya Basu. 2021. Bhāṣācitra: Visu- alising the dialect geography of South Asia . In LChange. [10] Aryaman Arora, Nitin Venkateswaran, and Nathan Schneider. 2021. SNACS annotation of case markers and adpositions in Hindi. In SCiL. 2 [11] Michael Kranzlein, Emma Manning, Siyao Peng, Shira Wein, Aryaman Arora, and Nathan Schnei- der. 2020. PASTRIE: A corpus of prepositions annotated with supersense tags in Reddit Interna- tional English . In LAW. Presentations [1] Aryaman Arora. 2023. Investigating induction heads in a small transformer language model. In MASC-SLL, Arlington, VA, USA. [2] Aryaman Arora, Nathan Schneider, and Brett Reynolds. 2022. A CGEL-formalism English tree- bank. In MASC-SLL, Philadelphia, PA, USA. [3] Adam Farris* and Aryaman Arora*. 2022. DIPI: Dependency parsing for Ashokan Prakrit his- torical dialectology. In Towards a comparative historical dialectology: evidence from morphology and syntax, DGfS, Tübingen, Germany. [4] Aryaman Arora and Nathan Schneider. 2020. SNACS annotation of case markers and adposi- tions in Hindi. In SIGTYP. Non-archival extended abstract. Other [1] Aryaman Arora and John R. McIntyre. 2019. Quasi-passive lower and upper extremity robotic exoskeleton for strengthening human locomotion. In Sustainable Innovation. Teaching Teaching Assistant Intro to Comp Science: Python ( COSC 010) Fall 2022 Mentorship Adam Farris Undergrad, Stanford University 2021—2023 Vedant Palit Undergrad, IIT Kharagpur 2023— Kabilan Prasanna High school student 2023— Markus Zhang Undergrad, Stanford University 2023— Service Area Chair, NAACL 2024 Reviewer, LREC-COLING 2024 Program committee SIGTYP 2022, 2023, 2024 EURALI 2024 Shared task co-organiser SIGMORPHON, Morpheme Segmentation 2022 SIGMORPHON–UniMorph, Morphological Inflection 2022, 2023 Tutorial, Information Theory in Linguistics: Methods and Applications (COLING) 2022 Treebank maintainer, Universal Dependencies 2021— Contributor UniMorph 2021— 3 WikiPron 2020— Member, Association for Computational Linguistics 2020— Problemsetter, Panini Linguistics Olympiad 2020 Administrator, English Wiktionary 2017— Awards Barry M. Goldwater Scholarship 2022 U.S. Presidential Scholars Program Candidate 2020 Languages Native: English, Hindi–Urdu Proficient: Mandarin Chinese, Punjabi | Python (PyT orch), C++, JavaScript, R Fieldwork: Kholosi, Dagaare 4"
aryaman_arora,aryaman_arora_Q4,Personal Information,In which city and country is the applicant currently located?,"Stanford, CA, USA (based on university affiliation)",S2_Retrieve_Section,mistralai/Mistral-7B-Instruct-v0.3,"{
  ""predicted_answer"": ""Not found"",
  ""rationale"": ""The provided CV section does not contain information about the applicant's current location."",
  ""confidence_score"": 1.0
}",,,,1.2411551475524902,0.00023436546325683594,1.2409207820892334,1230,52,0.0,,,,,,,,E2_QA_Accuracy,". In LAW. [6] Khuyagbaatar Batsuren, Gábor Bella, Aryaman Arora, ..., and Ekaterina Vylomova. 2022. The SIGMORPHON 2022 shared task on morpheme segmentation . In SIGMORPHON. [7] Jordan Kodner, ..,Aryaman Arora, .., and Ekaterina Vylomova. 2022.SIGMORPHON–UniMorph 2022 shared task 0: Generalization and typologically diverse morphological inflection . In SIG- MORPHON. [8] Adam Farris* and Aryaman Arora*. 2021. For the purpose of curry: A UD treebank for Ashokan Prakrit. In UDW, SyntaxFest. [9] Aryaman Arora, Adam Farris, Gopalakrishnan R, and Samopriya Basu. 2021. Bhāṣācitra: Visu- alising the dialect geography of South Asia . In LChange. [10] Aryaman Arora, Nitin Venkateswaran, and Nathan Schneider. 2021. SNACS annotation of case markers and adpositions in Hindi. In SCiL. 2 [11] Michael Kranzlein, Emma Manning, Siyao Peng, Shira Wein, Aryaman Arora, and Nathan Schnei- der. 2020. PASTRIE: A corpus of prepositions annotated with supersense tags in Reddit Interna- tional English . In LAW. Presentations [1] Aryaman Arora. 2023. Investigating induction heads in a small transformer language model. In MASC-SLL, Arlington, VA, USA. [2] Aryaman Arora, Nathan Schneider, and Brett Reynolds. 2022. A CGEL-formalism English tree- bank. In MASC-SLL, Philadelphia, PA, USA. [3] Adam Farris* and Aryaman Arora*. 2022. DIPI: Dependency parsing for Ashokan Prakrit his- torical dialectology. In Towards a comparative historical dialectology: evidence from morphology and syntax, DGfS, Tübingen, Germany. [4] Aryaman Arora and Nathan Schneider. 2020. SNACS annotation of case markers and adposi- tions in Hindi. In SIGTYP. Non-archival extended abstract. Other [1] Aryaman Arora and John R. McIntyre. 2019. Quasi-passive lower and upper extremity robotic exoskeleton for strengthening human locomotion. In Sustainable Innovation. Teaching Teaching Assistant Intro to Comp Science: Python ( COSC 010) Fall 2022 Mentorship Adam Farris Undergrad, Stanford University 2021—2023 Vedant Palit Undergrad, IIT Kharagpur 2023— Kabilan Prasanna High school student 2023— Markus Zhang Undergrad, Stanford University 2023— Service Area Chair, NAACL 2024 Reviewer, LREC-COLING 2024 Program committee SIGTYP 2022, 2023, 2024 EURALI 2024 Shared task co-organiser SIGMORPHON, Morpheme Segmentation 2022 SIGMORPHON–UniMorph, Morphological Inflection 2022, 2023 Tutorial, Information Theory in Linguistics: Methods and Applications (COLING) 2022 Treebank maintainer, Universal Dependencies 2021— Contributor UniMorph 2021— 3 WikiPron 2020— Member, Association for Computational Linguistics 2020— Problemsetter, Panini Linguistics Olympiad 2020 Administrator, English Wiktionary 2017— Awards Barry M. Goldwater Scholarship 2022 U.S. Presidential Scholars Program Candidate 2020 Languages Native: English, Hindi–Urdu Proficient: Mandarin Chinese, Punjabi | Python (PyT orch), C++, JavaScript, R Fieldwork: Kholosi, Dagaare 4"
aryaman_arora,aryaman_arora_Q5,Personal Information,Did the applicant provide a brief professional summary or career objective?,"Yes. Ph.D. student in Computer Science focusing on computational linguistics, NLP interpretability, and language diversity.",S2_Retrieve_Section,mistralai/Mistral-7B-Instruct-v0.3,"{
  ""predicted_answer"": ""Not found"",
  ""rationale"": ""The provided CV section does not contain a brief professional summary or career objective."",
  ""confidence_score"": 1.0
}",,,,1.3242583274841309,0.0001785755157470703,1.3240797519683838,1231,50,0.0,,,,,,,,E2_QA_Accuracy,". In LAW. [6] Khuyagbaatar Batsuren, Gábor Bella, Aryaman Arora, ..., and Ekaterina Vylomova. 2022. The SIGMORPHON 2022 shared task on morpheme segmentation . In SIGMORPHON. [7] Jordan Kodner, ..,Aryaman Arora, .., and Ekaterina Vylomova. 2022.SIGMORPHON–UniMorph 2022 shared task 0: Generalization and typologically diverse morphological inflection . In SIG- MORPHON. [8] Adam Farris* and Aryaman Arora*. 2021. For the purpose of curry: A UD treebank for Ashokan Prakrit. In UDW, SyntaxFest. [9] Aryaman Arora, Adam Farris, Gopalakrishnan R, and Samopriya Basu. 2021. Bhāṣācitra: Visu- alising the dialect geography of South Asia . In LChange. [10] Aryaman Arora, Nitin Venkateswaran, and Nathan Schneider. 2021. SNACS annotation of case markers and adpositions in Hindi. In SCiL. 2 [11] Michael Kranzlein, Emma Manning, Siyao Peng, Shira Wein, Aryaman Arora, and Nathan Schnei- der. 2020. PASTRIE: A corpus of prepositions annotated with supersense tags in Reddit Interna- tional English . In LAW. Presentations [1] Aryaman Arora. 2023. Investigating induction heads in a small transformer language model. In MASC-SLL, Arlington, VA, USA. [2] Aryaman Arora, Nathan Schneider, and Brett Reynolds. 2022. A CGEL-formalism English tree- bank. In MASC-SLL, Philadelphia, PA, USA. [3] Adam Farris* and Aryaman Arora*. 2022. DIPI: Dependency parsing for Ashokan Prakrit his- torical dialectology. In Towards a comparative historical dialectology: evidence from morphology and syntax, DGfS, Tübingen, Germany. [4] Aryaman Arora and Nathan Schneider. 2020. SNACS annotation of case markers and adposi- tions in Hindi. In SIGTYP. Non-archival extended abstract. Other [1] Aryaman Arora and John R. McIntyre. 2019. Quasi-passive lower and upper extremity robotic exoskeleton for strengthening human locomotion. In Sustainable Innovation. Teaching Teaching Assistant Intro to Comp Science: Python ( COSC 010) Fall 2022 Mentorship Adam Farris Undergrad, Stanford University 2021—2023 Vedant Palit Undergrad, IIT Kharagpur 2023— Kabilan Prasanna High school student 2023— Markus Zhang Undergrad, Stanford University 2023— Service Area Chair, NAACL 2024 Reviewer, LREC-COLING 2024 Program committee SIGTYP 2022, 2023, 2024 EURALI 2024 Shared task co-organiser SIGMORPHON, Morpheme Segmentation 2022 SIGMORPHON–UniMorph, Morphological Inflection 2022, 2023 Tutorial, Information Theory in Linguistics: Methods and Applications (COLING) 2022 Treebank maintainer, Universal Dependencies 2021— Contributor UniMorph 2021— 3 WikiPron 2020— Member, Association for Computational Linguistics 2020— Problemsetter, Panini Linguistics Olympiad 2020 Administrator, English Wiktionary 2017— Awards Barry M. Goldwater Scholarship 2022 U.S. Presidential Scholars Program Candidate 2020 Languages Native: English, Hindi–Urdu Proficient: Mandarin Chinese, Punjabi | Python (PyT orch), C++, JavaScript, R Fieldwork: Kholosi, Dagaare 4"
aryaman_arora,aryaman_arora_Q6,Education,What is the highest level of education the applicant has completed?,Ph.D. in Computer Science (in progress),S2_Retrieve_Section,mistralai/Mistral-7B-Instruct-v0.3,"{
  ""predicted_answer"": ""Ph.D., Computer Science"",
  ""rationale"": ""The highest degree listed in the education section is a Ph.D. in Computer Science."",
  ""confidence_score"": 1.0
}",,,,1.397373914718628,0.0001785755157470703,1.3971953392028809,1558,57,0.0,,,,,,,,E2_QA_Accuracy,"Aryaman Arora î aryaman.io DEPARTMENT OF COMPUTER SCIENCE ć aryamana@stanford.edu STANFORD UNIVERSITY _ aryaman2020 Education Stanford University, Stanford, CA 2023— Ph.D., Computer Science Advisors: Dan Jurafsky, Christopher Potts Georgetown University, Washington, D.C. 2020—2023 B.S., Computer Science GPA: 3.796 B.A., Linguistics Experience Georgetown University, Washington, D.C. Aug. 2019—Sep. 2023 Undergraduate Researcher, NERT (Nathan Schneider) Redwood Research, Berkeley, CA Winter 2022 Research Resident Apple, Seattle, WA Summer 2022 AI/ML Intern, Siri Natural Language (Robert Daland) ETH Zürich, Zürich, Switzerland Summer 2021 Research Intern, Rycolab (Ryan Cotterell) Publications Preprints [1] Zhengxuan Wu, Atticus Geiger, Aryaman Arora, Jing Huang, Zheng Wang, Noah D. Goodman, Christopher D. Manning, and Christopher Potts. 2024. pyvene: A library for understanding and improving PyT orch models via interventions. arXiv:2403.07809. Updated 2024-03-12. [2] Aryaman Arora, Dan Jurafsky, and Christopher Potts. 2024. CausalGym: Benchmarking causal interpretability methods on linguistic tasks. arXiv:2402.12560. Updated 2024-02-19. [3] Zhengxuan Wu, Atticus Geiger, Jing Huang, Aryaman Arora, Thomas Icard, Christopher Potts, and Noah D. Goodman. 2024. A reply to Makelov et al. (2023)’s “interpretability illusion” argu- ments. arXiv:2401.12631. Updated 2024-01-23. [4] Nicholas Goldowsky-Dill, Chris MacLeod, Lucas Sato, and Aryaman Arora. 2023. Localizing model behavior with path patching. arXiv:2304.05969. Updated 2023-05-16. [5] Brett Reynolds, Aryaman Arora, and Nathan Schneider. 2022. CGELBank: CGEL as a frame- work for English syntax annotation . arXiv:2210.00394. Updated 2022-10-01. [6] Aryaman Arora and Ahmed Etebari. 2021. Kholosi Dictionary. Updated 2021-04-13. 1 Conferences [1] Kabilan Prasanna and Aryaman Arora. 2024. IruMozhi: Automatically classifying diglossia in Tamil. Findings of NAACL. [2] Khuyagbaatar Batsuren*, Omer Goldman*, ...,Aryaman Arora, ..., and Ekaterina Vylomova. 2022. UniMorph 4.0: Universal Morphology . In LREC. [3] Aryaman Arora. 2022. Universal Dependencies for Punjabi . In LREC. [4] Aryaman Arora, Nitin Venkateswaran, and Nathan Schneider. 2022. MASALA: Modelling and analysing the semantics of adpositions in linguistic annotation of Hindi. In LREC. [5] Aryaman Arora, Clara Isabel Meister, and Ryan Cotterell. 2022. Estimating the entropy of lin- guistic distributions. In ACL. [6] Aryaman Arora, Adam Farris, Samopriya Basu, and Suresh Kolichala. 2022. Computational historical linguistics and language diversity in South Asia . In ACL. [7] Aryaman Arora, Luke Gessler, and Nathan Schneider. 2020. Supervised grapheme-to-phoneme conversion of orthographic schwas in Hindi and Punjabi . In ACL. Workshops [1] Nay San, Georgios Paraskevopoulos, Aryaman Arora, Xiluo He, Prabhjot Kaur, Oliver Adams, and Dan Jurafsky. 2024. Predicting positive transfer for improved low-resource speech recogni- tion using acoustic pseudo-tokens. In SIGTYP. [2] Vedant Palit*, Rohan Pandey*, Aryaman Arora, and Paul Pu Liang. 2023.T owards vision-language mechanistic interpretability: A causal tracing tool for BLIP . In 5th Workshop on Closing the Loop Between Vision and Language. [3] Omer Goldman, Khuyagbaatar Batsuren, Salam Khalifa, Aryaman Arora, Garrett Nicolai, Reut Tsarfaty, and Ekaterina Vylomova. 2023. SIGMORPHON–UniMorph 2023 shared task 0: Typo- logically diverse morphological inflection. In SIGMORPHON. [4] Aryaman Arora, Adam Farris, Samopriya Basu, and Suresh Kolichala. 2023. Jambu: A historical linguistic database for South Asian languages . In SIGMORPHON. [5] Brett Reynolds, Aryaman Arora, and Nathan Schneider. 2023. Unified syntactic annotation of English in the CGEL framework"
aryaman_arora,aryaman_arora_Q7,Education,Which institutions did the applicant attend?,Stanford University; Georgetown University,S2_Retrieve_Section,mistralai/Mistral-7B-Instruct-v0.3,"{
  ""predicted_answer"": [""Stanford University"", ""Georgetown University""],
  ""rationale"": ""The provided CV section mentions two universities that the applicant attended: Stanford University for their Ph.D. in Computer Science and Georgetown University for their B.S. in Computer Science and B.A. in Linguistics."",
  ""confidence_score"": 1.0
}",,,,2.26350736618042,0.0002028942108154297,2.2633044719696045,1553,94,0.0,,,,,,,,E2_QA_Accuracy,"Aryaman Arora î aryaman.io DEPARTMENT OF COMPUTER SCIENCE ć aryamana@stanford.edu STANFORD UNIVERSITY _ aryaman2020 Education Stanford University, Stanford, CA 2023— Ph.D., Computer Science Advisors: Dan Jurafsky, Christopher Potts Georgetown University, Washington, D.C. 2020—2023 B.S., Computer Science GPA: 3.796 B.A., Linguistics Experience Georgetown University, Washington, D.C. Aug. 2019—Sep. 2023 Undergraduate Researcher, NERT (Nathan Schneider) Redwood Research, Berkeley, CA Winter 2022 Research Resident Apple, Seattle, WA Summer 2022 AI/ML Intern, Siri Natural Language (Robert Daland) ETH Zürich, Zürich, Switzerland Summer 2021 Research Intern, Rycolab (Ryan Cotterell) Publications Preprints [1] Zhengxuan Wu, Atticus Geiger, Aryaman Arora, Jing Huang, Zheng Wang, Noah D. Goodman, Christopher D. Manning, and Christopher Potts. 2024. pyvene: A library for understanding and improving PyT orch models via interventions. arXiv:2403.07809. Updated 2024-03-12. [2] Aryaman Arora, Dan Jurafsky, and Christopher Potts. 2024. CausalGym: Benchmarking causal interpretability methods on linguistic tasks. arXiv:2402.12560. Updated 2024-02-19. [3] Zhengxuan Wu, Atticus Geiger, Jing Huang, Aryaman Arora, Thomas Icard, Christopher Potts, and Noah D. Goodman. 2024. A reply to Makelov et al. (2023)’s “interpretability illusion” argu- ments. arXiv:2401.12631. Updated 2024-01-23. [4] Nicholas Goldowsky-Dill, Chris MacLeod, Lucas Sato, and Aryaman Arora. 2023. Localizing model behavior with path patching. arXiv:2304.05969. Updated 2023-05-16. [5] Brett Reynolds, Aryaman Arora, and Nathan Schneider. 2022. CGELBank: CGEL as a frame- work for English syntax annotation . arXiv:2210.00394. Updated 2022-10-01. [6] Aryaman Arora and Ahmed Etebari. 2021. Kholosi Dictionary. Updated 2021-04-13. 1 Conferences [1] Kabilan Prasanna and Aryaman Arora. 2024. IruMozhi: Automatically classifying diglossia in Tamil. Findings of NAACL. [2] Khuyagbaatar Batsuren*, Omer Goldman*, ...,Aryaman Arora, ..., and Ekaterina Vylomova. 2022. UniMorph 4.0: Universal Morphology . In LREC. [3] Aryaman Arora. 2022. Universal Dependencies for Punjabi . In LREC. [4] Aryaman Arora, Nitin Venkateswaran, and Nathan Schneider. 2022. MASALA: Modelling and analysing the semantics of adpositions in linguistic annotation of Hindi. In LREC. [5] Aryaman Arora, Clara Isabel Meister, and Ryan Cotterell. 2022. Estimating the entropy of lin- guistic distributions. In ACL. [6] Aryaman Arora, Adam Farris, Samopriya Basu, and Suresh Kolichala. 2022. Computational historical linguistics and language diversity in South Asia . In ACL. [7] Aryaman Arora, Luke Gessler, and Nathan Schneider. 2020. Supervised grapheme-to-phoneme conversion of orthographic schwas in Hindi and Punjabi . In ACL. Workshops [1] Nay San, Georgios Paraskevopoulos, Aryaman Arora, Xiluo He, Prabhjot Kaur, Oliver Adams, and Dan Jurafsky. 2024. Predicting positive transfer for improved low-resource speech recogni- tion using acoustic pseudo-tokens. In SIGTYP. [2] Vedant Palit*, Rohan Pandey*, Aryaman Arora, and Paul Pu Liang. 2023.T owards vision-language mechanistic interpretability: A causal tracing tool for BLIP . In 5th Workshop on Closing the Loop Between Vision and Language. [3] Omer Goldman, Khuyagbaatar Batsuren, Salam Khalifa, Aryaman Arora, Garrett Nicolai, Reut Tsarfaty, and Ekaterina Vylomova. 2023. SIGMORPHON–UniMorph 2023 shared task 0: Typo- logically diverse morphological inflection. In SIGMORPHON. [4] Aryaman Arora, Adam Farris, Samopriya Basu, and Suresh Kolichala. 2023. Jambu: A historical linguistic database for South Asian languages . In SIGMORPHON. [5] Brett Reynolds, Aryaman Arora, and Nathan Schneider. 2023. Unified syntactic annotation of English in the CGEL framework"
aryaman_arora,aryaman_arora_Q8,Education,What is the applicant's score or GPA for his highest level of education?,nan,S2_Retrieve_Section,mistralai/Mistral-7B-Instruct-v0.3,"{
  ""predicted_answer"": ""3.796"",
  ""rationale"": ""The GPA is listed as 3.796 in the Education section."",
  ""confidence_score"": 1.0
}",,,,1.4647438526153564,0.00019788742065429688,1.4645459651947021,1563,55,0.0,,,,,,,,E2_QA_Accuracy,"Aryaman Arora î aryaman.io DEPARTMENT OF COMPUTER SCIENCE ć aryamana@stanford.edu STANFORD UNIVERSITY _ aryaman2020 Education Stanford University, Stanford, CA 2023— Ph.D., Computer Science Advisors: Dan Jurafsky, Christopher Potts Georgetown University, Washington, D.C. 2020—2023 B.S., Computer Science GPA: 3.796 B.A., Linguistics Experience Georgetown University, Washington, D.C. Aug. 2019—Sep. 2023 Undergraduate Researcher, NERT (Nathan Schneider) Redwood Research, Berkeley, CA Winter 2022 Research Resident Apple, Seattle, WA Summer 2022 AI/ML Intern, Siri Natural Language (Robert Daland) ETH Zürich, Zürich, Switzerland Summer 2021 Research Intern, Rycolab (Ryan Cotterell) Publications Preprints [1] Zhengxuan Wu, Atticus Geiger, Aryaman Arora, Jing Huang, Zheng Wang, Noah D. Goodman, Christopher D. Manning, and Christopher Potts. 2024. pyvene: A library for understanding and improving PyT orch models via interventions. arXiv:2403.07809. Updated 2024-03-12. [2] Aryaman Arora, Dan Jurafsky, and Christopher Potts. 2024. CausalGym: Benchmarking causal interpretability methods on linguistic tasks. arXiv:2402.12560. Updated 2024-02-19. [3] Zhengxuan Wu, Atticus Geiger, Jing Huang, Aryaman Arora, Thomas Icard, Christopher Potts, and Noah D. Goodman. 2024. A reply to Makelov et al. (2023)’s “interpretability illusion” argu- ments. arXiv:2401.12631. Updated 2024-01-23. [4] Nicholas Goldowsky-Dill, Chris MacLeod, Lucas Sato, and Aryaman Arora. 2023. Localizing model behavior with path patching. arXiv:2304.05969. Updated 2023-05-16. [5] Brett Reynolds, Aryaman Arora, and Nathan Schneider. 2022. CGELBank: CGEL as a frame- work for English syntax annotation . arXiv:2210.00394. Updated 2022-10-01. [6] Aryaman Arora and Ahmed Etebari. 2021. Kholosi Dictionary. Updated 2021-04-13. 1 Conferences [1] Kabilan Prasanna and Aryaman Arora. 2024. IruMozhi: Automatically classifying diglossia in Tamil. Findings of NAACL. [2] Khuyagbaatar Batsuren*, Omer Goldman*, ...,Aryaman Arora, ..., and Ekaterina Vylomova. 2022. UniMorph 4.0: Universal Morphology . In LREC. [3] Aryaman Arora. 2022. Universal Dependencies for Punjabi . In LREC. [4] Aryaman Arora, Nitin Venkateswaran, and Nathan Schneider. 2022. MASALA: Modelling and analysing the semantics of adpositions in linguistic annotation of Hindi. In LREC. [5] Aryaman Arora, Clara Isabel Meister, and Ryan Cotterell. 2022. Estimating the entropy of lin- guistic distributions. In ACL. [6] Aryaman Arora, Adam Farris, Samopriya Basu, and Suresh Kolichala. 2022. Computational historical linguistics and language diversity in South Asia . In ACL. [7] Aryaman Arora, Luke Gessler, and Nathan Schneider. 2020. Supervised grapheme-to-phoneme conversion of orthographic schwas in Hindi and Punjabi . In ACL. Workshops [1] Nay San, Georgios Paraskevopoulos, Aryaman Arora, Xiluo He, Prabhjot Kaur, Oliver Adams, and Dan Jurafsky. 2024. Predicting positive transfer for improved low-resource speech recogni- tion using acoustic pseudo-tokens. In SIGTYP. [2] Vedant Palit*, Rohan Pandey*, Aryaman Arora, and Paul Pu Liang. 2023.T owards vision-language mechanistic interpretability: A causal tracing tool for BLIP . In 5th Workshop on Closing the Loop Between Vision and Language. [3] Omer Goldman, Khuyagbaatar Batsuren, Salam Khalifa, Aryaman Arora, Garrett Nicolai, Reut Tsarfaty, and Ekaterina Vylomova. 2023. SIGMORPHON–UniMorph 2023 shared task 0: Typo- logically diverse morphological inflection. In SIGMORPHON. [4] Aryaman Arora, Adam Farris, Samopriya Basu, and Suresh Kolichala. 2023. Jambu: A historical linguistic database for South Asian languages . In SIGMORPHON. [5] Brett Reynolds, Aryaman Arora, and Nathan Schneider. 2023. Unified syntactic annotation of English in the CGEL framework"
aryaman_arora,aryaman_arora_Q9,Education,What was the applicant's field of study or major?,"Computer Science (Major), Linguistics (Major)",S2_Retrieve_Section,mistralai/Mistral-7B-Instruct-v0.3,"{
  ""predicted_answer"": ""Computer Science"",
  ""rationale"": ""The applicant's field of study or major is mentioned as 'Computer Science' in the CV section."",
  ""confidence_score"": 1.0
}",,,,1.4482970237731934,0.0001842975616455078,1.4481127262115479,1558,59,0.0,,,,,,,,E2_QA_Accuracy,"Aryaman Arora î aryaman.io DEPARTMENT OF COMPUTER SCIENCE ć aryamana@stanford.edu STANFORD UNIVERSITY _ aryaman2020 Education Stanford University, Stanford, CA 2023— Ph.D., Computer Science Advisors: Dan Jurafsky, Christopher Potts Georgetown University, Washington, D.C. 2020—2023 B.S., Computer Science GPA: 3.796 B.A., Linguistics Experience Georgetown University, Washington, D.C. Aug. 2019—Sep. 2023 Undergraduate Researcher, NERT (Nathan Schneider) Redwood Research, Berkeley, CA Winter 2022 Research Resident Apple, Seattle, WA Summer 2022 AI/ML Intern, Siri Natural Language (Robert Daland) ETH Zürich, Zürich, Switzerland Summer 2021 Research Intern, Rycolab (Ryan Cotterell) Publications Preprints [1] Zhengxuan Wu, Atticus Geiger, Aryaman Arora, Jing Huang, Zheng Wang, Noah D. Goodman, Christopher D. Manning, and Christopher Potts. 2024. pyvene: A library for understanding and improving PyT orch models via interventions. arXiv:2403.07809. Updated 2024-03-12. [2] Aryaman Arora, Dan Jurafsky, and Christopher Potts. 2024. CausalGym: Benchmarking causal interpretability methods on linguistic tasks. arXiv:2402.12560. Updated 2024-02-19. [3] Zhengxuan Wu, Atticus Geiger, Jing Huang, Aryaman Arora, Thomas Icard, Christopher Potts, and Noah D. Goodman. 2024. A reply to Makelov et al. (2023)’s “interpretability illusion” argu- ments. arXiv:2401.12631. Updated 2024-01-23. [4] Nicholas Goldowsky-Dill, Chris MacLeod, Lucas Sato, and Aryaman Arora. 2023. Localizing model behavior with path patching. arXiv:2304.05969. Updated 2023-05-16. [5] Brett Reynolds, Aryaman Arora, and Nathan Schneider. 2022. CGELBank: CGEL as a frame- work for English syntax annotation . arXiv:2210.00394. Updated 2022-10-01. [6] Aryaman Arora and Ahmed Etebari. 2021. Kholosi Dictionary. Updated 2021-04-13. 1 Conferences [1] Kabilan Prasanna and Aryaman Arora. 2024. IruMozhi: Automatically classifying diglossia in Tamil. Findings of NAACL. [2] Khuyagbaatar Batsuren*, Omer Goldman*, ...,Aryaman Arora, ..., and Ekaterina Vylomova. 2022. UniMorph 4.0: Universal Morphology . In LREC. [3] Aryaman Arora. 2022. Universal Dependencies for Punjabi . In LREC. [4] Aryaman Arora, Nitin Venkateswaran, and Nathan Schneider. 2022. MASALA: Modelling and analysing the semantics of adpositions in linguistic annotation of Hindi. In LREC. [5] Aryaman Arora, Clara Isabel Meister, and Ryan Cotterell. 2022. Estimating the entropy of lin- guistic distributions. In ACL. [6] Aryaman Arora, Adam Farris, Samopriya Basu, and Suresh Kolichala. 2022. Computational historical linguistics and language diversity in South Asia . In ACL. [7] Aryaman Arora, Luke Gessler, and Nathan Schneider. 2020. Supervised grapheme-to-phoneme conversion of orthographic schwas in Hindi and Punjabi . In ACL. Workshops [1] Nay San, Georgios Paraskevopoulos, Aryaman Arora, Xiluo He, Prabhjot Kaur, Oliver Adams, and Dan Jurafsky. 2024. Predicting positive transfer for improved low-resource speech recogni- tion using acoustic pseudo-tokens. In SIGTYP. [2] Vedant Palit*, Rohan Pandey*, Aryaman Arora, and Paul Pu Liang. 2023.T owards vision-language mechanistic interpretability: A causal tracing tool for BLIP . In 5th Workshop on Closing the Loop Between Vision and Language. [3] Omer Goldman, Khuyagbaatar Batsuren, Salam Khalifa, Aryaman Arora, Garrett Nicolai, Reut Tsarfaty, and Ekaterina Vylomova. 2023. SIGMORPHON–UniMorph 2023 shared task 0: Typo- logically diverse morphological inflection. In SIGMORPHON. [4] Aryaman Arora, Adam Farris, Samopriya Basu, and Suresh Kolichala. 2023. Jambu: A historical linguistic database for South Asian languages . In SIGMORPHON. [5] Brett Reynolds, Aryaman Arora, and Nathan Schneider. 2023. Unified syntactic annotation of English in the CGEL framework"
aryaman_arora,aryaman_arora_Q10,Professional Experience,What is the name of the applicant's current (or most recent) employer?,Stanford University (as Ph.D. student/researcher),S2_Retrieve_Section,mistralai/Mistral-7B-Instruct-v0.3,"{
  ""predicted_answer"": ""Not found"",
  ""rationale"": ""The provided CV section does not contain information about the applicant's current or most recent employer."",
  ""confidence_score"": 1.0
}",,,,1.4368603229522705,0.00018334388732910156,1.4366769790649414,1563,55,0.0,,,,,,,,E2_QA_Accuracy,"Aryaman Arora î aryaman.io DEPARTMENT OF COMPUTER SCIENCE ć aryamana@stanford.edu STANFORD UNIVERSITY _ aryaman2020 Education Stanford University, Stanford, CA 2023— Ph.D., Computer Science Advisors: Dan Jurafsky, Christopher Potts Georgetown University, Washington, D.C. 2020—2023 B.S., Computer Science GPA: 3.796 B.A., Linguistics Experience Georgetown University, Washington, D.C. Aug. 2019—Sep. 2023 Undergraduate Researcher, NERT (Nathan Schneider) Redwood Research, Berkeley, CA Winter 2022 Research Resident Apple, Seattle, WA Summer 2022 AI/ML Intern, Siri Natural Language (Robert Daland) ETH Zürich, Zürich, Switzerland Summer 2021 Research Intern, Rycolab (Ryan Cotterell) Publications Preprints [1] Zhengxuan Wu, Atticus Geiger, Aryaman Arora, Jing Huang, Zheng Wang, Noah D. Goodman, Christopher D. Manning, and Christopher Potts. 2024. pyvene: A library for understanding and improving PyT orch models via interventions. arXiv:2403.07809. Updated 2024-03-12. [2] Aryaman Arora, Dan Jurafsky, and Christopher Potts. 2024. CausalGym: Benchmarking causal interpretability methods on linguistic tasks. arXiv:2402.12560. Updated 2024-02-19. [3] Zhengxuan Wu, Atticus Geiger, Jing Huang, Aryaman Arora, Thomas Icard, Christopher Potts, and Noah D. Goodman. 2024. A reply to Makelov et al. (2023)’s “interpretability illusion” argu- ments. arXiv:2401.12631. Updated 2024-01-23. [4] Nicholas Goldowsky-Dill, Chris MacLeod, Lucas Sato, and Aryaman Arora. 2023. Localizing model behavior with path patching. arXiv:2304.05969. Updated 2023-05-16. [5] Brett Reynolds, Aryaman Arora, and Nathan Schneider. 2022. CGELBank: CGEL as a frame- work for English syntax annotation . arXiv:2210.00394. Updated 2022-10-01. [6] Aryaman Arora and Ahmed Etebari. 2021. Kholosi Dictionary. Updated 2021-04-13. 1 Conferences [1] Kabilan Prasanna and Aryaman Arora. 2024. IruMozhi: Automatically classifying diglossia in Tamil. Findings of NAACL. [2] Khuyagbaatar Batsuren*, Omer Goldman*, ...,Aryaman Arora, ..., and Ekaterina Vylomova. 2022. UniMorph 4.0: Universal Morphology . In LREC. [3] Aryaman Arora. 2022. Universal Dependencies for Punjabi . In LREC. [4] Aryaman Arora, Nitin Venkateswaran, and Nathan Schneider. 2022. MASALA: Modelling and analysing the semantics of adpositions in linguistic annotation of Hindi. In LREC. [5] Aryaman Arora, Clara Isabel Meister, and Ryan Cotterell. 2022. Estimating the entropy of lin- guistic distributions. In ACL. [6] Aryaman Arora, Adam Farris, Samopriya Basu, and Suresh Kolichala. 2022. Computational historical linguistics and language diversity in South Asia . In ACL. [7] Aryaman Arora, Luke Gessler, and Nathan Schneider. 2020. Supervised grapheme-to-phoneme conversion of orthographic schwas in Hindi and Punjabi . In ACL. Workshops [1] Nay San, Georgios Paraskevopoulos, Aryaman Arora, Xiluo He, Prabhjot Kaur, Oliver Adams, and Dan Jurafsky. 2024. Predicting positive transfer for improved low-resource speech recogni- tion using acoustic pseudo-tokens. In SIGTYP. [2] Vedant Palit*, Rohan Pandey*, Aryaman Arora, and Paul Pu Liang. 2023.T owards vision-language mechanistic interpretability: A causal tracing tool for BLIP . In 5th Workshop on Closing the Loop Between Vision and Language. [3] Omer Goldman, Khuyagbaatar Batsuren, Salam Khalifa, Aryaman Arora, Garrett Nicolai, Reut Tsarfaty, and Ekaterina Vylomova. 2023. SIGMORPHON–UniMorph 2023 shared task 0: Typo- logically diverse morphological inflection. In SIGMORPHON. [4] Aryaman Arora, Adam Farris, Samopriya Basu, and Suresh Kolichala. 2023. Jambu: A historical linguistic database for South Asian languages . In SIGMORPHON. [5] Brett Reynolds, Aryaman Arora, and Nathan Schneider. 2023. Unified syntactic annotation of English in the CGEL framework"
aryaman_arora,aryaman_arora_Q11,Professional Experience,What is the applicant's job title in the most recent role?,Ph.D. Student / Researcher,S2_Retrieve_Section,mistralai/Mistral-7B-Instruct-v0.3,"{
  ""predicted_answer"": ""AI/ML Intern"",
  ""rationale"": ""The applicant's most recent role is mentioned as 'AI/ML Intern' in the 'Experience' section."",
  ""confidence_score"": 1.0
}",,,,1.5864384174346924,0.00020885467529296875,1.5862295627593994,1560,62,0.0,,,,,,,,E2_QA_Accuracy,"Aryaman Arora î aryaman.io DEPARTMENT OF COMPUTER SCIENCE ć aryamana@stanford.edu STANFORD UNIVERSITY _ aryaman2020 Education Stanford University, Stanford, CA 2023— Ph.D., Computer Science Advisors: Dan Jurafsky, Christopher Potts Georgetown University, Washington, D.C. 2020—2023 B.S., Computer Science GPA: 3.796 B.A., Linguistics Experience Georgetown University, Washington, D.C. Aug. 2019—Sep. 2023 Undergraduate Researcher, NERT (Nathan Schneider) Redwood Research, Berkeley, CA Winter 2022 Research Resident Apple, Seattle, WA Summer 2022 AI/ML Intern, Siri Natural Language (Robert Daland) ETH Zürich, Zürich, Switzerland Summer 2021 Research Intern, Rycolab (Ryan Cotterell) Publications Preprints [1] Zhengxuan Wu, Atticus Geiger, Aryaman Arora, Jing Huang, Zheng Wang, Noah D. Goodman, Christopher D. Manning, and Christopher Potts. 2024. pyvene: A library for understanding and improving PyT orch models via interventions. arXiv:2403.07809. Updated 2024-03-12. [2] Aryaman Arora, Dan Jurafsky, and Christopher Potts. 2024. CausalGym: Benchmarking causal interpretability methods on linguistic tasks. arXiv:2402.12560. Updated 2024-02-19. [3] Zhengxuan Wu, Atticus Geiger, Jing Huang, Aryaman Arora, Thomas Icard, Christopher Potts, and Noah D. Goodman. 2024. A reply to Makelov et al. (2023)’s “interpretability illusion” argu- ments. arXiv:2401.12631. Updated 2024-01-23. [4] Nicholas Goldowsky-Dill, Chris MacLeod, Lucas Sato, and Aryaman Arora. 2023. Localizing model behavior with path patching. arXiv:2304.05969. Updated 2023-05-16. [5] Brett Reynolds, Aryaman Arora, and Nathan Schneider. 2022. CGELBank: CGEL as a frame- work for English syntax annotation . arXiv:2210.00394. Updated 2022-10-01. [6] Aryaman Arora and Ahmed Etebari. 2021. Kholosi Dictionary. Updated 2021-04-13. 1 Conferences [1] Kabilan Prasanna and Aryaman Arora. 2024. IruMozhi: Automatically classifying diglossia in Tamil. Findings of NAACL. [2] Khuyagbaatar Batsuren*, Omer Goldman*, ...,Aryaman Arora, ..., and Ekaterina Vylomova. 2022. UniMorph 4.0: Universal Morphology . In LREC. [3] Aryaman Arora. 2022. Universal Dependencies for Punjabi . In LREC. [4] Aryaman Arora, Nitin Venkateswaran, and Nathan Schneider. 2022. MASALA: Modelling and analysing the semantics of adpositions in linguistic annotation of Hindi. In LREC. [5] Aryaman Arora, Clara Isabel Meister, and Ryan Cotterell. 2022. Estimating the entropy of lin- guistic distributions. In ACL. [6] Aryaman Arora, Adam Farris, Samopriya Basu, and Suresh Kolichala. 2022. Computational historical linguistics and language diversity in South Asia . In ACL. [7] Aryaman Arora, Luke Gessler, and Nathan Schneider. 2020. Supervised grapheme-to-phoneme conversion of orthographic schwas in Hindi and Punjabi . In ACL. Workshops [1] Nay San, Georgios Paraskevopoulos, Aryaman Arora, Xiluo He, Prabhjot Kaur, Oliver Adams, and Dan Jurafsky. 2024. Predicting positive transfer for improved low-resource speech recogni- tion using acoustic pseudo-tokens. In SIGTYP. [2] Vedant Palit*, Rohan Pandey*, Aryaman Arora, and Paul Pu Liang. 2023.T owards vision-language mechanistic interpretability: A causal tracing tool for BLIP . In 5th Workshop on Closing the Loop Between Vision and Language. [3] Omer Goldman, Khuyagbaatar Batsuren, Salam Khalifa, Aryaman Arora, Garrett Nicolai, Reut Tsarfaty, and Ekaterina Vylomova. 2023. SIGMORPHON–UniMorph 2023 shared task 0: Typo- logically diverse morphological inflection. In SIGMORPHON. [4] Aryaman Arora, Adam Farris, Samopriya Basu, and Suresh Kolichala. 2023. Jambu: A historical linguistic database for South Asian languages . In SIGMORPHON. [5] Brett Reynolds, Aryaman Arora, and Nathan Schneider. 2023. Unified syntactic annotation of English in the CGEL framework"
aryaman_arora,aryaman_arora_Q12,Professional Experience,How many years of experience does the applicant have?,Research experience since at least 2020 (~4+ years),S2_Retrieve_Section,mistralai/Mistral-7B-Instruct-v0.3,"{
  ""predicted_answer"": ""3"",
  ""rationale"": ""The applicant has 3 years of experience as stated in the 'Experience' section."",
  ""confidence_score"": 1.0
}",,,,1.314903974533081,0.0001819133758544922,1.3147220611572266,1556,53,0.0,,,,,,,,E2_QA_Accuracy,"Aryaman Arora î aryaman.io DEPARTMENT OF COMPUTER SCIENCE ć aryamana@stanford.edu STANFORD UNIVERSITY _ aryaman2020 Education Stanford University, Stanford, CA 2023— Ph.D., Computer Science Advisors: Dan Jurafsky, Christopher Potts Georgetown University, Washington, D.C. 2020—2023 B.S., Computer Science GPA: 3.796 B.A., Linguistics Experience Georgetown University, Washington, D.C. Aug. 2019—Sep. 2023 Undergraduate Researcher, NERT (Nathan Schneider) Redwood Research, Berkeley, CA Winter 2022 Research Resident Apple, Seattle, WA Summer 2022 AI/ML Intern, Siri Natural Language (Robert Daland) ETH Zürich, Zürich, Switzerland Summer 2021 Research Intern, Rycolab (Ryan Cotterell) Publications Preprints [1] Zhengxuan Wu, Atticus Geiger, Aryaman Arora, Jing Huang, Zheng Wang, Noah D. Goodman, Christopher D. Manning, and Christopher Potts. 2024. pyvene: A library for understanding and improving PyT orch models via interventions. arXiv:2403.07809. Updated 2024-03-12. [2] Aryaman Arora, Dan Jurafsky, and Christopher Potts. 2024. CausalGym: Benchmarking causal interpretability methods on linguistic tasks. arXiv:2402.12560. Updated 2024-02-19. [3] Zhengxuan Wu, Atticus Geiger, Jing Huang, Aryaman Arora, Thomas Icard, Christopher Potts, and Noah D. Goodman. 2024. A reply to Makelov et al. (2023)’s “interpretability illusion” argu- ments. arXiv:2401.12631. Updated 2024-01-23. [4] Nicholas Goldowsky-Dill, Chris MacLeod, Lucas Sato, and Aryaman Arora. 2023. Localizing model behavior with path patching. arXiv:2304.05969. Updated 2023-05-16. [5] Brett Reynolds, Aryaman Arora, and Nathan Schneider. 2022. CGELBank: CGEL as a frame- work for English syntax annotation . arXiv:2210.00394. Updated 2022-10-01. [6] Aryaman Arora and Ahmed Etebari. 2021. Kholosi Dictionary. Updated 2021-04-13. 1 Conferences [1] Kabilan Prasanna and Aryaman Arora. 2024. IruMozhi: Automatically classifying diglossia in Tamil. Findings of NAACL. [2] Khuyagbaatar Batsuren*, Omer Goldman*, ...,Aryaman Arora, ..., and Ekaterina Vylomova. 2022. UniMorph 4.0: Universal Morphology . In LREC. [3] Aryaman Arora. 2022. Universal Dependencies for Punjabi . In LREC. [4] Aryaman Arora, Nitin Venkateswaran, and Nathan Schneider. 2022. MASALA: Modelling and analysing the semantics of adpositions in linguistic annotation of Hindi. In LREC. [5] Aryaman Arora, Clara Isabel Meister, and Ryan Cotterell. 2022. Estimating the entropy of lin- guistic distributions. In ACL. [6] Aryaman Arora, Adam Farris, Samopriya Basu, and Suresh Kolichala. 2022. Computational historical linguistics and language diversity in South Asia . In ACL. [7] Aryaman Arora, Luke Gessler, and Nathan Schneider. 2020. Supervised grapheme-to-phoneme conversion of orthographic schwas in Hindi and Punjabi . In ACL. Workshops [1] Nay San, Georgios Paraskevopoulos, Aryaman Arora, Xiluo He, Prabhjot Kaur, Oliver Adams, and Dan Jurafsky. 2024. Predicting positive transfer for improved low-resource speech recogni- tion using acoustic pseudo-tokens. In SIGTYP. [2] Vedant Palit*, Rohan Pandey*, Aryaman Arora, and Paul Pu Liang. 2023.T owards vision-language mechanistic interpretability: A causal tracing tool for BLIP . In 5th Workshop on Closing the Loop Between Vision and Language. [3] Omer Goldman, Khuyagbaatar Batsuren, Salam Khalifa, Aryaman Arora, Garrett Nicolai, Reut Tsarfaty, and Ekaterina Vylomova. 2023. SIGMORPHON–UniMorph 2023 shared task 0: Typo- logically diverse morphological inflection. In SIGMORPHON. [4] Aryaman Arora, Adam Farris, Samopriya Basu, and Suresh Kolichala. 2023. Jambu: A historical linguistic database for South Asian languages . In SIGMORPHON. [5] Brett Reynolds, Aryaman Arora, and Nathan Schneider. 2023. Unified syntactic annotation of English in the CGEL framework"
aryaman_arora,aryaman_arora_Q13,Professional Experience,What leadership position did the applicant hold?,Yes. Mentored undergraduate and high school students; served as area chair and program committee member.,S2_Retrieve_Section,mistralai/Mistral-7B-Instruct-v0.3,"{
  ""predicted_answer"": ""Not found"",
  ""rationale"": ""The provided CV section does not mention any leadership position."",
  ""confidence_score"": 1.0
}",,,,1.284226417541504,0.00020503997802734375,1.2840213775634766,1554,46,0.0,,,,,,,,E2_QA_Accuracy,"Aryaman Arora î aryaman.io DEPARTMENT OF COMPUTER SCIENCE ć aryamana@stanford.edu STANFORD UNIVERSITY _ aryaman2020 Education Stanford University, Stanford, CA 2023— Ph.D., Computer Science Advisors: Dan Jurafsky, Christopher Potts Georgetown University, Washington, D.C. 2020—2023 B.S., Computer Science GPA: 3.796 B.A., Linguistics Experience Georgetown University, Washington, D.C. Aug. 2019—Sep. 2023 Undergraduate Researcher, NERT (Nathan Schneider) Redwood Research, Berkeley, CA Winter 2022 Research Resident Apple, Seattle, WA Summer 2022 AI/ML Intern, Siri Natural Language (Robert Daland) ETH Zürich, Zürich, Switzerland Summer 2021 Research Intern, Rycolab (Ryan Cotterell) Publications Preprints [1] Zhengxuan Wu, Atticus Geiger, Aryaman Arora, Jing Huang, Zheng Wang, Noah D. Goodman, Christopher D. Manning, and Christopher Potts. 2024. pyvene: A library for understanding and improving PyT orch models via interventions. arXiv:2403.07809. Updated 2024-03-12. [2] Aryaman Arora, Dan Jurafsky, and Christopher Potts. 2024. CausalGym: Benchmarking causal interpretability methods on linguistic tasks. arXiv:2402.12560. Updated 2024-02-19. [3] Zhengxuan Wu, Atticus Geiger, Jing Huang, Aryaman Arora, Thomas Icard, Christopher Potts, and Noah D. Goodman. 2024. A reply to Makelov et al. (2023)’s “interpretability illusion” argu- ments. arXiv:2401.12631. Updated 2024-01-23. [4] Nicholas Goldowsky-Dill, Chris MacLeod, Lucas Sato, and Aryaman Arora. 2023. Localizing model behavior with path patching. arXiv:2304.05969. Updated 2023-05-16. [5] Brett Reynolds, Aryaman Arora, and Nathan Schneider. 2022. CGELBank: CGEL as a frame- work for English syntax annotation . arXiv:2210.00394. Updated 2022-10-01. [6] Aryaman Arora and Ahmed Etebari. 2021. Kholosi Dictionary. Updated 2021-04-13. 1 Conferences [1] Kabilan Prasanna and Aryaman Arora. 2024. IruMozhi: Automatically classifying diglossia in Tamil. Findings of NAACL. [2] Khuyagbaatar Batsuren*, Omer Goldman*, ...,Aryaman Arora, ..., and Ekaterina Vylomova. 2022. UniMorph 4.0: Universal Morphology . In LREC. [3] Aryaman Arora. 2022. Universal Dependencies for Punjabi . In LREC. [4] Aryaman Arora, Nitin Venkateswaran, and Nathan Schneider. 2022. MASALA: Modelling and analysing the semantics of adpositions in linguistic annotation of Hindi. In LREC. [5] Aryaman Arora, Clara Isabel Meister, and Ryan Cotterell. 2022. Estimating the entropy of lin- guistic distributions. In ACL. [6] Aryaman Arora, Adam Farris, Samopriya Basu, and Suresh Kolichala. 2022. Computational historical linguistics and language diversity in South Asia . In ACL. [7] Aryaman Arora, Luke Gessler, and Nathan Schneider. 2020. Supervised grapheme-to-phoneme conversion of orthographic schwas in Hindi and Punjabi . In ACL. Workshops [1] Nay San, Georgios Paraskevopoulos, Aryaman Arora, Xiluo He, Prabhjot Kaur, Oliver Adams, and Dan Jurafsky. 2024. Predicting positive transfer for improved low-resource speech recogni- tion using acoustic pseudo-tokens. In SIGTYP. [2] Vedant Palit*, Rohan Pandey*, Aryaman Arora, and Paul Pu Liang. 2023.T owards vision-language mechanistic interpretability: A causal tracing tool for BLIP . In 5th Workshop on Closing the Loop Between Vision and Language. [3] Omer Goldman, Khuyagbaatar Batsuren, Salam Khalifa, Aryaman Arora, Garrett Nicolai, Reut Tsarfaty, and Ekaterina Vylomova. 2023. SIGMORPHON–UniMorph 2023 shared task 0: Typo- logically diverse morphological inflection. In SIGMORPHON. [4] Aryaman Arora, Adam Farris, Samopriya Basu, and Suresh Kolichala. 2023. Jambu: A historical linguistic database for South Asian languages . In SIGMORPHON. [5] Brett Reynolds, Aryaman Arora, and Nathan Schneider. 2023. Unified syntactic annotation of English in the CGEL framework"
aryaman_arora,aryaman_arora_Q14,Professional Experience,Could the applicant briefly describe their key responsibilities in previous roles?,"Yes. Conducts research on causal interpretability, morphology, and syntax; develops computational tools; assists in teaching.",S2_Retrieve_Section,mistralai/Mistral-7B-Instruct-v0.3,"{
  ""predicted_answer"": ""The applicant has worked as an Undergraduate Researcher, Research Resident, AI/ML Intern, and Research Intern in various roles. They have also contributed to projects at Redwood Research, Apple, Siri Natural Language, ETH Zürich, and Rycolab."",
  ""rationale"": ""The applicant's experience section lists their roles at Georgetown University, Redwood Research, Apple, Siri Natural Language, ETH Zürich, and Rycolab. These roles are identified as Undergraduate Researcher, Research Resident, AI",,,,2.947883129119873,0.00018167495727539062,2.9477014541625977,1559,129,0.0,,,,,,,,E2_QA_Accuracy,"Aryaman Arora î aryaman.io DEPARTMENT OF COMPUTER SCIENCE ć aryamana@stanford.edu STANFORD UNIVERSITY _ aryaman2020 Education Stanford University, Stanford, CA 2023— Ph.D., Computer Science Advisors: Dan Jurafsky, Christopher Potts Georgetown University, Washington, D.C. 2020—2023 B.S., Computer Science GPA: 3.796 B.A., Linguistics Experience Georgetown University, Washington, D.C. Aug. 2019—Sep. 2023 Undergraduate Researcher, NERT (Nathan Schneider) Redwood Research, Berkeley, CA Winter 2022 Research Resident Apple, Seattle, WA Summer 2022 AI/ML Intern, Siri Natural Language (Robert Daland) ETH Zürich, Zürich, Switzerland Summer 2021 Research Intern, Rycolab (Ryan Cotterell) Publications Preprints [1] Zhengxuan Wu, Atticus Geiger, Aryaman Arora, Jing Huang, Zheng Wang, Noah D. Goodman, Christopher D. Manning, and Christopher Potts. 2024. pyvene: A library for understanding and improving PyT orch models via interventions. arXiv:2403.07809. Updated 2024-03-12. [2] Aryaman Arora, Dan Jurafsky, and Christopher Potts. 2024. CausalGym: Benchmarking causal interpretability methods on linguistic tasks. arXiv:2402.12560. Updated 2024-02-19. [3] Zhengxuan Wu, Atticus Geiger, Jing Huang, Aryaman Arora, Thomas Icard, Christopher Potts, and Noah D. Goodman. 2024. A reply to Makelov et al. (2023)’s “interpretability illusion” argu- ments. arXiv:2401.12631. Updated 2024-01-23. [4] Nicholas Goldowsky-Dill, Chris MacLeod, Lucas Sato, and Aryaman Arora. 2023. Localizing model behavior with path patching. arXiv:2304.05969. Updated 2023-05-16. [5] Brett Reynolds, Aryaman Arora, and Nathan Schneider. 2022. CGELBank: CGEL as a frame- work for English syntax annotation . arXiv:2210.00394. Updated 2022-10-01. [6] Aryaman Arora and Ahmed Etebari. 2021. Kholosi Dictionary. Updated 2021-04-13. 1 Conferences [1] Kabilan Prasanna and Aryaman Arora. 2024. IruMozhi: Automatically classifying diglossia in Tamil. Findings of NAACL. [2] Khuyagbaatar Batsuren*, Omer Goldman*, ...,Aryaman Arora, ..., and Ekaterina Vylomova. 2022. UniMorph 4.0: Universal Morphology . In LREC. [3] Aryaman Arora. 2022. Universal Dependencies for Punjabi . In LREC. [4] Aryaman Arora, Nitin Venkateswaran, and Nathan Schneider. 2022. MASALA: Modelling and analysing the semantics of adpositions in linguistic annotation of Hindi. In LREC. [5] Aryaman Arora, Clara Isabel Meister, and Ryan Cotterell. 2022. Estimating the entropy of lin- guistic distributions. In ACL. [6] Aryaman Arora, Adam Farris, Samopriya Basu, and Suresh Kolichala. 2022. Computational historical linguistics and language diversity in South Asia . In ACL. [7] Aryaman Arora, Luke Gessler, and Nathan Schneider. 2020. Supervised grapheme-to-phoneme conversion of orthographic schwas in Hindi and Punjabi . In ACL. Workshops [1] Nay San, Georgios Paraskevopoulos, Aryaman Arora, Xiluo He, Prabhjot Kaur, Oliver Adams, and Dan Jurafsky. 2024. Predicting positive transfer for improved low-resource speech recogni- tion using acoustic pseudo-tokens. In SIGTYP. [2] Vedant Palit*, Rohan Pandey*, Aryaman Arora, and Paul Pu Liang. 2023.T owards vision-language mechanistic interpretability: A causal tracing tool for BLIP . In 5th Workshop on Closing the Loop Between Vision and Language. [3] Omer Goldman, Khuyagbaatar Batsuren, Salam Khalifa, Aryaman Arora, Garrett Nicolai, Reut Tsarfaty, and Ekaterina Vylomova. 2023. SIGMORPHON–UniMorph 2023 shared task 0: Typo- logically diverse morphological inflection. In SIGMORPHON. [4] Aryaman Arora, Adam Farris, Samopriya Basu, and Suresh Kolichala. 2023. Jambu: A historical linguistic database for South Asian languages . In SIGMORPHON. [5] Brett Reynolds, Aryaman Arora, and Nathan Schneider. 2023. Unified syntactic annotation of English in the CGEL framework"
aryaman_arora,aryaman_arora_Q15,Professional Experience,Has the applicant worked in more than one job or organization?,"Yes. Stanford University, Georgetown University, Redwood Research, Apple, ETH Zürich.",S2_Retrieve_Section,mistralai/Mistral-7B-Instruct-v0.3,"{
  ""predicted_answer"": ""Yes"",
  ""rationale"": ""The applicant has worked at Georgetown University, Redwood Research, Apple, Siri Natural Language, ETH Zürich, and Rycolab, as indicated by the 'Experience' section."",
  ""confidence_score"": 1.0
}",,,,1.934967041015625,0.00020456314086914062,1.9347624778747559,1558,78,0.0,,,,,,,,E2_QA_Accuracy,"Aryaman Arora î aryaman.io DEPARTMENT OF COMPUTER SCIENCE ć aryamana@stanford.edu STANFORD UNIVERSITY _ aryaman2020 Education Stanford University, Stanford, CA 2023— Ph.D., Computer Science Advisors: Dan Jurafsky, Christopher Potts Georgetown University, Washington, D.C. 2020—2023 B.S., Computer Science GPA: 3.796 B.A., Linguistics Experience Georgetown University, Washington, D.C. Aug. 2019—Sep. 2023 Undergraduate Researcher, NERT (Nathan Schneider) Redwood Research, Berkeley, CA Winter 2022 Research Resident Apple, Seattle, WA Summer 2022 AI/ML Intern, Siri Natural Language (Robert Daland) ETH Zürich, Zürich, Switzerland Summer 2021 Research Intern, Rycolab (Ryan Cotterell) Publications Preprints [1] Zhengxuan Wu, Atticus Geiger, Aryaman Arora, Jing Huang, Zheng Wang, Noah D. Goodman, Christopher D. Manning, and Christopher Potts. 2024. pyvene: A library for understanding and improving PyT orch models via interventions. arXiv:2403.07809. Updated 2024-03-12. [2] Aryaman Arora, Dan Jurafsky, and Christopher Potts. 2024. CausalGym: Benchmarking causal interpretability methods on linguistic tasks. arXiv:2402.12560. Updated 2024-02-19. [3] Zhengxuan Wu, Atticus Geiger, Jing Huang, Aryaman Arora, Thomas Icard, Christopher Potts, and Noah D. Goodman. 2024. A reply to Makelov et al. (2023)’s “interpretability illusion” argu- ments. arXiv:2401.12631. Updated 2024-01-23. [4] Nicholas Goldowsky-Dill, Chris MacLeod, Lucas Sato, and Aryaman Arora. 2023. Localizing model behavior with path patching. arXiv:2304.05969. Updated 2023-05-16. [5] Brett Reynolds, Aryaman Arora, and Nathan Schneider. 2022. CGELBank: CGEL as a frame- work for English syntax annotation . arXiv:2210.00394. Updated 2022-10-01. [6] Aryaman Arora and Ahmed Etebari. 2021. Kholosi Dictionary. Updated 2021-04-13. 1 Conferences [1] Kabilan Prasanna and Aryaman Arora. 2024. IruMozhi: Automatically classifying diglossia in Tamil. Findings of NAACL. [2] Khuyagbaatar Batsuren*, Omer Goldman*, ...,Aryaman Arora, ..., and Ekaterina Vylomova. 2022. UniMorph 4.0: Universal Morphology . In LREC. [3] Aryaman Arora. 2022. Universal Dependencies for Punjabi . In LREC. [4] Aryaman Arora, Nitin Venkateswaran, and Nathan Schneider. 2022. MASALA: Modelling and analysing the semantics of adpositions in linguistic annotation of Hindi. In LREC. [5] Aryaman Arora, Clara Isabel Meister, and Ryan Cotterell. 2022. Estimating the entropy of lin- guistic distributions. In ACL. [6] Aryaman Arora, Adam Farris, Samopriya Basu, and Suresh Kolichala. 2022. Computational historical linguistics and language diversity in South Asia . In ACL. [7] Aryaman Arora, Luke Gessler, and Nathan Schneider. 2020. Supervised grapheme-to-phoneme conversion of orthographic schwas in Hindi and Punjabi . In ACL. Workshops [1] Nay San, Georgios Paraskevopoulos, Aryaman Arora, Xiluo He, Prabhjot Kaur, Oliver Adams, and Dan Jurafsky. 2024. Predicting positive transfer for improved low-resource speech recogni- tion using acoustic pseudo-tokens. In SIGTYP. [2] Vedant Palit*, Rohan Pandey*, Aryaman Arora, and Paul Pu Liang. 2023.T owards vision-language mechanistic interpretability: A causal tracing tool for BLIP . In 5th Workshop on Closing the Loop Between Vision and Language. [3] Omer Goldman, Khuyagbaatar Batsuren, Salam Khalifa, Aryaman Arora, Garrett Nicolai, Reut Tsarfaty, and Ekaterina Vylomova. 2023. SIGMORPHON–UniMorph 2023 shared task 0: Typo- logically diverse morphological inflection. In SIGMORPHON. [4] Aryaman Arora, Adam Farris, Samopriya Basu, and Suresh Kolichala. 2023. Jambu: A historical linguistic database for South Asian languages . In SIGMORPHON. [5] Brett Reynolds, Aryaman Arora, and Nathan Schneider. 2023. Unified syntactic annotation of English in the CGEL framework"
aryaman_arora,aryaman_arora_Q16,Professional Experience,What were the applicant's major accomplishments?,Authored numerous peer-reviewed papers; received Barry M. Goldwater Scholarship; contributed to major NLP resources and shared tasks.,S2_Retrieve_Section,mistralai/Mistral-7B-Instruct-v0.3,"{
  ""predicted_answer"": [""Ph.D. in Computer Science from Stanford University, Research Resident at Apple, AI/ML Intern at Siri Natural Language, multiple research internships, several publications, and conference presentations.""],
  ""rationale"": ""The provided CV section lists Aryaman Arora's education, work experience, and publications, which are the major accomplishments mentioned."",
  ""confidence_score"": 1.0
}",,,,2.4007833003997803,0.00020170211791992188,2.4005815982818604,1556,101,0.0,,,,,,,,E2_QA_Accuracy,"Aryaman Arora î aryaman.io DEPARTMENT OF COMPUTER SCIENCE ć aryamana@stanford.edu STANFORD UNIVERSITY _ aryaman2020 Education Stanford University, Stanford, CA 2023— Ph.D., Computer Science Advisors: Dan Jurafsky, Christopher Potts Georgetown University, Washington, D.C. 2020—2023 B.S., Computer Science GPA: 3.796 B.A., Linguistics Experience Georgetown University, Washington, D.C. Aug. 2019—Sep. 2023 Undergraduate Researcher, NERT (Nathan Schneider) Redwood Research, Berkeley, CA Winter 2022 Research Resident Apple, Seattle, WA Summer 2022 AI/ML Intern, Siri Natural Language (Robert Daland) ETH Zürich, Zürich, Switzerland Summer 2021 Research Intern, Rycolab (Ryan Cotterell) Publications Preprints [1] Zhengxuan Wu, Atticus Geiger, Aryaman Arora, Jing Huang, Zheng Wang, Noah D. Goodman, Christopher D. Manning, and Christopher Potts. 2024. pyvene: A library for understanding and improving PyT orch models via interventions. arXiv:2403.07809. Updated 2024-03-12. [2] Aryaman Arora, Dan Jurafsky, and Christopher Potts. 2024. CausalGym: Benchmarking causal interpretability methods on linguistic tasks. arXiv:2402.12560. Updated 2024-02-19. [3] Zhengxuan Wu, Atticus Geiger, Jing Huang, Aryaman Arora, Thomas Icard, Christopher Potts, and Noah D. Goodman. 2024. A reply to Makelov et al. (2023)’s “interpretability illusion” argu- ments. arXiv:2401.12631. Updated 2024-01-23. [4] Nicholas Goldowsky-Dill, Chris MacLeod, Lucas Sato, and Aryaman Arora. 2023. Localizing model behavior with path patching. arXiv:2304.05969. Updated 2023-05-16. [5] Brett Reynolds, Aryaman Arora, and Nathan Schneider. 2022. CGELBank: CGEL as a frame- work for English syntax annotation . arXiv:2210.00394. Updated 2022-10-01. [6] Aryaman Arora and Ahmed Etebari. 2021. Kholosi Dictionary. Updated 2021-04-13. 1 Conferences [1] Kabilan Prasanna and Aryaman Arora. 2024. IruMozhi: Automatically classifying diglossia in Tamil. Findings of NAACL. [2] Khuyagbaatar Batsuren*, Omer Goldman*, ...,Aryaman Arora, ..., and Ekaterina Vylomova. 2022. UniMorph 4.0: Universal Morphology . In LREC. [3] Aryaman Arora. 2022. Universal Dependencies for Punjabi . In LREC. [4] Aryaman Arora, Nitin Venkateswaran, and Nathan Schneider. 2022. MASALA: Modelling and analysing the semantics of adpositions in linguistic annotation of Hindi. In LREC. [5] Aryaman Arora, Clara Isabel Meister, and Ryan Cotterell. 2022. Estimating the entropy of lin- guistic distributions. In ACL. [6] Aryaman Arora, Adam Farris, Samopriya Basu, and Suresh Kolichala. 2022. Computational historical linguistics and language diversity in South Asia . In ACL. [7] Aryaman Arora, Luke Gessler, and Nathan Schneider. 2020. Supervised grapheme-to-phoneme conversion of orthographic schwas in Hindi and Punjabi . In ACL. Workshops [1] Nay San, Georgios Paraskevopoulos, Aryaman Arora, Xiluo He, Prabhjot Kaur, Oliver Adams, and Dan Jurafsky. 2024. Predicting positive transfer for improved low-resource speech recogni- tion using acoustic pseudo-tokens. In SIGTYP. [2] Vedant Palit*, Rohan Pandey*, Aryaman Arora, and Paul Pu Liang. 2023.T owards vision-language mechanistic interpretability: A causal tracing tool for BLIP . In 5th Workshop on Closing the Loop Between Vision and Language. [3] Omer Goldman, Khuyagbaatar Batsuren, Salam Khalifa, Aryaman Arora, Garrett Nicolai, Reut Tsarfaty, and Ekaterina Vylomova. 2023. SIGMORPHON–UniMorph 2023 shared task 0: Typo- logically diverse morphological inflection. In SIGMORPHON. [4] Aryaman Arora, Adam Farris, Samopriya Basu, and Suresh Kolichala. 2023. Jambu: A historical linguistic database for South Asian languages . In SIGMORPHON. [5] Brett Reynolds, Aryaman Arora, and Nathan Schneider. 2023. Unified syntactic annotation of English in the CGEL framework"
aryaman_arora,aryaman_arora_Q17,Professional Experience,What key metric did they improve?,Developed libraries for model interpretability (pyvene); created benchmarks for causal methods; advanced morphological analysis and annotation.,S2_Retrieve_Section,mistralai/Mistral-7B-Instruct-v0.3,"{
  ""predicted_answer"": ""Not found"",
  ""rationale"": ""The provided CV section does not contain information about a key metric that was improved."",
  ""confidence_score"": 1.0
}",,,,1.2792885303497314,0.00019884109497070312,1.2790896892547607,1552,51,0.0,,,,,,,,E2_QA_Accuracy,"Aryaman Arora î aryaman.io DEPARTMENT OF COMPUTER SCIENCE ć aryamana@stanford.edu STANFORD UNIVERSITY _ aryaman2020 Education Stanford University, Stanford, CA 2023— Ph.D., Computer Science Advisors: Dan Jurafsky, Christopher Potts Georgetown University, Washington, D.C. 2020—2023 B.S., Computer Science GPA: 3.796 B.A., Linguistics Experience Georgetown University, Washington, D.C. Aug. 2019—Sep. 2023 Undergraduate Researcher, NERT (Nathan Schneider) Redwood Research, Berkeley, CA Winter 2022 Research Resident Apple, Seattle, WA Summer 2022 AI/ML Intern, Siri Natural Language (Robert Daland) ETH Zürich, Zürich, Switzerland Summer 2021 Research Intern, Rycolab (Ryan Cotterell) Publications Preprints [1] Zhengxuan Wu, Atticus Geiger, Aryaman Arora, Jing Huang, Zheng Wang, Noah D. Goodman, Christopher D. Manning, and Christopher Potts. 2024. pyvene: A library for understanding and improving PyT orch models via interventions. arXiv:2403.07809. Updated 2024-03-12. [2] Aryaman Arora, Dan Jurafsky, and Christopher Potts. 2024. CausalGym: Benchmarking causal interpretability methods on linguistic tasks. arXiv:2402.12560. Updated 2024-02-19. [3] Zhengxuan Wu, Atticus Geiger, Jing Huang, Aryaman Arora, Thomas Icard, Christopher Potts, and Noah D. Goodman. 2024. A reply to Makelov et al. (2023)’s “interpretability illusion” argu- ments. arXiv:2401.12631. Updated 2024-01-23. [4] Nicholas Goldowsky-Dill, Chris MacLeod, Lucas Sato, and Aryaman Arora. 2023. Localizing model behavior with path patching. arXiv:2304.05969. Updated 2023-05-16. [5] Brett Reynolds, Aryaman Arora, and Nathan Schneider. 2022. CGELBank: CGEL as a frame- work for English syntax annotation . arXiv:2210.00394. Updated 2022-10-01. [6] Aryaman Arora and Ahmed Etebari. 2021. Kholosi Dictionary. Updated 2021-04-13. 1 Conferences [1] Kabilan Prasanna and Aryaman Arora. 2024. IruMozhi: Automatically classifying diglossia in Tamil. Findings of NAACL. [2] Khuyagbaatar Batsuren*, Omer Goldman*, ...,Aryaman Arora, ..., and Ekaterina Vylomova. 2022. UniMorph 4.0: Universal Morphology . In LREC. [3] Aryaman Arora. 2022. Universal Dependencies for Punjabi . In LREC. [4] Aryaman Arora, Nitin Venkateswaran, and Nathan Schneider. 2022. MASALA: Modelling and analysing the semantics of adpositions in linguistic annotation of Hindi. In LREC. [5] Aryaman Arora, Clara Isabel Meister, and Ryan Cotterell. 2022. Estimating the entropy of lin- guistic distributions. In ACL. [6] Aryaman Arora, Adam Farris, Samopriya Basu, and Suresh Kolichala. 2022. Computational historical linguistics and language diversity in South Asia . In ACL. [7] Aryaman Arora, Luke Gessler, and Nathan Schneider. 2020. Supervised grapheme-to-phoneme conversion of orthographic schwas in Hindi and Punjabi . In ACL. Workshops [1] Nay San, Georgios Paraskevopoulos, Aryaman Arora, Xiluo He, Prabhjot Kaur, Oliver Adams, and Dan Jurafsky. 2024. Predicting positive transfer for improved low-resource speech recogni- tion using acoustic pseudo-tokens. In SIGTYP. [2] Vedant Palit*, Rohan Pandey*, Aryaman Arora, and Paul Pu Liang. 2023.T owards vision-language mechanistic interpretability: A causal tracing tool for BLIP . In 5th Workshop on Closing the Loop Between Vision and Language. [3] Omer Goldman, Khuyagbaatar Batsuren, Salam Khalifa, Aryaman Arora, Garrett Nicolai, Reut Tsarfaty, and Ekaterina Vylomova. 2023. SIGMORPHON–UniMorph 2023 shared task 0: Typo- logically diverse morphological inflection. In SIGMORPHON. [4] Aryaman Arora, Adam Farris, Samopriya Basu, and Suresh Kolichala. 2023. Jambu: A historical linguistic database for South Asian languages . In SIGMORPHON. [5] Brett Reynolds, Aryaman Arora, and Nathan Schneider. 2023. Unified syntactic annotation of English in the CGEL framework"
aryaman_arora,aryaman_arora_Q18,Research and Projects,What is the name of a key project the applicant has worked on?,pyvene; CausalGym; CGELBank; Jambu; Universal Dependencies for Punjabi; MASALA,S2_Retrieve_Section,mistralai/Mistral-7B-Instruct-v0.3,"{
  ""predicted_answer"": ""Rycolab"",
  ""rationale"": ""The project 'Rycolab' is mentioned in the 'Experience' section as one of the places where the applicant worked as a Research Intern."",
  ""confidence_score"": 1.0
}",,,,1.7638907432556152,0.00020122528076171875,1.7636895179748535,1560,69,0.0,,,,,,,,E2_QA_Accuracy,"Aryaman Arora î aryaman.io DEPARTMENT OF COMPUTER SCIENCE ć aryamana@stanford.edu STANFORD UNIVERSITY _ aryaman2020 Education Stanford University, Stanford, CA 2023— Ph.D., Computer Science Advisors: Dan Jurafsky, Christopher Potts Georgetown University, Washington, D.C. 2020—2023 B.S., Computer Science GPA: 3.796 B.A., Linguistics Experience Georgetown University, Washington, D.C. Aug. 2019—Sep. 2023 Undergraduate Researcher, NERT (Nathan Schneider) Redwood Research, Berkeley, CA Winter 2022 Research Resident Apple, Seattle, WA Summer 2022 AI/ML Intern, Siri Natural Language (Robert Daland) ETH Zürich, Zürich, Switzerland Summer 2021 Research Intern, Rycolab (Ryan Cotterell) Publications Preprints [1] Zhengxuan Wu, Atticus Geiger, Aryaman Arora, Jing Huang, Zheng Wang, Noah D. Goodman, Christopher D. Manning, and Christopher Potts. 2024. pyvene: A library for understanding and improving PyT orch models via interventions. arXiv:2403.07809. Updated 2024-03-12. [2] Aryaman Arora, Dan Jurafsky, and Christopher Potts. 2024. CausalGym: Benchmarking causal interpretability methods on linguistic tasks. arXiv:2402.12560. Updated 2024-02-19. [3] Zhengxuan Wu, Atticus Geiger, Jing Huang, Aryaman Arora, Thomas Icard, Christopher Potts, and Noah D. Goodman. 2024. A reply to Makelov et al. (2023)’s “interpretability illusion” argu- ments. arXiv:2401.12631. Updated 2024-01-23. [4] Nicholas Goldowsky-Dill, Chris MacLeod, Lucas Sato, and Aryaman Arora. 2023. Localizing model behavior with path patching. arXiv:2304.05969. Updated 2023-05-16. [5] Brett Reynolds, Aryaman Arora, and Nathan Schneider. 2022. CGELBank: CGEL as a frame- work for English syntax annotation . arXiv:2210.00394. Updated 2022-10-01. [6] Aryaman Arora and Ahmed Etebari. 2021. Kholosi Dictionary. Updated 2021-04-13. 1 Conferences [1] Kabilan Prasanna and Aryaman Arora. 2024. IruMozhi: Automatically classifying diglossia in Tamil. Findings of NAACL. [2] Khuyagbaatar Batsuren*, Omer Goldman*, ...,Aryaman Arora, ..., and Ekaterina Vylomova. 2022. UniMorph 4.0: Universal Morphology . In LREC. [3] Aryaman Arora. 2022. Universal Dependencies for Punjabi . In LREC. [4] Aryaman Arora, Nitin Venkateswaran, and Nathan Schneider. 2022. MASALA: Modelling and analysing the semantics of adpositions in linguistic annotation of Hindi. In LREC. [5] Aryaman Arora, Clara Isabel Meister, and Ryan Cotterell. 2022. Estimating the entropy of lin- guistic distributions. In ACL. [6] Aryaman Arora, Adam Farris, Samopriya Basu, and Suresh Kolichala. 2022. Computational historical linguistics and language diversity in South Asia . In ACL. [7] Aryaman Arora, Luke Gessler, and Nathan Schneider. 2020. Supervised grapheme-to-phoneme conversion of orthographic schwas in Hindi and Punjabi . In ACL. Workshops [1] Nay San, Georgios Paraskevopoulos, Aryaman Arora, Xiluo He, Prabhjot Kaur, Oliver Adams, and Dan Jurafsky. 2024. Predicting positive transfer for improved low-resource speech recogni- tion using acoustic pseudo-tokens. In SIGTYP. [2] Vedant Palit*, Rohan Pandey*, Aryaman Arora, and Paul Pu Liang. 2023.T owards vision-language mechanistic interpretability: A causal tracing tool for BLIP . In 5th Workshop on Closing the Loop Between Vision and Language. [3] Omer Goldman, Khuyagbaatar Batsuren, Salam Khalifa, Aryaman Arora, Garrett Nicolai, Reut Tsarfaty, and Ekaterina Vylomova. 2023. SIGMORPHON–UniMorph 2023 shared task 0: Typo- logically diverse morphological inflection. In SIGMORPHON. [4] Aryaman Arora, Adam Farris, Samopriya Basu, and Suresh Kolichala. 2023. Jambu: A historical linguistic database for South Asian languages . In SIGMORPHON. [5] Brett Reynolds, Aryaman Arora, and Nathan Schneider. 2023. Unified syntactic annotation of English in the CGEL framework"
aryaman_arora,aryaman_arora_Q19,Research and Projects,Which tools or technologies did the applicant use in their projects?,"Python (PyTorch), C++, JavaScript, R, NLP frameworks, computational linguistics tools",S2_Retrieve_Section,mistralai/Mistral-7B-Instruct-v0.3,"{
  ""predicted_answer"": [""pyvene"", ""CausalGym"", ""Rycolab"", ""CGELBank"", ""Kholosi Dictionary"", ""IruMozhi"", ""UniMorph"", ""MASALA"", ""Estimating the entropy of linguistic distributions"", ""Computational historical linguistics and language diversity in South Asia"", ""Supervised grapheme-to-phoneme conversion of orthographic schwas in Hindi and Punjabi"", ""Predicting positive transfer for improved low-resource speech recognition using acoustic pseudo-tokens"", """,,,,2.9657886028289795,0.00020432472229003906,2.9655842781066895,1558,129,0.0,,,,,,,,E2_QA_Accuracy,"Aryaman Arora î aryaman.io DEPARTMENT OF COMPUTER SCIENCE ć aryamana@stanford.edu STANFORD UNIVERSITY _ aryaman2020 Education Stanford University, Stanford, CA 2023— Ph.D., Computer Science Advisors: Dan Jurafsky, Christopher Potts Georgetown University, Washington, D.C. 2020—2023 B.S., Computer Science GPA: 3.796 B.A., Linguistics Experience Georgetown University, Washington, D.C. Aug. 2019—Sep. 2023 Undergraduate Researcher, NERT (Nathan Schneider) Redwood Research, Berkeley, CA Winter 2022 Research Resident Apple, Seattle, WA Summer 2022 AI/ML Intern, Siri Natural Language (Robert Daland) ETH Zürich, Zürich, Switzerland Summer 2021 Research Intern, Rycolab (Ryan Cotterell) Publications Preprints [1] Zhengxuan Wu, Atticus Geiger, Aryaman Arora, Jing Huang, Zheng Wang, Noah D. Goodman, Christopher D. Manning, and Christopher Potts. 2024. pyvene: A library for understanding and improving PyT orch models via interventions. arXiv:2403.07809. Updated 2024-03-12. [2] Aryaman Arora, Dan Jurafsky, and Christopher Potts. 2024. CausalGym: Benchmarking causal interpretability methods on linguistic tasks. arXiv:2402.12560. Updated 2024-02-19. [3] Zhengxuan Wu, Atticus Geiger, Jing Huang, Aryaman Arora, Thomas Icard, Christopher Potts, and Noah D. Goodman. 2024. A reply to Makelov et al. (2023)’s “interpretability illusion” argu- ments. arXiv:2401.12631. Updated 2024-01-23. [4] Nicholas Goldowsky-Dill, Chris MacLeod, Lucas Sato, and Aryaman Arora. 2023. Localizing model behavior with path patching. arXiv:2304.05969. Updated 2023-05-16. [5] Brett Reynolds, Aryaman Arora, and Nathan Schneider. 2022. CGELBank: CGEL as a frame- work for English syntax annotation . arXiv:2210.00394. Updated 2022-10-01. [6] Aryaman Arora and Ahmed Etebari. 2021. Kholosi Dictionary. Updated 2021-04-13. 1 Conferences [1] Kabilan Prasanna and Aryaman Arora. 2024. IruMozhi: Automatically classifying diglossia in Tamil. Findings of NAACL. [2] Khuyagbaatar Batsuren*, Omer Goldman*, ...,Aryaman Arora, ..., and Ekaterina Vylomova. 2022. UniMorph 4.0: Universal Morphology . In LREC. [3] Aryaman Arora. 2022. Universal Dependencies for Punjabi . In LREC. [4] Aryaman Arora, Nitin Venkateswaran, and Nathan Schneider. 2022. MASALA: Modelling and analysing the semantics of adpositions in linguistic annotation of Hindi. In LREC. [5] Aryaman Arora, Clara Isabel Meister, and Ryan Cotterell. 2022. Estimating the entropy of lin- guistic distributions. In ACL. [6] Aryaman Arora, Adam Farris, Samopriya Basu, and Suresh Kolichala. 2022. Computational historical linguistics and language diversity in South Asia . In ACL. [7] Aryaman Arora, Luke Gessler, and Nathan Schneider. 2020. Supervised grapheme-to-phoneme conversion of orthographic schwas in Hindi and Punjabi . In ACL. Workshops [1] Nay San, Georgios Paraskevopoulos, Aryaman Arora, Xiluo He, Prabhjot Kaur, Oliver Adams, and Dan Jurafsky. 2024. Predicting positive transfer for improved low-resource speech recogni- tion using acoustic pseudo-tokens. In SIGTYP. [2] Vedant Palit*, Rohan Pandey*, Aryaman Arora, and Paul Pu Liang. 2023.T owards vision-language mechanistic interpretability: A causal tracing tool for BLIP . In 5th Workshop on Closing the Loop Between Vision and Language. [3] Omer Goldman, Khuyagbaatar Batsuren, Salam Khalifa, Aryaman Arora, Garrett Nicolai, Reut Tsarfaty, and Ekaterina Vylomova. 2023. SIGMORPHON–UniMorph 2023 shared task 0: Typo- logically diverse morphological inflection. In SIGMORPHON. [4] Aryaman Arora, Adam Farris, Samopriya Basu, and Suresh Kolichala. 2023. Jambu: A historical linguistic database for South Asian languages . In SIGMORPHON. [5] Brett Reynolds, Aryaman Arora, and Nathan Schneider. 2023. Unified syntactic annotation of English in the CGEL framework"
aryaman_arora,aryaman_arora_Q20,Research and Projects,Did any project have a specific budget or numeric goal?,"Yes. Research involves benchmarking, shared tasks with evaluation metrics, and tool development with performance goals.",S2_Retrieve_Section,mistralai/Mistral-7B-Instruct-v0.3,"{
  ""predicted_answer"": ""Not found"",
  ""rationale"": ""The provided CV section does not contain any information about a specific budget or numeric goal for any project."",
  ""confidence_score"": 1.0
}",,,,1.4814355373382568,0.0001983642578125,1.4812371730804443,1557,56,0.0,,,,,,,,E2_QA_Accuracy,"Aryaman Arora î aryaman.io DEPARTMENT OF COMPUTER SCIENCE ć aryamana@stanford.edu STANFORD UNIVERSITY _ aryaman2020 Education Stanford University, Stanford, CA 2023— Ph.D., Computer Science Advisors: Dan Jurafsky, Christopher Potts Georgetown University, Washington, D.C. 2020—2023 B.S., Computer Science GPA: 3.796 B.A., Linguistics Experience Georgetown University, Washington, D.C. Aug. 2019—Sep. 2023 Undergraduate Researcher, NERT (Nathan Schneider) Redwood Research, Berkeley, CA Winter 2022 Research Resident Apple, Seattle, WA Summer 2022 AI/ML Intern, Siri Natural Language (Robert Daland) ETH Zürich, Zürich, Switzerland Summer 2021 Research Intern, Rycolab (Ryan Cotterell) Publications Preprints [1] Zhengxuan Wu, Atticus Geiger, Aryaman Arora, Jing Huang, Zheng Wang, Noah D. Goodman, Christopher D. Manning, and Christopher Potts. 2024. pyvene: A library for understanding and improving PyT orch models via interventions. arXiv:2403.07809. Updated 2024-03-12. [2] Aryaman Arora, Dan Jurafsky, and Christopher Potts. 2024. CausalGym: Benchmarking causal interpretability methods on linguistic tasks. arXiv:2402.12560. Updated 2024-02-19. [3] Zhengxuan Wu, Atticus Geiger, Jing Huang, Aryaman Arora, Thomas Icard, Christopher Potts, and Noah D. Goodman. 2024. A reply to Makelov et al. (2023)’s “interpretability illusion” argu- ments. arXiv:2401.12631. Updated 2024-01-23. [4] Nicholas Goldowsky-Dill, Chris MacLeod, Lucas Sato, and Aryaman Arora. 2023. Localizing model behavior with path patching. arXiv:2304.05969. Updated 2023-05-16. [5] Brett Reynolds, Aryaman Arora, and Nathan Schneider. 2022. CGELBank: CGEL as a frame- work for English syntax annotation . arXiv:2210.00394. Updated 2022-10-01. [6] Aryaman Arora and Ahmed Etebari. 2021. Kholosi Dictionary. Updated 2021-04-13. 1 Conferences [1] Kabilan Prasanna and Aryaman Arora. 2024. IruMozhi: Automatically classifying diglossia in Tamil. Findings of NAACL. [2] Khuyagbaatar Batsuren*, Omer Goldman*, ...,Aryaman Arora, ..., and Ekaterina Vylomova. 2022. UniMorph 4.0: Universal Morphology . In LREC. [3] Aryaman Arora. 2022. Universal Dependencies for Punjabi . In LREC. [4] Aryaman Arora, Nitin Venkateswaran, and Nathan Schneider. 2022. MASALA: Modelling and analysing the semantics of adpositions in linguistic annotation of Hindi. In LREC. [5] Aryaman Arora, Clara Isabel Meister, and Ryan Cotterell. 2022. Estimating the entropy of lin- guistic distributions. In ACL. [6] Aryaman Arora, Adam Farris, Samopriya Basu, and Suresh Kolichala. 2022. Computational historical linguistics and language diversity in South Asia . In ACL. [7] Aryaman Arora, Luke Gessler, and Nathan Schneider. 2020. Supervised grapheme-to-phoneme conversion of orthographic schwas in Hindi and Punjabi . In ACL. Workshops [1] Nay San, Georgios Paraskevopoulos, Aryaman Arora, Xiluo He, Prabhjot Kaur, Oliver Adams, and Dan Jurafsky. 2024. Predicting positive transfer for improved low-resource speech recogni- tion using acoustic pseudo-tokens. In SIGTYP. [2] Vedant Palit*, Rohan Pandey*, Aryaman Arora, and Paul Pu Liang. 2023.T owards vision-language mechanistic interpretability: A causal tracing tool for BLIP . In 5th Workshop on Closing the Loop Between Vision and Language. [3] Omer Goldman, Khuyagbaatar Batsuren, Salam Khalifa, Aryaman Arora, Garrett Nicolai, Reut Tsarfaty, and Ekaterina Vylomova. 2023. SIGMORPHON–UniMorph 2023 shared task 0: Typo- logically diverse morphological inflection. In SIGMORPHON. [4] Aryaman Arora, Adam Farris, Samopriya Basu, and Suresh Kolichala. 2023. Jambu: A historical linguistic database for South Asian languages . In SIGMORPHON. [5] Brett Reynolds, Aryaman Arora, and Nathan Schneider. 2023. Unified syntactic annotation of English in the CGEL framework"
aryaman_arora,aryaman_arora_Q21,Research and Projects,What were the main objectives of the applicant's projects?,To improve interpretability of NLP models; document and analyze linguistic diversity; develop resources for low-resource languages.,S2_Retrieve_Section,mistralai/Mistral-7B-Instruct-v0.3,"{
  ""predicted_answer"": [""Research in Natural Language Processing (NLP), developing AI/ML models, and working on linguistic tasks.""],
  ""rationale"": [""The applicant's projects involve working on various NLP tasks, such as developing PyT orch models (preprint [1]), benchmarking causal interpretability methods on linguistic tasks (preprint [2]), and estimating the entropy of linguistic distributions (conference [5]). They also have experience as an AI/ML intern at Siri Natural Language (Robert Daland) (Experience",,,,2.9647750854492188,0.0001780986785888672,2.96459698677063,1558,129,0.0,,,,,,,,E2_QA_Accuracy,"Aryaman Arora î aryaman.io DEPARTMENT OF COMPUTER SCIENCE ć aryamana@stanford.edu STANFORD UNIVERSITY _ aryaman2020 Education Stanford University, Stanford, CA 2023— Ph.D., Computer Science Advisors: Dan Jurafsky, Christopher Potts Georgetown University, Washington, D.C. 2020—2023 B.S., Computer Science GPA: 3.796 B.A., Linguistics Experience Georgetown University, Washington, D.C. Aug. 2019—Sep. 2023 Undergraduate Researcher, NERT (Nathan Schneider) Redwood Research, Berkeley, CA Winter 2022 Research Resident Apple, Seattle, WA Summer 2022 AI/ML Intern, Siri Natural Language (Robert Daland) ETH Zürich, Zürich, Switzerland Summer 2021 Research Intern, Rycolab (Ryan Cotterell) Publications Preprints [1] Zhengxuan Wu, Atticus Geiger, Aryaman Arora, Jing Huang, Zheng Wang, Noah D. Goodman, Christopher D. Manning, and Christopher Potts. 2024. pyvene: A library for understanding and improving PyT orch models via interventions. arXiv:2403.07809. Updated 2024-03-12. [2] Aryaman Arora, Dan Jurafsky, and Christopher Potts. 2024. CausalGym: Benchmarking causal interpretability methods on linguistic tasks. arXiv:2402.12560. Updated 2024-02-19. [3] Zhengxuan Wu, Atticus Geiger, Jing Huang, Aryaman Arora, Thomas Icard, Christopher Potts, and Noah D. Goodman. 2024. A reply to Makelov et al. (2023)’s “interpretability illusion” argu- ments. arXiv:2401.12631. Updated 2024-01-23. [4] Nicholas Goldowsky-Dill, Chris MacLeod, Lucas Sato, and Aryaman Arora. 2023. Localizing model behavior with path patching. arXiv:2304.05969. Updated 2023-05-16. [5] Brett Reynolds, Aryaman Arora, and Nathan Schneider. 2022. CGELBank: CGEL as a frame- work for English syntax annotation . arXiv:2210.00394. Updated 2022-10-01. [6] Aryaman Arora and Ahmed Etebari. 2021. Kholosi Dictionary. Updated 2021-04-13. 1 Conferences [1] Kabilan Prasanna and Aryaman Arora. 2024. IruMozhi: Automatically classifying diglossia in Tamil. Findings of NAACL. [2] Khuyagbaatar Batsuren*, Omer Goldman*, ...,Aryaman Arora, ..., and Ekaterina Vylomova. 2022. UniMorph 4.0: Universal Morphology . In LREC. [3] Aryaman Arora. 2022. Universal Dependencies for Punjabi . In LREC. [4] Aryaman Arora, Nitin Venkateswaran, and Nathan Schneider. 2022. MASALA: Modelling and analysing the semantics of adpositions in linguistic annotation of Hindi. In LREC. [5] Aryaman Arora, Clara Isabel Meister, and Ryan Cotterell. 2022. Estimating the entropy of lin- guistic distributions. In ACL. [6] Aryaman Arora, Adam Farris, Samopriya Basu, and Suresh Kolichala. 2022. Computational historical linguistics and language diversity in South Asia . In ACL. [7] Aryaman Arora, Luke Gessler, and Nathan Schneider. 2020. Supervised grapheme-to-phoneme conversion of orthographic schwas in Hindi and Punjabi . In ACL. Workshops [1] Nay San, Georgios Paraskevopoulos, Aryaman Arora, Xiluo He, Prabhjot Kaur, Oliver Adams, and Dan Jurafsky. 2024. Predicting positive transfer for improved low-resource speech recogni- tion using acoustic pseudo-tokens. In SIGTYP. [2] Vedant Palit*, Rohan Pandey*, Aryaman Arora, and Paul Pu Liang. 2023.T owards vision-language mechanistic interpretability: A causal tracing tool for BLIP . In 5th Workshop on Closing the Loop Between Vision and Language. [3] Omer Goldman, Khuyagbaatar Batsuren, Salam Khalifa, Aryaman Arora, Garrett Nicolai, Reut Tsarfaty, and Ekaterina Vylomova. 2023. SIGMORPHON–UniMorph 2023 shared task 0: Typo- logically diverse morphological inflection. In SIGMORPHON. [4] Aryaman Arora, Adam Farris, Samopriya Basu, and Suresh Kolichala. 2023. Jambu: A historical linguistic database for South Asian languages . In SIGMORPHON. [5] Brett Reynolds, Aryaman Arora, and Nathan Schneider. 2023. Unified syntactic annotation of English in the CGEL framework"
aryaman_arora,aryaman_arora_Q22,Research and Projects,What are the applicant s publications?,"Multiple publications in ACL, LREC, NAACL, SIGMORPHON, workshops, and arXiv preprints.",S2_Retrieve_Section,mistralai/Mistral-7B-Instruct-v0.3,"{
  ""predicted_answer"": [
    ""Zhengxuan Wu, Atticus Geiger, Aryaman Arora, Jing Huang, Zheng Wang, Noah D. Goodman, Christopher D. Manning, and Christopher Potts. 2024. pyvene: A library for understanding and improving PyT orch models via interventions."",
    ""Aryaman Arora, Dan Jurafsky, and Christopher Potts. 2024. CausalGym: Benchmarking causal interpretability methods on linguistic tasks."",",,,,2.9824860095977783,0.0001983642578125,2.982287645339966,1553,129,0.0,,,,,,,,E2_QA_Accuracy,"Aryaman Arora î aryaman.io DEPARTMENT OF COMPUTER SCIENCE ć aryamana@stanford.edu STANFORD UNIVERSITY _ aryaman2020 Education Stanford University, Stanford, CA 2023— Ph.D., Computer Science Advisors: Dan Jurafsky, Christopher Potts Georgetown University, Washington, D.C. 2020—2023 B.S., Computer Science GPA: 3.796 B.A., Linguistics Experience Georgetown University, Washington, D.C. Aug. 2019—Sep. 2023 Undergraduate Researcher, NERT (Nathan Schneider) Redwood Research, Berkeley, CA Winter 2022 Research Resident Apple, Seattle, WA Summer 2022 AI/ML Intern, Siri Natural Language (Robert Daland) ETH Zürich, Zürich, Switzerland Summer 2021 Research Intern, Rycolab (Ryan Cotterell) Publications Preprints [1] Zhengxuan Wu, Atticus Geiger, Aryaman Arora, Jing Huang, Zheng Wang, Noah D. Goodman, Christopher D. Manning, and Christopher Potts. 2024. pyvene: A library for understanding and improving PyT orch models via interventions. arXiv:2403.07809. Updated 2024-03-12. [2] Aryaman Arora, Dan Jurafsky, and Christopher Potts. 2024. CausalGym: Benchmarking causal interpretability methods on linguistic tasks. arXiv:2402.12560. Updated 2024-02-19. [3] Zhengxuan Wu, Atticus Geiger, Jing Huang, Aryaman Arora, Thomas Icard, Christopher Potts, and Noah D. Goodman. 2024. A reply to Makelov et al. (2023)’s “interpretability illusion” argu- ments. arXiv:2401.12631. Updated 2024-01-23. [4] Nicholas Goldowsky-Dill, Chris MacLeod, Lucas Sato, and Aryaman Arora. 2023. Localizing model behavior with path patching. arXiv:2304.05969. Updated 2023-05-16. [5] Brett Reynolds, Aryaman Arora, and Nathan Schneider. 2022. CGELBank: CGEL as a frame- work for English syntax annotation . arXiv:2210.00394. Updated 2022-10-01. [6] Aryaman Arora and Ahmed Etebari. 2021. Kholosi Dictionary. Updated 2021-04-13. 1 Conferences [1] Kabilan Prasanna and Aryaman Arora. 2024. IruMozhi: Automatically classifying diglossia in Tamil. Findings of NAACL. [2] Khuyagbaatar Batsuren*, Omer Goldman*, ...,Aryaman Arora, ..., and Ekaterina Vylomova. 2022. UniMorph 4.0: Universal Morphology . In LREC. [3] Aryaman Arora. 2022. Universal Dependencies for Punjabi . In LREC. [4] Aryaman Arora, Nitin Venkateswaran, and Nathan Schneider. 2022. MASALA: Modelling and analysing the semantics of adpositions in linguistic annotation of Hindi. In LREC. [5] Aryaman Arora, Clara Isabel Meister, and Ryan Cotterell. 2022. Estimating the entropy of lin- guistic distributions. In ACL. [6] Aryaman Arora, Adam Farris, Samopriya Basu, and Suresh Kolichala. 2022. Computational historical linguistics and language diversity in South Asia . In ACL. [7] Aryaman Arora, Luke Gessler, and Nathan Schneider. 2020. Supervised grapheme-to-phoneme conversion of orthographic schwas in Hindi and Punjabi . In ACL. Workshops [1] Nay San, Georgios Paraskevopoulos, Aryaman Arora, Xiluo He, Prabhjot Kaur, Oliver Adams, and Dan Jurafsky. 2024. Predicting positive transfer for improved low-resource speech recogni- tion using acoustic pseudo-tokens. In SIGTYP. [2] Vedant Palit*, Rohan Pandey*, Aryaman Arora, and Paul Pu Liang. 2023.T owards vision-language mechanistic interpretability: A causal tracing tool for BLIP . In 5th Workshop on Closing the Loop Between Vision and Language. [3] Omer Goldman, Khuyagbaatar Batsuren, Salam Khalifa, Aryaman Arora, Garrett Nicolai, Reut Tsarfaty, and Ekaterina Vylomova. 2023. SIGMORPHON–UniMorph 2023 shared task 0: Typo- logically diverse morphological inflection. In SIGMORPHON. [4] Aryaman Arora, Adam Farris, Samopriya Basu, and Suresh Kolichala. 2023. Jambu: A historical linguistic database for South Asian languages . In SIGMORPHON. [5] Brett Reynolds, Aryaman Arora, and Nathan Schneider. 2023. Unified syntactic annotation of English in the CGEL framework"
aryaman_arora,aryaman_arora_Q23,Research and Projects,Did the applicant outline the approach or methodology they used?,"Yes. Uses causal intervention methods, corpus analysis, computational modeling, and linguistic annotation frameworks.",S2_Retrieve_Section,mistralai/Mistral-7B-Instruct-v0.3,"{
  ""predicted_answer"": ""Yes"",
  ""rationale"": ""The CV section includes a list of publications, which are research papers that outline the approach or methodology used in the research projects."",
  ""confidence_score"": 1.0
}",,,,1.5860867500305176,0.0002002716064453125,1.5858864784240723,1558,60,0.0,,,,,,,,E2_QA_Accuracy,"Aryaman Arora î aryaman.io DEPARTMENT OF COMPUTER SCIENCE ć aryamana@stanford.edu STANFORD UNIVERSITY _ aryaman2020 Education Stanford University, Stanford, CA 2023— Ph.D., Computer Science Advisors: Dan Jurafsky, Christopher Potts Georgetown University, Washington, D.C. 2020—2023 B.S., Computer Science GPA: 3.796 B.A., Linguistics Experience Georgetown University, Washington, D.C. Aug. 2019—Sep. 2023 Undergraduate Researcher, NERT (Nathan Schneider) Redwood Research, Berkeley, CA Winter 2022 Research Resident Apple, Seattle, WA Summer 2022 AI/ML Intern, Siri Natural Language (Robert Daland) ETH Zürich, Zürich, Switzerland Summer 2021 Research Intern, Rycolab (Ryan Cotterell) Publications Preprints [1] Zhengxuan Wu, Atticus Geiger, Aryaman Arora, Jing Huang, Zheng Wang, Noah D. Goodman, Christopher D. Manning, and Christopher Potts. 2024. pyvene: A library for understanding and improving PyT orch models via interventions. arXiv:2403.07809. Updated 2024-03-12. [2] Aryaman Arora, Dan Jurafsky, and Christopher Potts. 2024. CausalGym: Benchmarking causal interpretability methods on linguistic tasks. arXiv:2402.12560. Updated 2024-02-19. [3] Zhengxuan Wu, Atticus Geiger, Jing Huang, Aryaman Arora, Thomas Icard, Christopher Potts, and Noah D. Goodman. 2024. A reply to Makelov et al. (2023)’s “interpretability illusion” argu- ments. arXiv:2401.12631. Updated 2024-01-23. [4] Nicholas Goldowsky-Dill, Chris MacLeod, Lucas Sato, and Aryaman Arora. 2023. Localizing model behavior with path patching. arXiv:2304.05969. Updated 2023-05-16. [5] Brett Reynolds, Aryaman Arora, and Nathan Schneider. 2022. CGELBank: CGEL as a frame- work for English syntax annotation . arXiv:2210.00394. Updated 2022-10-01. [6] Aryaman Arora and Ahmed Etebari. 2021. Kholosi Dictionary. Updated 2021-04-13. 1 Conferences [1] Kabilan Prasanna and Aryaman Arora. 2024. IruMozhi: Automatically classifying diglossia in Tamil. Findings of NAACL. [2] Khuyagbaatar Batsuren*, Omer Goldman*, ...,Aryaman Arora, ..., and Ekaterina Vylomova. 2022. UniMorph 4.0: Universal Morphology . In LREC. [3] Aryaman Arora. 2022. Universal Dependencies for Punjabi . In LREC. [4] Aryaman Arora, Nitin Venkateswaran, and Nathan Schneider. 2022. MASALA: Modelling and analysing the semantics of adpositions in linguistic annotation of Hindi. In LREC. [5] Aryaman Arora, Clara Isabel Meister, and Ryan Cotterell. 2022. Estimating the entropy of lin- guistic distributions. In ACL. [6] Aryaman Arora, Adam Farris, Samopriya Basu, and Suresh Kolichala. 2022. Computational historical linguistics and language diversity in South Asia . In ACL. [7] Aryaman Arora, Luke Gessler, and Nathan Schneider. 2020. Supervised grapheme-to-phoneme conversion of orthographic schwas in Hindi and Punjabi . In ACL. Workshops [1] Nay San, Georgios Paraskevopoulos, Aryaman Arora, Xiluo He, Prabhjot Kaur, Oliver Adams, and Dan Jurafsky. 2024. Predicting positive transfer for improved low-resource speech recogni- tion using acoustic pseudo-tokens. In SIGTYP. [2] Vedant Palit*, Rohan Pandey*, Aryaman Arora, and Paul Pu Liang. 2023.T owards vision-language mechanistic interpretability: A causal tracing tool for BLIP . In 5th Workshop on Closing the Loop Between Vision and Language. [3] Omer Goldman, Khuyagbaatar Batsuren, Salam Khalifa, Aryaman Arora, Garrett Nicolai, Reut Tsarfaty, and Ekaterina Vylomova. 2023. SIGMORPHON–UniMorph 2023 shared task 0: Typo- logically diverse morphological inflection. In SIGMORPHON. [4] Aryaman Arora, Adam Farris, Samopriya Basu, and Suresh Kolichala. 2023. Jambu: A historical linguistic database for South Asian languages . In SIGMORPHON. [5] Brett Reynolds, Aryaman Arora, and Nathan Schneider. 2023. Unified syntactic annotation of English in the CGEL framework"
aryaman_arora,aryaman_arora_Q24,Research and Projects,What are the applicant's research areas?,"Computational Linguistics, NLP Interpretability, Morphology, Syntax, Historical Linguistics, Low-Resource Languages",S2_Retrieve_Section,mistralai/Mistral-7B-Instruct-v0.3,"{
  ""predicted_answer"": [""Computer Science"", ""Artificial Intelligence"", ""Machine Learning"", ""Natural Language"", ""Linguistics""],
  ""rationale"": ""The applicant's research areas can be inferred from their education and experience. They have a Ph.D. in Computer Science and have worked on AI/ML projects such as Siri Natural Language. They have also published papers related to PyTorch models, causal interpretability methods, and linguistic tasks."",
  ""confidence_score"": 0.95
}",,,,2.844210386276245,0.00019884109497070312,2.8440115451812744,1555,122,0.0,,,,,,,,E2_QA_Accuracy,"Aryaman Arora î aryaman.io DEPARTMENT OF COMPUTER SCIENCE ć aryamana@stanford.edu STANFORD UNIVERSITY _ aryaman2020 Education Stanford University, Stanford, CA 2023— Ph.D., Computer Science Advisors: Dan Jurafsky, Christopher Potts Georgetown University, Washington, D.C. 2020—2023 B.S., Computer Science GPA: 3.796 B.A., Linguistics Experience Georgetown University, Washington, D.C. Aug. 2019—Sep. 2023 Undergraduate Researcher, NERT (Nathan Schneider) Redwood Research, Berkeley, CA Winter 2022 Research Resident Apple, Seattle, WA Summer 2022 AI/ML Intern, Siri Natural Language (Robert Daland) ETH Zürich, Zürich, Switzerland Summer 2021 Research Intern, Rycolab (Ryan Cotterell) Publications Preprints [1] Zhengxuan Wu, Atticus Geiger, Aryaman Arora, Jing Huang, Zheng Wang, Noah D. Goodman, Christopher D. Manning, and Christopher Potts. 2024. pyvene: A library for understanding and improving PyT orch models via interventions. arXiv:2403.07809. Updated 2024-03-12. [2] Aryaman Arora, Dan Jurafsky, and Christopher Potts. 2024. CausalGym: Benchmarking causal interpretability methods on linguistic tasks. arXiv:2402.12560. Updated 2024-02-19. [3] Zhengxuan Wu, Atticus Geiger, Jing Huang, Aryaman Arora, Thomas Icard, Christopher Potts, and Noah D. Goodman. 2024. A reply to Makelov et al. (2023)’s “interpretability illusion” argu- ments. arXiv:2401.12631. Updated 2024-01-23. [4] Nicholas Goldowsky-Dill, Chris MacLeod, Lucas Sato, and Aryaman Arora. 2023. Localizing model behavior with path patching. arXiv:2304.05969. Updated 2023-05-16. [5] Brett Reynolds, Aryaman Arora, and Nathan Schneider. 2022. CGELBank: CGEL as a frame- work for English syntax annotation . arXiv:2210.00394. Updated 2022-10-01. [6] Aryaman Arora and Ahmed Etebari. 2021. Kholosi Dictionary. Updated 2021-04-13. 1 Conferences [1] Kabilan Prasanna and Aryaman Arora. 2024. IruMozhi: Automatically classifying diglossia in Tamil. Findings of NAACL. [2] Khuyagbaatar Batsuren*, Omer Goldman*, ...,Aryaman Arora, ..., and Ekaterina Vylomova. 2022. UniMorph 4.0: Universal Morphology . In LREC. [3] Aryaman Arora. 2022. Universal Dependencies for Punjabi . In LREC. [4] Aryaman Arora, Nitin Venkateswaran, and Nathan Schneider. 2022. MASALA: Modelling and analysing the semantics of adpositions in linguistic annotation of Hindi. In LREC. [5] Aryaman Arora, Clara Isabel Meister, and Ryan Cotterell. 2022. Estimating the entropy of lin- guistic distributions. In ACL. [6] Aryaman Arora, Adam Farris, Samopriya Basu, and Suresh Kolichala. 2022. Computational historical linguistics and language diversity in South Asia . In ACL. [7] Aryaman Arora, Luke Gessler, and Nathan Schneider. 2020. Supervised grapheme-to-phoneme conversion of orthographic schwas in Hindi and Punjabi . In ACL. Workshops [1] Nay San, Georgios Paraskevopoulos, Aryaman Arora, Xiluo He, Prabhjot Kaur, Oliver Adams, and Dan Jurafsky. 2024. Predicting positive transfer for improved low-resource speech recogni- tion using acoustic pseudo-tokens. In SIGTYP. [2] Vedant Palit*, Rohan Pandey*, Aryaman Arora, and Paul Pu Liang. 2023.T owards vision-language mechanistic interpretability: A causal tracing tool for BLIP . In 5th Workshop on Closing the Loop Between Vision and Language. [3] Omer Goldman, Khuyagbaatar Batsuren, Salam Khalifa, Aryaman Arora, Garrett Nicolai, Reut Tsarfaty, and Ekaterina Vylomova. 2023. SIGMORPHON–UniMorph 2023 shared task 0: Typo- logically diverse morphological inflection. In SIGMORPHON. [4] Aryaman Arora, Adam Farris, Samopriya Basu, and Suresh Kolichala. 2023. Jambu: A historical linguistic database for South Asian languages . In SIGMORPHON. [5] Brett Reynolds, Aryaman Arora, and Nathan Schneider. 2023. Unified syntactic annotation of English in the CGEL framework"
aryaman_arora,aryaman_arora_Q25,Skills,What are the applicant s key soft skills?,"Mentoring, collaboration, academic service, teaching, technical communication",S2_Retrieve_Section,mistralai/Mistral-7B-Instruct-v0.3,"{
  ""predicted_answer"": ""Not found"",
  ""rationale"": ""The provided CV section does not contain information about the applicant's soft skills."",
  ""confidence_score"": 1.0
}",,,,1.4219374656677246,0.00017333030700683594,1.4217641353607178,1555,52,0.0,,,,,,,,E2_QA_Accuracy,"Aryaman Arora î aryaman.io DEPARTMENT OF COMPUTER SCIENCE ć aryamana@stanford.edu STANFORD UNIVERSITY _ aryaman2020 Education Stanford University, Stanford, CA 2023— Ph.D., Computer Science Advisors: Dan Jurafsky, Christopher Potts Georgetown University, Washington, D.C. 2020—2023 B.S., Computer Science GPA: 3.796 B.A., Linguistics Experience Georgetown University, Washington, D.C. Aug. 2019—Sep. 2023 Undergraduate Researcher, NERT (Nathan Schneider) Redwood Research, Berkeley, CA Winter 2022 Research Resident Apple, Seattle, WA Summer 2022 AI/ML Intern, Siri Natural Language (Robert Daland) ETH Zürich, Zürich, Switzerland Summer 2021 Research Intern, Rycolab (Ryan Cotterell) Publications Preprints [1] Zhengxuan Wu, Atticus Geiger, Aryaman Arora, Jing Huang, Zheng Wang, Noah D. Goodman, Christopher D. Manning, and Christopher Potts. 2024. pyvene: A library for understanding and improving PyT orch models via interventions. arXiv:2403.07809. Updated 2024-03-12. [2] Aryaman Arora, Dan Jurafsky, and Christopher Potts. 2024. CausalGym: Benchmarking causal interpretability methods on linguistic tasks. arXiv:2402.12560. Updated 2024-02-19. [3] Zhengxuan Wu, Atticus Geiger, Jing Huang, Aryaman Arora, Thomas Icard, Christopher Potts, and Noah D. Goodman. 2024. A reply to Makelov et al. (2023)’s “interpretability illusion” argu- ments. arXiv:2401.12631. Updated 2024-01-23. [4] Nicholas Goldowsky-Dill, Chris MacLeod, Lucas Sato, and Aryaman Arora. 2023. Localizing model behavior with path patching. arXiv:2304.05969. Updated 2023-05-16. [5] Brett Reynolds, Aryaman Arora, and Nathan Schneider. 2022. CGELBank: CGEL as a frame- work for English syntax annotation . arXiv:2210.00394. Updated 2022-10-01. [6] Aryaman Arora and Ahmed Etebari. 2021. Kholosi Dictionary. Updated 2021-04-13. 1 Conferences [1] Kabilan Prasanna and Aryaman Arora. 2024. IruMozhi: Automatically classifying diglossia in Tamil. Findings of NAACL. [2] Khuyagbaatar Batsuren*, Omer Goldman*, ...,Aryaman Arora, ..., and Ekaterina Vylomova. 2022. UniMorph 4.0: Universal Morphology . In LREC. [3] Aryaman Arora. 2022. Universal Dependencies for Punjabi . In LREC. [4] Aryaman Arora, Nitin Venkateswaran, and Nathan Schneider. 2022. MASALA: Modelling and analysing the semantics of adpositions in linguistic annotation of Hindi. In LREC. [5] Aryaman Arora, Clara Isabel Meister, and Ryan Cotterell. 2022. Estimating the entropy of lin- guistic distributions. In ACL. [6] Aryaman Arora, Adam Farris, Samopriya Basu, and Suresh Kolichala. 2022. Computational historical linguistics and language diversity in South Asia . In ACL. [7] Aryaman Arora, Luke Gessler, and Nathan Schneider. 2020. Supervised grapheme-to-phoneme conversion of orthographic schwas in Hindi and Punjabi . In ACL. Workshops [1] Nay San, Georgios Paraskevopoulos, Aryaman Arora, Xiluo He, Prabhjot Kaur, Oliver Adams, and Dan Jurafsky. 2024. Predicting positive transfer for improved low-resource speech recogni- tion using acoustic pseudo-tokens. In SIGTYP. [2] Vedant Palit*, Rohan Pandey*, Aryaman Arora, and Paul Pu Liang. 2023.T owards vision-language mechanistic interpretability: A causal tracing tool for BLIP . In 5th Workshop on Closing the Loop Between Vision and Language. [3] Omer Goldman, Khuyagbaatar Batsuren, Salam Khalifa, Aryaman Arora, Garrett Nicolai, Reut Tsarfaty, and Ekaterina Vylomova. 2023. SIGMORPHON–UniMorph 2023 shared task 0: Typo- logically diverse morphological inflection. In SIGMORPHON. [4] Aryaman Arora, Adam Farris, Samopriya Basu, and Suresh Kolichala. 2023. Jambu: A historical linguistic database for South Asian languages . In SIGMORPHON. [5] Brett Reynolds, Aryaman Arora, and Nathan Schneider. 2023. Unified syntactic annotation of English in the CGEL framework"
aryaman_arora,aryaman_arora_Q26,Skills,"Are there any certifications, licenses, or trainings listed by the applicant?",Yes. Barry M. Goldwater Scholarship; U.S. Presidential Scholars Program Candidate.,S2_Retrieve_Section,mistralai/Mistral-7B-Instruct-v0.3,"{
  ""predicted_answer"": ""Not found"",
  ""rationale"": ""No certifications, licenses, or trainings are listed in the provided CV section."",
  ""confidence_score"": 1.0
}",,,,1.3087947368621826,0.00017714500427246094,1.3086175918579102,1562,52,0.0,,,,,,,,E2_QA_Accuracy,"Aryaman Arora î aryaman.io DEPARTMENT OF COMPUTER SCIENCE ć aryamana@stanford.edu STANFORD UNIVERSITY _ aryaman2020 Education Stanford University, Stanford, CA 2023— Ph.D., Computer Science Advisors: Dan Jurafsky, Christopher Potts Georgetown University, Washington, D.C. 2020—2023 B.S., Computer Science GPA: 3.796 B.A., Linguistics Experience Georgetown University, Washington, D.C. Aug. 2019—Sep. 2023 Undergraduate Researcher, NERT (Nathan Schneider) Redwood Research, Berkeley, CA Winter 2022 Research Resident Apple, Seattle, WA Summer 2022 AI/ML Intern, Siri Natural Language (Robert Daland) ETH Zürich, Zürich, Switzerland Summer 2021 Research Intern, Rycolab (Ryan Cotterell) Publications Preprints [1] Zhengxuan Wu, Atticus Geiger, Aryaman Arora, Jing Huang, Zheng Wang, Noah D. Goodman, Christopher D. Manning, and Christopher Potts. 2024. pyvene: A library for understanding and improving PyT orch models via interventions. arXiv:2403.07809. Updated 2024-03-12. [2] Aryaman Arora, Dan Jurafsky, and Christopher Potts. 2024. CausalGym: Benchmarking causal interpretability methods on linguistic tasks. arXiv:2402.12560. Updated 2024-02-19. [3] Zhengxuan Wu, Atticus Geiger, Jing Huang, Aryaman Arora, Thomas Icard, Christopher Potts, and Noah D. Goodman. 2024. A reply to Makelov et al. (2023)’s “interpretability illusion” argu- ments. arXiv:2401.12631. Updated 2024-01-23. [4] Nicholas Goldowsky-Dill, Chris MacLeod, Lucas Sato, and Aryaman Arora. 2023. Localizing model behavior with path patching. arXiv:2304.05969. Updated 2023-05-16. [5] Brett Reynolds, Aryaman Arora, and Nathan Schneider. 2022. CGELBank: CGEL as a frame- work for English syntax annotation . arXiv:2210.00394. Updated 2022-10-01. [6] Aryaman Arora and Ahmed Etebari. 2021. Kholosi Dictionary. Updated 2021-04-13. 1 Conferences [1] Kabilan Prasanna and Aryaman Arora. 2024. IruMozhi: Automatically classifying diglossia in Tamil. Findings of NAACL. [2] Khuyagbaatar Batsuren*, Omer Goldman*, ...,Aryaman Arora, ..., and Ekaterina Vylomova. 2022. UniMorph 4.0: Universal Morphology . In LREC. [3] Aryaman Arora. 2022. Universal Dependencies for Punjabi . In LREC. [4] Aryaman Arora, Nitin Venkateswaran, and Nathan Schneider. 2022. MASALA: Modelling and analysing the semantics of adpositions in linguistic annotation of Hindi. In LREC. [5] Aryaman Arora, Clara Isabel Meister, and Ryan Cotterell. 2022. Estimating the entropy of lin- guistic distributions. In ACL. [6] Aryaman Arora, Adam Farris, Samopriya Basu, and Suresh Kolichala. 2022. Computational historical linguistics and language diversity in South Asia . In ACL. [7] Aryaman Arora, Luke Gessler, and Nathan Schneider. 2020. Supervised grapheme-to-phoneme conversion of orthographic schwas in Hindi and Punjabi . In ACL. Workshops [1] Nay San, Georgios Paraskevopoulos, Aryaman Arora, Xiluo He, Prabhjot Kaur, Oliver Adams, and Dan Jurafsky. 2024. Predicting positive transfer for improved low-resource speech recogni- tion using acoustic pseudo-tokens. In SIGTYP. [2] Vedant Palit*, Rohan Pandey*, Aryaman Arora, and Paul Pu Liang. 2023.T owards vision-language mechanistic interpretability: A causal tracing tool for BLIP . In 5th Workshop on Closing the Loop Between Vision and Language. [3] Omer Goldman, Khuyagbaatar Batsuren, Salam Khalifa, Aryaman Arora, Garrett Nicolai, Reut Tsarfaty, and Ekaterina Vylomova. 2023. SIGMORPHON–UniMorph 2023 shared task 0: Typo- logically diverse morphological inflection. In SIGMORPHON. [4] Aryaman Arora, Adam Farris, Samopriya Basu, and Suresh Kolichala. 2023. Jambu: A historical linguistic database for South Asian languages . In SIGMORPHON. [5] Brett Reynolds, Aryaman Arora, and Nathan Schneider. 2023. Unified syntactic annotation of English in the CGEL framework"
aryaman_arora,aryaman_arora_Q27,Skills,Did the applicant describe a situation where they applied one of their key skills effectively?,Yes. Applied computational methods to analyze linguistic structures; developed tools for model interpretability and annotation.,S2_Retrieve_Section,mistralai/Mistral-7B-Instruct-v0.3,"{
  ""predicted_answer"": ""Not found"",
  ""rationale"": ""The provided CV section does not contain a specific situation where the applicant applied one of their key skills effectively."",
  ""confidence_score"": 1.0
}",,,,1.5175299644470215,0.00020241737365722656,1.5173275470733643,1562,57,0.0,,,,,,,,E2_QA_Accuracy,"Aryaman Arora î aryaman.io DEPARTMENT OF COMPUTER SCIENCE ć aryamana@stanford.edu STANFORD UNIVERSITY _ aryaman2020 Education Stanford University, Stanford, CA 2023— Ph.D., Computer Science Advisors: Dan Jurafsky, Christopher Potts Georgetown University, Washington, D.C. 2020—2023 B.S., Computer Science GPA: 3.796 B.A., Linguistics Experience Georgetown University, Washington, D.C. Aug. 2019—Sep. 2023 Undergraduate Researcher, NERT (Nathan Schneider) Redwood Research, Berkeley, CA Winter 2022 Research Resident Apple, Seattle, WA Summer 2022 AI/ML Intern, Siri Natural Language (Robert Daland) ETH Zürich, Zürich, Switzerland Summer 2021 Research Intern, Rycolab (Ryan Cotterell) Publications Preprints [1] Zhengxuan Wu, Atticus Geiger, Aryaman Arora, Jing Huang, Zheng Wang, Noah D. Goodman, Christopher D. Manning, and Christopher Potts. 2024. pyvene: A library for understanding and improving PyT orch models via interventions. arXiv:2403.07809. Updated 2024-03-12. [2] Aryaman Arora, Dan Jurafsky, and Christopher Potts. 2024. CausalGym: Benchmarking causal interpretability methods on linguistic tasks. arXiv:2402.12560. Updated 2024-02-19. [3] Zhengxuan Wu, Atticus Geiger, Jing Huang, Aryaman Arora, Thomas Icard, Christopher Potts, and Noah D. Goodman. 2024. A reply to Makelov et al. (2023)’s “interpretability illusion” argu- ments. arXiv:2401.12631. Updated 2024-01-23. [4] Nicholas Goldowsky-Dill, Chris MacLeod, Lucas Sato, and Aryaman Arora. 2023. Localizing model behavior with path patching. arXiv:2304.05969. Updated 2023-05-16. [5] Brett Reynolds, Aryaman Arora, and Nathan Schneider. 2022. CGELBank: CGEL as a frame- work for English syntax annotation . arXiv:2210.00394. Updated 2022-10-01. [6] Aryaman Arora and Ahmed Etebari. 2021. Kholosi Dictionary. Updated 2021-04-13. 1 Conferences [1] Kabilan Prasanna and Aryaman Arora. 2024. IruMozhi: Automatically classifying diglossia in Tamil. Findings of NAACL. [2] Khuyagbaatar Batsuren*, Omer Goldman*, ...,Aryaman Arora, ..., and Ekaterina Vylomova. 2022. UniMorph 4.0: Universal Morphology . In LREC. [3] Aryaman Arora. 2022. Universal Dependencies for Punjabi . In LREC. [4] Aryaman Arora, Nitin Venkateswaran, and Nathan Schneider. 2022. MASALA: Modelling and analysing the semantics of adpositions in linguistic annotation of Hindi. In LREC. [5] Aryaman Arora, Clara Isabel Meister, and Ryan Cotterell. 2022. Estimating the entropy of lin- guistic distributions. In ACL. [6] Aryaman Arora, Adam Farris, Samopriya Basu, and Suresh Kolichala. 2022. Computational historical linguistics and language diversity in South Asia . In ACL. [7] Aryaman Arora, Luke Gessler, and Nathan Schneider. 2020. Supervised grapheme-to-phoneme conversion of orthographic schwas in Hindi and Punjabi . In ACL. Workshops [1] Nay San, Georgios Paraskevopoulos, Aryaman Arora, Xiluo He, Prabhjot Kaur, Oliver Adams, and Dan Jurafsky. 2024. Predicting positive transfer for improved low-resource speech recogni- tion using acoustic pseudo-tokens. In SIGTYP. [2] Vedant Palit*, Rohan Pandey*, Aryaman Arora, and Paul Pu Liang. 2023.T owards vision-language mechanistic interpretability: A causal tracing tool for BLIP . In 5th Workshop on Closing the Loop Between Vision and Language. [3] Omer Goldman, Khuyagbaatar Batsuren, Salam Khalifa, Aryaman Arora, Garrett Nicolai, Reut Tsarfaty, and Ekaterina Vylomova. 2023. SIGMORPHON–UniMorph 2023 shared task 0: Typo- logically diverse morphological inflection. In SIGMORPHON. [4] Aryaman Arora, Adam Farris, Samopriya Basu, and Suresh Kolichala. 2023. Jambu: A historical linguistic database for South Asian languages . In SIGMORPHON. [5] Brett Reynolds, Aryaman Arora, and Nathan Schneider. 2023. Unified syntactic annotation of English in the CGEL framework"
aryaman_arora,aryaman_arora_Q28,Awards & Extracurricular Activities,"Has the applicant received any awards or recognitions? If so, which is the most significant?",Yes. Barry M. Goldwater Scholarship; multiple best paper awards and recognitions in computational linguistics.,S2_Retrieve_Section,mistralai/Mistral-7B-Instruct-v0.3,"{
  ""predicted_answer"": ""Not found"",
  ""rationale"": ""The provided CV section does not contain any information about awards or recognitions."",
  ""confidence_score"": 1.0
}",,,,1.2134201526641846,0.00020170211791992188,1.2132184505462646,1238,50,0.0,,,,,,,,E2_QA_Accuracy,". In LAW. [6] Khuyagbaatar Batsuren, Gábor Bella, Aryaman Arora, ..., and Ekaterina Vylomova. 2022. The SIGMORPHON 2022 shared task on morpheme segmentation . In SIGMORPHON. [7] Jordan Kodner, ..,Aryaman Arora, .., and Ekaterina Vylomova. 2022.SIGMORPHON–UniMorph 2022 shared task 0: Generalization and typologically diverse morphological inflection . In SIG- MORPHON. [8] Adam Farris* and Aryaman Arora*. 2021. For the purpose of curry: A UD treebank for Ashokan Prakrit. In UDW, SyntaxFest. [9] Aryaman Arora, Adam Farris, Gopalakrishnan R, and Samopriya Basu. 2021. Bhāṣācitra: Visu- alising the dialect geography of South Asia . In LChange. [10] Aryaman Arora, Nitin Venkateswaran, and Nathan Schneider. 2021. SNACS annotation of case markers and adpositions in Hindi. In SCiL. 2 [11] Michael Kranzlein, Emma Manning, Siyao Peng, Shira Wein, Aryaman Arora, and Nathan Schnei- der. 2020. PASTRIE: A corpus of prepositions annotated with supersense tags in Reddit Interna- tional English . In LAW. Presentations [1] Aryaman Arora. 2023. Investigating induction heads in a small transformer language model. In MASC-SLL, Arlington, VA, USA. [2] Aryaman Arora, Nathan Schneider, and Brett Reynolds. 2022. A CGEL-formalism English tree- bank. In MASC-SLL, Philadelphia, PA, USA. [3] Adam Farris* and Aryaman Arora*. 2022. DIPI: Dependency parsing for Ashokan Prakrit his- torical dialectology. In Towards a comparative historical dialectology: evidence from morphology and syntax, DGfS, Tübingen, Germany. [4] Aryaman Arora and Nathan Schneider. 2020. SNACS annotation of case markers and adposi- tions in Hindi. In SIGTYP. Non-archival extended abstract. Other [1] Aryaman Arora and John R. McIntyre. 2019. Quasi-passive lower and upper extremity robotic exoskeleton for strengthening human locomotion. In Sustainable Innovation. Teaching Teaching Assistant Intro to Comp Science: Python ( COSC 010) Fall 2022 Mentorship Adam Farris Undergrad, Stanford University 2021—2023 Vedant Palit Undergrad, IIT Kharagpur 2023— Kabilan Prasanna High school student 2023— Markus Zhang Undergrad, Stanford University 2023— Service Area Chair, NAACL 2024 Reviewer, LREC-COLING 2024 Program committee SIGTYP 2022, 2023, 2024 EURALI 2024 Shared task co-organiser SIGMORPHON, Morpheme Segmentation 2022 SIGMORPHON–UniMorph, Morphological Inflection 2022, 2023 Tutorial, Information Theory in Linguistics: Methods and Applications (COLING) 2022 Treebank maintainer, Universal Dependencies 2021— Contributor UniMorph 2021— 3 WikiPron 2020— Member, Association for Computational Linguistics 2020— Problemsetter, Panini Linguistics Olympiad 2020 Administrator, English Wiktionary 2017— Awards Barry M. Goldwater Scholarship 2022 U.S. Presidential Scholars Program Candidate 2020 Languages Native: English, Hindi–Urdu Proficient: Mandarin Chinese, Punjabi | Python (PyT orch), C++, JavaScript, R Fieldwork: Kholosi, Dagaare 4"
aryaman_arora,aryaman_arora_Q29,Awards & Extracurricular Activities,Did the applicant share a brief overview of an extracurricular or volunteer activity they have been involved in?,Yes. Mentored undergraduate and high school students; served as teaching assistant; organized shared tasks and tutorials.,S2_Retrieve_Section,mistralai/Mistral-7B-Instruct-v0.3,"{
  ""predicted_answer"": ""Not found"",
  ""rationale"": ""The provided CV section does not contain any information about extracurricular or volunteer activities."",
  ""confidence_score"": 1.0
}",,,,1.3734714984893799,0.00017762184143066406,1.3732938766479492,1242,54,0.0,,,,,,,,E2_QA_Accuracy,". In LAW. [6] Khuyagbaatar Batsuren, Gábor Bella, Aryaman Arora, ..., and Ekaterina Vylomova. 2022. The SIGMORPHON 2022 shared task on morpheme segmentation . In SIGMORPHON. [7] Jordan Kodner, ..,Aryaman Arora, .., and Ekaterina Vylomova. 2022.SIGMORPHON–UniMorph 2022 shared task 0: Generalization and typologically diverse morphological inflection . In SIG- MORPHON. [8] Adam Farris* and Aryaman Arora*. 2021. For the purpose of curry: A UD treebank for Ashokan Prakrit. In UDW, SyntaxFest. [9] Aryaman Arora, Adam Farris, Gopalakrishnan R, and Samopriya Basu. 2021. Bhāṣācitra: Visu- alising the dialect geography of South Asia . In LChange. [10] Aryaman Arora, Nitin Venkateswaran, and Nathan Schneider. 2021. SNACS annotation of case markers and adpositions in Hindi. In SCiL. 2 [11] Michael Kranzlein, Emma Manning, Siyao Peng, Shira Wein, Aryaman Arora, and Nathan Schnei- der. 2020. PASTRIE: A corpus of prepositions annotated with supersense tags in Reddit Interna- tional English . In LAW. Presentations [1] Aryaman Arora. 2023. Investigating induction heads in a small transformer language model. In MASC-SLL, Arlington, VA, USA. [2] Aryaman Arora, Nathan Schneider, and Brett Reynolds. 2022. A CGEL-formalism English tree- bank. In MASC-SLL, Philadelphia, PA, USA. [3] Adam Farris* and Aryaman Arora*. 2022. DIPI: Dependency parsing for Ashokan Prakrit his- torical dialectology. In Towards a comparative historical dialectology: evidence from morphology and syntax, DGfS, Tübingen, Germany. [4] Aryaman Arora and Nathan Schneider. 2020. SNACS annotation of case markers and adposi- tions in Hindi. In SIGTYP. Non-archival extended abstract. Other [1] Aryaman Arora and John R. McIntyre. 2019. Quasi-passive lower and upper extremity robotic exoskeleton for strengthening human locomotion. In Sustainable Innovation. Teaching Teaching Assistant Intro to Comp Science: Python ( COSC 010) Fall 2022 Mentorship Adam Farris Undergrad, Stanford University 2021—2023 Vedant Palit Undergrad, IIT Kharagpur 2023— Kabilan Prasanna High school student 2023— Markus Zhang Undergrad, Stanford University 2023— Service Area Chair, NAACL 2024 Reviewer, LREC-COLING 2024 Program committee SIGTYP 2022, 2023, 2024 EURALI 2024 Shared task co-organiser SIGMORPHON, Morpheme Segmentation 2022 SIGMORPHON–UniMorph, Morphological Inflection 2022, 2023 Tutorial, Information Theory in Linguistics: Methods and Applications (COLING) 2022 Treebank maintainer, Universal Dependencies 2021— Contributor UniMorph 2021— 3 WikiPron 2020— Member, Association for Computational Linguistics 2020— Problemsetter, Panini Linguistics Olympiad 2020 Administrator, English Wiktionary 2017— Awards Barry M. Goldwater Scholarship 2022 U.S. Presidential Scholars Program Candidate 2020 Languages Native: English, Hindi–Urdu Proficient: Mandarin Chinese, Punjabi | Python (PyT orch), C++, JavaScript, R Fieldwork: Kholosi, Dagaare 4"
aryaman_arora,aryaman_arora_Q30,Awards & Extracurricular Activities,Did the applicant describe any notable academic achievements or honors received?,Yes. Double major in Computer Science and Linguistics; prestigious scholarships and consistent research output.,S2_Retrieve_Section,mistralai/Mistral-7B-Instruct-v0.3,"{
  ""predicted_answer"": ""Yes, the applicant mentioned receiving the Barry M. Goldwater Scholarship and being a U.S. Presidential Scholars Program Candidate."",
  ""rationale"": ""These academic achievements are listed under the 'Awards' section."",
  ""confidence_score"": 1.0
}",,,,1.8388619422912598,0.00019931793212890625,1.8386626243591309,1232,76,0.0,,,,,,,,E2_QA_Accuracy,". In LAW. [6] Khuyagbaatar Batsuren, Gábor Bella, Aryaman Arora, ..., and Ekaterina Vylomova. 2022. The SIGMORPHON 2022 shared task on morpheme segmentation . In SIGMORPHON. [7] Jordan Kodner, ..,Aryaman Arora, .., and Ekaterina Vylomova. 2022.SIGMORPHON–UniMorph 2022 shared task 0: Generalization and typologically diverse morphological inflection . In SIG- MORPHON. [8] Adam Farris* and Aryaman Arora*. 2021. For the purpose of curry: A UD treebank for Ashokan Prakrit. In UDW, SyntaxFest. [9] Aryaman Arora, Adam Farris, Gopalakrishnan R, and Samopriya Basu. 2021. Bhāṣācitra: Visu- alising the dialect geography of South Asia . In LChange. [10] Aryaman Arora, Nitin Venkateswaran, and Nathan Schneider. 2021. SNACS annotation of case markers and adpositions in Hindi. In SCiL. 2 [11] Michael Kranzlein, Emma Manning, Siyao Peng, Shira Wein, Aryaman Arora, and Nathan Schnei- der. 2020. PASTRIE: A corpus of prepositions annotated with supersense tags in Reddit Interna- tional English . In LAW. Presentations [1] Aryaman Arora. 2023. Investigating induction heads in a small transformer language model. In MASC-SLL, Arlington, VA, USA. [2] Aryaman Arora, Nathan Schneider, and Brett Reynolds. 2022. A CGEL-formalism English tree- bank. In MASC-SLL, Philadelphia, PA, USA. [3] Adam Farris* and Aryaman Arora*. 2022. DIPI: Dependency parsing for Ashokan Prakrit his- torical dialectology. In Towards a comparative historical dialectology: evidence from morphology and syntax, DGfS, Tübingen, Germany. [4] Aryaman Arora and Nathan Schneider. 2020. SNACS annotation of case markers and adposi- tions in Hindi. In SIGTYP. Non-archival extended abstract. Other [1] Aryaman Arora and John R. McIntyre. 2019. Quasi-passive lower and upper extremity robotic exoskeleton for strengthening human locomotion. In Sustainable Innovation. Teaching Teaching Assistant Intro to Comp Science: Python ( COSC 010) Fall 2022 Mentorship Adam Farris Undergrad, Stanford University 2021—2023 Vedant Palit Undergrad, IIT Kharagpur 2023— Kabilan Prasanna High school student 2023— Markus Zhang Undergrad, Stanford University 2023— Service Area Chair, NAACL 2024 Reviewer, LREC-COLING 2024 Program committee SIGTYP 2022, 2023, 2024 EURALI 2024 Shared task co-organiser SIGMORPHON, Morpheme Segmentation 2022 SIGMORPHON–UniMorph, Morphological Inflection 2022, 2023 Tutorial, Information Theory in Linguistics: Methods and Applications (COLING) 2022 Treebank maintainer, Universal Dependencies 2021— Contributor UniMorph 2021— 3 WikiPron 2020— Member, Association for Computational Linguistics 2020— Problemsetter, Panini Linguistics Olympiad 2020 Administrator, English Wiktionary 2017— Awards Barry M. Goldwater Scholarship 2022 U.S. Presidential Scholars Program Candidate 2020 Languages Native: English, Hindi–Urdu Proficient: Mandarin Chinese, Punjabi | Python (PyT orch), C++, JavaScript, R Fieldwork: Kholosi, Dagaare 4"
benyu_wang,benyu_wang_Q1,Personal Information,What is the applicant's full name?,Benyu Wang,S2_Retrieve_Section,mistralai/Mistral-7B-Instruct-v0.3,"{
  ""predicted_answer"": ""Benyu Wang"",
  ""rationale"": ""The applicant's name is mentioned at the beginning of the CV section."",
  ""confidence_score"": 1.0
}",,,,1.240800142288208,7.486343383789062e-05,1.2407252788543701,1047,53,0.0,,,,,,,,E2_QA_Accuracy,"Benyu Wang University of Michigan, Ann Arbor, US benyuw@umich.edu | wbyyui.github.io Updated July 8, 2025 Interests ◦ Broad interest in /T_heoretical Computer Science. ◦ Study and research experience in Graph Algorithms / Combinatorics. Education University of Michigan Ann Arbor, US PhD student at Computer Science and Engineering (CSE) Aug 2023 – now ◦ Advisor: Prof. /T_hatchaphol Saranurak ◦ GPA: 4.00/4.00 Tsinghua University (Yao Class) Beijing, China B.Eng., Computer Science and Technology Aug 2019 – Jun 2023 ◦ Advisor: Prof. Ran Duan ◦ GPA: 3.90/4.00 & For Yao Class courses only: 3.98/4.00 Selected Courses: (A+/A stand for 95-100 in 100-point values, A+ is the best grade) · Mathematics for Computer Science (A+) & Mathematics for Arti/f_icial Intelligence (A+) · /T_heory of Computation (A+) & Design and Analysis of Algorithms (A+) Experiences University of Michigan Ann Arbor, US Undergraduate Research Intern (Visitor) Feb 2022 – Aug 2022 ◦ Visited the theory group of UM. Worked with Prof. Seth Pe/t_tieand Prof. /T_hatchaphol Saranurak. INSAIT So/f_ia, Bulgaria Research Intern (Visitor) Sep 2024 – Dec 2024 Teaching Graduate Student Instructor, Introduction to Algorithms Winter 2025, University of Michigan Undergraduate algorithm course instructed by Prof. /T_hatchaphol Saranurak. Teaching Assistant, /T_heory of Computation Spring 2023, Tsinghua University Undergraduate complexity theory course instructed by Prof. Ran Duan. Teaching Assistant, Design and Analysis of Algorithms Fall 2022, Tsinghua University Graduate-Level algorithm course instructed by Prof. Ran Duan. Services Conference Review: STOC(25), FOCS(23,24,25), SODA(24,25), ICALP(23), ITCS(24,25), ESA(24). Journal Review: Algorithmica. Selected Awards and Scholarships ICPC Astana World Finalist (Rank 2/15 in ICPC ECNA/NAC) 2023-2024 Excellent Academic Scholarship & Excellent Art Scholarship of Tsinghua University 2022 Gold Medal in Chinese Mathematical Olympiad (CMO) (ranked 86th in China) 2018 Silver Medal in National Olympiad in Informatics (NOI) (ranked 90th in China) 2018 Publications Tight Conditional Lower Bounds for Vertex Connectivity Problems Zhiyi Huang, Yaowei Long, /T_hatchaphol Saranurak, Benyu Wang ◦ STOC 2023, arXiv:2212.00359. Undirected 3-Fault Replacement Path in Nearly Cubic Time Shucheng Chi, Ran Duan, Benyu Wang, Tianle Xie ◦ ICALP 2025, arXiv:2411.18312. Near-Optimal Fault-Tolerant Strong Connectivity Preservers Gary Hoppenworth, /T_hatchaphol Saranurak, Benyu Wang ◦ FOCS 2025, to appear"
benyu_wang,benyu_wang_Q2,Personal Information,What is the applicant's LinkedIn?,nan,S2_Retrieve_Section,mistralai/Mistral-7B-Instruct-v0.3,"{
  ""predicted_answer"": ""Not found"",
  ""rationale"": ""The provided CV section does not contain any information about the applicant's LinkedIn profile."",
  ""confidence_score"": 1.0
}",,,,1.368804931640625,8.487701416015625e-05,1.3687200546264648,1047,54,0.0,,,,,,,,E2_QA_Accuracy,"Benyu Wang University of Michigan, Ann Arbor, US benyuw@umich.edu | wbyyui.github.io Updated July 8, 2025 Interests ◦ Broad interest in /T_heoretical Computer Science. ◦ Study and research experience in Graph Algorithms / Combinatorics. Education University of Michigan Ann Arbor, US PhD student at Computer Science and Engineering (CSE) Aug 2023 – now ◦ Advisor: Prof. /T_hatchaphol Saranurak ◦ GPA: 4.00/4.00 Tsinghua University (Yao Class) Beijing, China B.Eng., Computer Science and Technology Aug 2019 – Jun 2023 ◦ Advisor: Prof. Ran Duan ◦ GPA: 3.90/4.00 & For Yao Class courses only: 3.98/4.00 Selected Courses: (A+/A stand for 95-100 in 100-point values, A+ is the best grade) · Mathematics for Computer Science (A+) & Mathematics for Arti/f_icial Intelligence (A+) · /T_heory of Computation (A+) & Design and Analysis of Algorithms (A+) Experiences University of Michigan Ann Arbor, US Undergraduate Research Intern (Visitor) Feb 2022 – Aug 2022 ◦ Visited the theory group of UM. Worked with Prof. Seth Pe/t_tieand Prof. /T_hatchaphol Saranurak. INSAIT So/f_ia, Bulgaria Research Intern (Visitor) Sep 2024 – Dec 2024 Teaching Graduate Student Instructor, Introduction to Algorithms Winter 2025, University of Michigan Undergraduate algorithm course instructed by Prof. /T_hatchaphol Saranurak. Teaching Assistant, /T_heory of Computation Spring 2023, Tsinghua University Undergraduate complexity theory course instructed by Prof. Ran Duan. Teaching Assistant, Design and Analysis of Algorithms Fall 2022, Tsinghua University Graduate-Level algorithm course instructed by Prof. Ran Duan. Services Conference Review: STOC(25), FOCS(23,24,25), SODA(24,25), ICALP(23), ITCS(24,25), ESA(24). Journal Review: Algorithmica. Selected Awards and Scholarships ICPC Astana World Finalist (Rank 2/15 in ICPC ECNA/NAC) 2023-2024 Excellent Academic Scholarship & Excellent Art Scholarship of Tsinghua University 2022 Gold Medal in Chinese Mathematical Olympiad (CMO) (ranked 86th in China) 2018 Silver Medal in National Olympiad in Informatics (NOI) (ranked 90th in China) 2018 Publications Tight Conditional Lower Bounds for Vertex Connectivity Problems Zhiyi Huang, Yaowei Long, /T_hatchaphol Saranurak, Benyu Wang ◦ STOC 2023, arXiv:2212.00359. Undirected 3-Fault Replacement Path in Nearly Cubic Time Shucheng Chi, Ran Duan, Benyu Wang, Tianle Xie ◦ ICALP 2025, arXiv:2411.18312. Near-Optimal Fault-Tolerant Strong Connectivity Preservers Gary Hoppenworth, /T_hatchaphol Saranurak, Benyu Wang ◦ FOCS 2025, to appear"
benyu_wang,benyu_wang_Q3,Personal Information,What is the applicant's primary contact number?,nan,S2_Retrieve_Section,mistralai/Mistral-7B-Instruct-v0.3,"{
  ""predicted_answer"": ""Not found"",
  ""rationale"": ""The provided CV section does not contain any phone number or email address for the applicant."",
  ""confidence_score"": 1.0
}",,,,1.2453012466430664,8.416175842285156e-05,1.2452170848846436,1048,53,0.0,,,,,,,,E2_QA_Accuracy,"Benyu Wang University of Michigan, Ann Arbor, US benyuw@umich.edu | wbyyui.github.io Updated July 8, 2025 Interests ◦ Broad interest in /T_heoretical Computer Science. ◦ Study and research experience in Graph Algorithms / Combinatorics. Education University of Michigan Ann Arbor, US PhD student at Computer Science and Engineering (CSE) Aug 2023 – now ◦ Advisor: Prof. /T_hatchaphol Saranurak ◦ GPA: 4.00/4.00 Tsinghua University (Yao Class) Beijing, China B.Eng., Computer Science and Technology Aug 2019 – Jun 2023 ◦ Advisor: Prof. Ran Duan ◦ GPA: 3.90/4.00 & For Yao Class courses only: 3.98/4.00 Selected Courses: (A+/A stand for 95-100 in 100-point values, A+ is the best grade) · Mathematics for Computer Science (A+) & Mathematics for Arti/f_icial Intelligence (A+) · /T_heory of Computation (A+) & Design and Analysis of Algorithms (A+) Experiences University of Michigan Ann Arbor, US Undergraduate Research Intern (Visitor) Feb 2022 – Aug 2022 ◦ Visited the theory group of UM. Worked with Prof. Seth Pe/t_tieand Prof. /T_hatchaphol Saranurak. INSAIT So/f_ia, Bulgaria Research Intern (Visitor) Sep 2024 – Dec 2024 Teaching Graduate Student Instructor, Introduction to Algorithms Winter 2025, University of Michigan Undergraduate algorithm course instructed by Prof. /T_hatchaphol Saranurak. Teaching Assistant, /T_heory of Computation Spring 2023, Tsinghua University Undergraduate complexity theory course instructed by Prof. Ran Duan. Teaching Assistant, Design and Analysis of Algorithms Fall 2022, Tsinghua University Graduate-Level algorithm course instructed by Prof. Ran Duan. Services Conference Review: STOC(25), FOCS(23,24,25), SODA(24,25), ICALP(23), ITCS(24,25), ESA(24). Journal Review: Algorithmica. Selected Awards and Scholarships ICPC Astana World Finalist (Rank 2/15 in ICPC ECNA/NAC) 2023-2024 Excellent Academic Scholarship & Excellent Art Scholarship of Tsinghua University 2022 Gold Medal in Chinese Mathematical Olympiad (CMO) (ranked 86th in China) 2018 Silver Medal in National Olympiad in Informatics (NOI) (ranked 90th in China) 2018 Publications Tight Conditional Lower Bounds for Vertex Connectivity Problems Zhiyi Huang, Yaowei Long, /T_hatchaphol Saranurak, Benyu Wang ◦ STOC 2023, arXiv:2212.00359. Undirected 3-Fault Replacement Path in Nearly Cubic Time Shucheng Chi, Ran Duan, Benyu Wang, Tianle Xie ◦ ICALP 2025, arXiv:2411.18312. Near-Optimal Fault-Tolerant Strong Connectivity Preservers Gary Hoppenworth, /T_hatchaphol Saranurak, Benyu Wang ◦ FOCS 2025, to appear"
benyu_wang,benyu_wang_Q4,Personal Information,In which city and country is the applicant currently located?,"Ann Arbor, Michigan, USA (based on university affiliation)",S2_Retrieve_Section,mistralai/Mistral-7B-Instruct-v0.3,"{
  ""predicted_answer"": ""Ann Arbor, US"",
  ""rationale"": ""The applicant is currently a PhD student at the University of Michigan, Ann Arbor, US."",
  ""confidence_score"": 1.0
}",,,,1.4530549049377441,8.344650268554688e-05,1.4529714584350586,1049,58,0.0,,,,,,,,E2_QA_Accuracy,"Benyu Wang University of Michigan, Ann Arbor, US benyuw@umich.edu | wbyyui.github.io Updated July 8, 2025 Interests ◦ Broad interest in /T_heoretical Computer Science. ◦ Study and research experience in Graph Algorithms / Combinatorics. Education University of Michigan Ann Arbor, US PhD student at Computer Science and Engineering (CSE) Aug 2023 – now ◦ Advisor: Prof. /T_hatchaphol Saranurak ◦ GPA: 4.00/4.00 Tsinghua University (Yao Class) Beijing, China B.Eng., Computer Science and Technology Aug 2019 – Jun 2023 ◦ Advisor: Prof. Ran Duan ◦ GPA: 3.90/4.00 & For Yao Class courses only: 3.98/4.00 Selected Courses: (A+/A stand for 95-100 in 100-point values, A+ is the best grade) · Mathematics for Computer Science (A+) & Mathematics for Arti/f_icial Intelligence (A+) · /T_heory of Computation (A+) & Design and Analysis of Algorithms (A+) Experiences University of Michigan Ann Arbor, US Undergraduate Research Intern (Visitor) Feb 2022 – Aug 2022 ◦ Visited the theory group of UM. Worked with Prof. Seth Pe/t_tieand Prof. /T_hatchaphol Saranurak. INSAIT So/f_ia, Bulgaria Research Intern (Visitor) Sep 2024 – Dec 2024 Teaching Graduate Student Instructor, Introduction to Algorithms Winter 2025, University of Michigan Undergraduate algorithm course instructed by Prof. /T_hatchaphol Saranurak. Teaching Assistant, /T_heory of Computation Spring 2023, Tsinghua University Undergraduate complexity theory course instructed by Prof. Ran Duan. Teaching Assistant, Design and Analysis of Algorithms Fall 2022, Tsinghua University Graduate-Level algorithm course instructed by Prof. Ran Duan. Services Conference Review: STOC(25), FOCS(23,24,25), SODA(24,25), ICALP(23), ITCS(24,25), ESA(24). Journal Review: Algorithmica. Selected Awards and Scholarships ICPC Astana World Finalist (Rank 2/15 in ICPC ECNA/NAC) 2023-2024 Excellent Academic Scholarship & Excellent Art Scholarship of Tsinghua University 2022 Gold Medal in Chinese Mathematical Olympiad (CMO) (ranked 86th in China) 2018 Silver Medal in National Olympiad in Informatics (NOI) (ranked 90th in China) 2018 Publications Tight Conditional Lower Bounds for Vertex Connectivity Problems Zhiyi Huang, Yaowei Long, /T_hatchaphol Saranurak, Benyu Wang ◦ STOC 2023, arXiv:2212.00359. Undirected 3-Fault Replacement Path in Nearly Cubic Time Shucheng Chi, Ran Duan, Benyu Wang, Tianle Xie ◦ ICALP 2025, arXiv:2411.18312. Near-Optimal Fault-Tolerant Strong Connectivity Preservers Gary Hoppenworth, /T_hatchaphol Saranurak, Benyu Wang ◦ FOCS 2025, to appear"
benyu_wang,benyu_wang_Q5,Personal Information,Did the applicant provide a brief professional summary or career objective?,"Yes. Focuses on theoretical computer science, particularly graph algorithms, combinatorics, and complexity.",S2_Retrieve_Section,mistralai/Mistral-7B-Instruct-v0.3,"{
  ""predicted_answer"": ""Not found"",
  ""rationale"": ""The provided CV section does not contain a brief professional summary or career objective."",
  ""confidence_score"": 1.0
}",,,,1.1949572563171387,8.630752563476562e-05,1.194870948791504,1050,50,0.0,,,,,,,,E2_QA_Accuracy,"Benyu Wang University of Michigan, Ann Arbor, US benyuw@umich.edu | wbyyui.github.io Updated July 8, 2025 Interests ◦ Broad interest in /T_heoretical Computer Science. ◦ Study and research experience in Graph Algorithms / Combinatorics. Education University of Michigan Ann Arbor, US PhD student at Computer Science and Engineering (CSE) Aug 2023 – now ◦ Advisor: Prof. /T_hatchaphol Saranurak ◦ GPA: 4.00/4.00 Tsinghua University (Yao Class) Beijing, China B.Eng., Computer Science and Technology Aug 2019 – Jun 2023 ◦ Advisor: Prof. Ran Duan ◦ GPA: 3.90/4.00 & For Yao Class courses only: 3.98/4.00 Selected Courses: (A+/A stand for 95-100 in 100-point values, A+ is the best grade) · Mathematics for Computer Science (A+) & Mathematics for Arti/f_icial Intelligence (A+) · /T_heory of Computation (A+) & Design and Analysis of Algorithms (A+) Experiences University of Michigan Ann Arbor, US Undergraduate Research Intern (Visitor) Feb 2022 – Aug 2022 ◦ Visited the theory group of UM. Worked with Prof. Seth Pe/t_tieand Prof. /T_hatchaphol Saranurak. INSAIT So/f_ia, Bulgaria Research Intern (Visitor) Sep 2024 – Dec 2024 Teaching Graduate Student Instructor, Introduction to Algorithms Winter 2025, University of Michigan Undergraduate algorithm course instructed by Prof. /T_hatchaphol Saranurak. Teaching Assistant, /T_heory of Computation Spring 2023, Tsinghua University Undergraduate complexity theory course instructed by Prof. Ran Duan. Teaching Assistant, Design and Analysis of Algorithms Fall 2022, Tsinghua University Graduate-Level algorithm course instructed by Prof. Ran Duan. Services Conference Review: STOC(25), FOCS(23,24,25), SODA(24,25), ICALP(23), ITCS(24,25), ESA(24). Journal Review: Algorithmica. Selected Awards and Scholarships ICPC Astana World Finalist (Rank 2/15 in ICPC ECNA/NAC) 2023-2024 Excellent Academic Scholarship & Excellent Art Scholarship of Tsinghua University 2022 Gold Medal in Chinese Mathematical Olympiad (CMO) (ranked 86th in China) 2018 Silver Medal in National Olympiad in Informatics (NOI) (ranked 90th in China) 2018 Publications Tight Conditional Lower Bounds for Vertex Connectivity Problems Zhiyi Huang, Yaowei Long, /T_hatchaphol Saranurak, Benyu Wang ◦ STOC 2023, arXiv:2212.00359. Undirected 3-Fault Replacement Path in Nearly Cubic Time Shucheng Chi, Ran Duan, Benyu Wang, Tianle Xie ◦ ICALP 2025, arXiv:2411.18312. Near-Optimal Fault-Tolerant Strong Connectivity Preservers Gary Hoppenworth, /T_hatchaphol Saranurak, Benyu Wang ◦ FOCS 2025, to appear"
benyu_wang,benyu_wang_Q6,Education,What is the highest level of education the applicant has completed?,Ph.D. student in Computer Science and Engineering (in progress),S2_Retrieve_Section,mistralai/Mistral-7B-Instruct-v0.3,"{
  ""predicted_answer"": ""PhD student"",
  ""rationale"": ""The applicant is currently a PhD student at Computer Science and Engineering (CSE) at the University of Michigan Ann Arbor."",
  ""confidence_score"": 1.0
}",,,,1.898637294769287,7.486343383789062e-05,1.8985624313354492,1050,62,0.0,,,,,,,,E2_QA_Accuracy,"Benyu Wang University of Michigan, Ann Arbor, US benyuw@umich.edu | wbyyui.github.io Updated July 8, 2025 Interests ◦ Broad interest in /T_heoretical Computer Science. ◦ Study and research experience in Graph Algorithms / Combinatorics. Education University of Michigan Ann Arbor, US PhD student at Computer Science and Engineering (CSE) Aug 2023 – now ◦ Advisor: Prof. /T_hatchaphol Saranurak ◦ GPA: 4.00/4.00 Tsinghua University (Yao Class) Beijing, China B.Eng., Computer Science and Technology Aug 2019 – Jun 2023 ◦ Advisor: Prof. Ran Duan ◦ GPA: 3.90/4.00 & For Yao Class courses only: 3.98/4.00 Selected Courses: (A+/A stand for 95-100 in 100-point values, A+ is the best grade) · Mathematics for Computer Science (A+) & Mathematics for Arti/f_icial Intelligence (A+) · /T_heory of Computation (A+) & Design and Analysis of Algorithms (A+) Experiences University of Michigan Ann Arbor, US Undergraduate Research Intern (Visitor) Feb 2022 – Aug 2022 ◦ Visited the theory group of UM. Worked with Prof. Seth Pe/t_tieand Prof. /T_hatchaphol Saranurak. INSAIT So/f_ia, Bulgaria Research Intern (Visitor) Sep 2024 – Dec 2024 Teaching Graduate Student Instructor, Introduction to Algorithms Winter 2025, University of Michigan Undergraduate algorithm course instructed by Prof. /T_hatchaphol Saranurak. Teaching Assistant, /T_heory of Computation Spring 2023, Tsinghua University Undergraduate complexity theory course instructed by Prof. Ran Duan. Teaching Assistant, Design and Analysis of Algorithms Fall 2022, Tsinghua University Graduate-Level algorithm course instructed by Prof. Ran Duan. Services Conference Review: STOC(25), FOCS(23,24,25), SODA(24,25), ICALP(23), ITCS(24,25), ESA(24). Journal Review: Algorithmica. Selected Awards and Scholarships ICPC Astana World Finalist (Rank 2/15 in ICPC ECNA/NAC) 2023-2024 Excellent Academic Scholarship & Excellent Art Scholarship of Tsinghua University 2022 Gold Medal in Chinese Mathematical Olympiad (CMO) (ranked 86th in China) 2018 Silver Medal in National Olympiad in Informatics (NOI) (ranked 90th in China) 2018 Publications Tight Conditional Lower Bounds for Vertex Connectivity Problems Zhiyi Huang, Yaowei Long, /T_hatchaphol Saranurak, Benyu Wang ◦ STOC 2023, arXiv:2212.00359. Undirected 3-Fault Replacement Path in Nearly Cubic Time Shucheng Chi, Ran Duan, Benyu Wang, Tianle Xie ◦ ICALP 2025, arXiv:2411.18312. Near-Optimal Fault-Tolerant Strong Connectivity Preservers Gary Hoppenworth, /T_hatchaphol Saranurak, Benyu Wang ◦ FOCS 2025, to appear"
benyu_wang,benyu_wang_Q7,Education,Which institutions did the applicant attend?,University of Michigan; Tsinghua University (Yao Class),S2_Retrieve_Section,mistralai/Mistral-7B-Instruct-v0.3,"{
  ""predicted_answer"": [""University of Michigan"", ""Tsinghua University""],
  ""rationale"": ""The applicant attended the University of Michigan as a PhD student and Tsinghua University as an undergraduate student."",
  ""confidence_score"": 1.0
}",,,,2.293229579925537,8.535385131835938e-05,2.2931442260742188,1045,68,0.0,,,,,,,,E2_QA_Accuracy,"Benyu Wang University of Michigan, Ann Arbor, US benyuw@umich.edu | wbyyui.github.io Updated July 8, 2025 Interests ◦ Broad interest in /T_heoretical Computer Science. ◦ Study and research experience in Graph Algorithms / Combinatorics. Education University of Michigan Ann Arbor, US PhD student at Computer Science and Engineering (CSE) Aug 2023 – now ◦ Advisor: Prof. /T_hatchaphol Saranurak ◦ GPA: 4.00/4.00 Tsinghua University (Yao Class) Beijing, China B.Eng., Computer Science and Technology Aug 2019 – Jun 2023 ◦ Advisor: Prof. Ran Duan ◦ GPA: 3.90/4.00 & For Yao Class courses only: 3.98/4.00 Selected Courses: (A+/A stand for 95-100 in 100-point values, A+ is the best grade) · Mathematics for Computer Science (A+) & Mathematics for Arti/f_icial Intelligence (A+) · /T_heory of Computation (A+) & Design and Analysis of Algorithms (A+) Experiences University of Michigan Ann Arbor, US Undergraduate Research Intern (Visitor) Feb 2022 – Aug 2022 ◦ Visited the theory group of UM. Worked with Prof. Seth Pe/t_tieand Prof. /T_hatchaphol Saranurak. INSAIT So/f_ia, Bulgaria Research Intern (Visitor) Sep 2024 – Dec 2024 Teaching Graduate Student Instructor, Introduction to Algorithms Winter 2025, University of Michigan Undergraduate algorithm course instructed by Prof. /T_hatchaphol Saranurak. Teaching Assistant, /T_heory of Computation Spring 2023, Tsinghua University Undergraduate complexity theory course instructed by Prof. Ran Duan. Teaching Assistant, Design and Analysis of Algorithms Fall 2022, Tsinghua University Graduate-Level algorithm course instructed by Prof. Ran Duan. Services Conference Review: STOC(25), FOCS(23,24,25), SODA(24,25), ICALP(23), ITCS(24,25), ESA(24). Journal Review: Algorithmica. Selected Awards and Scholarships ICPC Astana World Finalist (Rank 2/15 in ICPC ECNA/NAC) 2023-2024 Excellent Academic Scholarship & Excellent Art Scholarship of Tsinghua University 2022 Gold Medal in Chinese Mathematical Olympiad (CMO) (ranked 86th in China) 2018 Silver Medal in National Olympiad in Informatics (NOI) (ranked 90th in China) 2018 Publications Tight Conditional Lower Bounds for Vertex Connectivity Problems Zhiyi Huang, Yaowei Long, /T_hatchaphol Saranurak, Benyu Wang ◦ STOC 2023, arXiv:2212.00359. Undirected 3-Fault Replacement Path in Nearly Cubic Time Shucheng Chi, Ran Duan, Benyu Wang, Tianle Xie ◦ ICALP 2025, arXiv:2411.18312. Near-Optimal Fault-Tolerant Strong Connectivity Preservers Gary Hoppenworth, /T_hatchaphol Saranurak, Benyu Wang ◦ FOCS 2025, to appear"
benyu_wang,benyu_wang_Q8,Education,What is the applicant's score or GPA for his highest level of education?,4.00/4.00 (University of Michigan); 3.90/4.00 (Tsinghua),S2_Retrieve_Section,mistralai/Mistral-7B-Instruct-v0.3,"{
  ""predicted_answer"": ""4.00"",
  ""rationale"": ""The applicant's GPA for his PhD student education at the University of Michigan is 4.00/4.00."",
  ""confidence_score"": 1.0
}",,,,2.2265572547912598,8.249282836914062e-05,2.2264747619628906,1055,66,0.0,,,,,,,,E2_QA_Accuracy,"Benyu Wang University of Michigan, Ann Arbor, US benyuw@umich.edu | wbyyui.github.io Updated July 8, 2025 Interests ◦ Broad interest in /T_heoretical Computer Science. ◦ Study and research experience in Graph Algorithms / Combinatorics. Education University of Michigan Ann Arbor, US PhD student at Computer Science and Engineering (CSE) Aug 2023 – now ◦ Advisor: Prof. /T_hatchaphol Saranurak ◦ GPA: 4.00/4.00 Tsinghua University (Yao Class) Beijing, China B.Eng., Computer Science and Technology Aug 2019 – Jun 2023 ◦ Advisor: Prof. Ran Duan ◦ GPA: 3.90/4.00 & For Yao Class courses only: 3.98/4.00 Selected Courses: (A+/A stand for 95-100 in 100-point values, A+ is the best grade) · Mathematics for Computer Science (A+) & Mathematics for Arti/f_icial Intelligence (A+) · /T_heory of Computation (A+) & Design and Analysis of Algorithms (A+) Experiences University of Michigan Ann Arbor, US Undergraduate Research Intern (Visitor) Feb 2022 – Aug 2022 ◦ Visited the theory group of UM. Worked with Prof. Seth Pe/t_tieand Prof. /T_hatchaphol Saranurak. INSAIT So/f_ia, Bulgaria Research Intern (Visitor) Sep 2024 – Dec 2024 Teaching Graduate Student Instructor, Introduction to Algorithms Winter 2025, University of Michigan Undergraduate algorithm course instructed by Prof. /T_hatchaphol Saranurak. Teaching Assistant, /T_heory of Computation Spring 2023, Tsinghua University Undergraduate complexity theory course instructed by Prof. Ran Duan. Teaching Assistant, Design and Analysis of Algorithms Fall 2022, Tsinghua University Graduate-Level algorithm course instructed by Prof. Ran Duan. Services Conference Review: STOC(25), FOCS(23,24,25), SODA(24,25), ICALP(23), ITCS(24,25), ESA(24). Journal Review: Algorithmica. Selected Awards and Scholarships ICPC Astana World Finalist (Rank 2/15 in ICPC ECNA/NAC) 2023-2024 Excellent Academic Scholarship & Excellent Art Scholarship of Tsinghua University 2022 Gold Medal in Chinese Mathematical Olympiad (CMO) (ranked 86th in China) 2018 Silver Medal in National Olympiad in Informatics (NOI) (ranked 90th in China) 2018 Publications Tight Conditional Lower Bounds for Vertex Connectivity Problems Zhiyi Huang, Yaowei Long, /T_hatchaphol Saranurak, Benyu Wang ◦ STOC 2023, arXiv:2212.00359. Undirected 3-Fault Replacement Path in Nearly Cubic Time Shucheng Chi, Ran Duan, Benyu Wang, Tianle Xie ◦ ICALP 2025, arXiv:2411.18312. Near-Optimal Fault-Tolerant Strong Connectivity Preservers Gary Hoppenworth, /T_hatchaphol Saranurak, Benyu Wang ◦ FOCS 2025, to appear"
benyu_wang,benyu_wang_Q9,Education,What was the applicant's field of study or major?,Computer Science and Engineering (Ph.D.); Computer Science and Technology (B.Eng.),S2_Retrieve_Section,mistralai/Mistral-7B-Instruct-v0.3,"{
  ""predicted_answer"": ""Computer Science and Engineering"",
  ""rationale"": ""The applicant's field of study or major is Computer Science and Engineering, as indicated by their PhD student status at the University of Michigan, Ann Arbor, in the Computer Science and Engineering (CSE) department."",
  ""confidence_score"": 1.0
}",,,,2.750720739364624,0.00017642974853515625,2.750544309616089,1050,83,0.0,,,,,,,,E2_QA_Accuracy,"Benyu Wang University of Michigan, Ann Arbor, US benyuw@umich.edu | wbyyui.github.io Updated July 8, 2025 Interests ◦ Broad interest in /T_heoretical Computer Science. ◦ Study and research experience in Graph Algorithms / Combinatorics. Education University of Michigan Ann Arbor, US PhD student at Computer Science and Engineering (CSE) Aug 2023 – now ◦ Advisor: Prof. /T_hatchaphol Saranurak ◦ GPA: 4.00/4.00 Tsinghua University (Yao Class) Beijing, China B.Eng., Computer Science and Technology Aug 2019 – Jun 2023 ◦ Advisor: Prof. Ran Duan ◦ GPA: 3.90/4.00 & For Yao Class courses only: 3.98/4.00 Selected Courses: (A+/A stand for 95-100 in 100-point values, A+ is the best grade) · Mathematics for Computer Science (A+) & Mathematics for Arti/f_icial Intelligence (A+) · /T_heory of Computation (A+) & Design and Analysis of Algorithms (A+) Experiences University of Michigan Ann Arbor, US Undergraduate Research Intern (Visitor) Feb 2022 – Aug 2022 ◦ Visited the theory group of UM. Worked with Prof. Seth Pe/t_tieand Prof. /T_hatchaphol Saranurak. INSAIT So/f_ia, Bulgaria Research Intern (Visitor) Sep 2024 – Dec 2024 Teaching Graduate Student Instructor, Introduction to Algorithms Winter 2025, University of Michigan Undergraduate algorithm course instructed by Prof. /T_hatchaphol Saranurak. Teaching Assistant, /T_heory of Computation Spring 2023, Tsinghua University Undergraduate complexity theory course instructed by Prof. Ran Duan. Teaching Assistant, Design and Analysis of Algorithms Fall 2022, Tsinghua University Graduate-Level algorithm course instructed by Prof. Ran Duan. Services Conference Review: STOC(25), FOCS(23,24,25), SODA(24,25), ICALP(23), ITCS(24,25), ESA(24). Journal Review: Algorithmica. Selected Awards and Scholarships ICPC Astana World Finalist (Rank 2/15 in ICPC ECNA/NAC) 2023-2024 Excellent Academic Scholarship & Excellent Art Scholarship of Tsinghua University 2022 Gold Medal in Chinese Mathematical Olympiad (CMO) (ranked 86th in China) 2018 Silver Medal in National Olympiad in Informatics (NOI) (ranked 90th in China) 2018 Publications Tight Conditional Lower Bounds for Vertex Connectivity Problems Zhiyi Huang, Yaowei Long, /T_hatchaphol Saranurak, Benyu Wang ◦ STOC 2023, arXiv:2212.00359. Undirected 3-Fault Replacement Path in Nearly Cubic Time Shucheng Chi, Ran Duan, Benyu Wang, Tianle Xie ◦ ICALP 2025, arXiv:2411.18312. Near-Optimal Fault-Tolerant Strong Connectivity Preservers Gary Hoppenworth, /T_hatchaphol Saranurak, Benyu Wang ◦ FOCS 2025, to appear"
benyu_wang,benyu_wang_Q10,Professional Experience,What is the name of the applicant's current (or most recent) employer?,University of Michigan (as Ph.D. student/research intern),S2_Retrieve_Section,mistralai/Mistral-7B-Instruct-v0.3,"{
  ""predicted_answer"": ""University of Michigan, Ann Arbor"",
  ""rationale"": ""The applicant's most recent employer is mentioned as 'University of Michigan, Ann Arbor' in the CV section."",
  ""confidence_score"": 1.0
}",,,,2.2550668716430664,8.463859558105469e-05,2.2549822330474854,1055,67,0.0,,,,,,,,E2_QA_Accuracy,"Benyu Wang University of Michigan, Ann Arbor, US benyuw@umich.edu | wbyyui.github.io Updated July 8, 2025 Interests ◦ Broad interest in /T_heoretical Computer Science. ◦ Study and research experience in Graph Algorithms / Combinatorics. Education University of Michigan Ann Arbor, US PhD student at Computer Science and Engineering (CSE) Aug 2023 – now ◦ Advisor: Prof. /T_hatchaphol Saranurak ◦ GPA: 4.00/4.00 Tsinghua University (Yao Class) Beijing, China B.Eng., Computer Science and Technology Aug 2019 – Jun 2023 ◦ Advisor: Prof. Ran Duan ◦ GPA: 3.90/4.00 & For Yao Class courses only: 3.98/4.00 Selected Courses: (A+/A stand for 95-100 in 100-point values, A+ is the best grade) · Mathematics for Computer Science (A+) & Mathematics for Arti/f_icial Intelligence (A+) · /T_heory of Computation (A+) & Design and Analysis of Algorithms (A+) Experiences University of Michigan Ann Arbor, US Undergraduate Research Intern (Visitor) Feb 2022 – Aug 2022 ◦ Visited the theory group of UM. Worked with Prof. Seth Pe/t_tieand Prof. /T_hatchaphol Saranurak. INSAIT So/f_ia, Bulgaria Research Intern (Visitor) Sep 2024 – Dec 2024 Teaching Graduate Student Instructor, Introduction to Algorithms Winter 2025, University of Michigan Undergraduate algorithm course instructed by Prof. /T_hatchaphol Saranurak. Teaching Assistant, /T_heory of Computation Spring 2023, Tsinghua University Undergraduate complexity theory course instructed by Prof. Ran Duan. Teaching Assistant, Design and Analysis of Algorithms Fall 2022, Tsinghua University Graduate-Level algorithm course instructed by Prof. Ran Duan. Services Conference Review: STOC(25), FOCS(23,24,25), SODA(24,25), ICALP(23), ITCS(24,25), ESA(24). Journal Review: Algorithmica. Selected Awards and Scholarships ICPC Astana World Finalist (Rank 2/15 in ICPC ECNA/NAC) 2023-2024 Excellent Academic Scholarship & Excellent Art Scholarship of Tsinghua University 2022 Gold Medal in Chinese Mathematical Olympiad (CMO) (ranked 86th in China) 2018 Silver Medal in National Olympiad in Informatics (NOI) (ranked 90th in China) 2018 Publications Tight Conditional Lower Bounds for Vertex Connectivity Problems Zhiyi Huang, Yaowei Long, /T_hatchaphol Saranurak, Benyu Wang ◦ STOC 2023, arXiv:2212.00359. Undirected 3-Fault Replacement Path in Nearly Cubic Time Shucheng Chi, Ran Duan, Benyu Wang, Tianle Xie ◦ ICALP 2025, arXiv:2411.18312. Near-Optimal Fault-Tolerant Strong Connectivity Preservers Gary Hoppenworth, /T_hatchaphol Saranurak, Benyu Wang ◦ FOCS 2025, to appear"
benyu_wang,benyu_wang_Q11,Professional Experience,What is the applicant's job title in the most recent role?,Graduate Student Instructor / Research Intern,S2_Retrieve_Section,mistralai/Mistral-7B-Instruct-v0.3,"{
  ""predicted_answer"": ""Undergraduate Research Intern"",
  ""rationale"": ""The applicant's most recent role is listed as 'Undergraduate Research Intern' in the provided CV section."",
  ""confidence_score"": 1.0
}",,,,2.039515495300293,0.00012040138244628906,2.0393950939178467,1052,60,0.0,,,,,,,,E2_QA_Accuracy,"Benyu Wang University of Michigan, Ann Arbor, US benyuw@umich.edu | wbyyui.github.io Updated July 8, 2025 Interests ◦ Broad interest in /T_heoretical Computer Science. ◦ Study and research experience in Graph Algorithms / Combinatorics. Education University of Michigan Ann Arbor, US PhD student at Computer Science and Engineering (CSE) Aug 2023 – now ◦ Advisor: Prof. /T_hatchaphol Saranurak ◦ GPA: 4.00/4.00 Tsinghua University (Yao Class) Beijing, China B.Eng., Computer Science and Technology Aug 2019 – Jun 2023 ◦ Advisor: Prof. Ran Duan ◦ GPA: 3.90/4.00 & For Yao Class courses only: 3.98/4.00 Selected Courses: (A+/A stand for 95-100 in 100-point values, A+ is the best grade) · Mathematics for Computer Science (A+) & Mathematics for Arti/f_icial Intelligence (A+) · /T_heory of Computation (A+) & Design and Analysis of Algorithms (A+) Experiences University of Michigan Ann Arbor, US Undergraduate Research Intern (Visitor) Feb 2022 – Aug 2022 ◦ Visited the theory group of UM. Worked with Prof. Seth Pe/t_tieand Prof. /T_hatchaphol Saranurak. INSAIT So/f_ia, Bulgaria Research Intern (Visitor) Sep 2024 – Dec 2024 Teaching Graduate Student Instructor, Introduction to Algorithms Winter 2025, University of Michigan Undergraduate algorithm course instructed by Prof. /T_hatchaphol Saranurak. Teaching Assistant, /T_heory of Computation Spring 2023, Tsinghua University Undergraduate complexity theory course instructed by Prof. Ran Duan. Teaching Assistant, Design and Analysis of Algorithms Fall 2022, Tsinghua University Graduate-Level algorithm course instructed by Prof. Ran Duan. Services Conference Review: STOC(25), FOCS(23,24,25), SODA(24,25), ICALP(23), ITCS(24,25), ESA(24). Journal Review: Algorithmica. Selected Awards and Scholarships ICPC Astana World Finalist (Rank 2/15 in ICPC ECNA/NAC) 2023-2024 Excellent Academic Scholarship & Excellent Art Scholarship of Tsinghua University 2022 Gold Medal in Chinese Mathematical Olympiad (CMO) (ranked 86th in China) 2018 Silver Medal in National Olympiad in Informatics (NOI) (ranked 90th in China) 2018 Publications Tight Conditional Lower Bounds for Vertex Connectivity Problems Zhiyi Huang, Yaowei Long, /T_hatchaphol Saranurak, Benyu Wang ◦ STOC 2023, arXiv:2212.00359. Undirected 3-Fault Replacement Path in Nearly Cubic Time Shucheng Chi, Ran Duan, Benyu Wang, Tianle Xie ◦ ICALP 2025, arXiv:2411.18312. Near-Optimal Fault-Tolerant Strong Connectivity Preservers Gary Hoppenworth, /T_hatchaphol Saranurak, Benyu Wang ◦ FOCS 2025, to appear"
benyu_wang,benyu_wang_Q12,Professional Experience,How many years of experience does the applicant have?,Research experience since undergraduate years (~3+ years),S2_Retrieve_Section,mistralai/Mistral-7B-Instruct-v0.3,"{
  ""predicted_answer"": ""4"",
  ""rationale"": ""The applicant has 4 years of experience as stated in the education section of the CV."",
  ""confidence_score"": 1.0
}",,,,1.7529876232147217,0.00015497207641601562,1.7528326511383057,1048,53,0.0,,,,,,,,E2_QA_Accuracy,"Benyu Wang University of Michigan, Ann Arbor, US benyuw@umich.edu | wbyyui.github.io Updated July 8, 2025 Interests ◦ Broad interest in /T_heoretical Computer Science. ◦ Study and research experience in Graph Algorithms / Combinatorics. Education University of Michigan Ann Arbor, US PhD student at Computer Science and Engineering (CSE) Aug 2023 – now ◦ Advisor: Prof. /T_hatchaphol Saranurak ◦ GPA: 4.00/4.00 Tsinghua University (Yao Class) Beijing, China B.Eng., Computer Science and Technology Aug 2019 – Jun 2023 ◦ Advisor: Prof. Ran Duan ◦ GPA: 3.90/4.00 & For Yao Class courses only: 3.98/4.00 Selected Courses: (A+/A stand for 95-100 in 100-point values, A+ is the best grade) · Mathematics for Computer Science (A+) & Mathematics for Arti/f_icial Intelligence (A+) · /T_heory of Computation (A+) & Design and Analysis of Algorithms (A+) Experiences University of Michigan Ann Arbor, US Undergraduate Research Intern (Visitor) Feb 2022 – Aug 2022 ◦ Visited the theory group of UM. Worked with Prof. Seth Pe/t_tieand Prof. /T_hatchaphol Saranurak. INSAIT So/f_ia, Bulgaria Research Intern (Visitor) Sep 2024 – Dec 2024 Teaching Graduate Student Instructor, Introduction to Algorithms Winter 2025, University of Michigan Undergraduate algorithm course instructed by Prof. /T_hatchaphol Saranurak. Teaching Assistant, /T_heory of Computation Spring 2023, Tsinghua University Undergraduate complexity theory course instructed by Prof. Ran Duan. Teaching Assistant, Design and Analysis of Algorithms Fall 2022, Tsinghua University Graduate-Level algorithm course instructed by Prof. Ran Duan. Services Conference Review: STOC(25), FOCS(23,24,25), SODA(24,25), ICALP(23), ITCS(24,25), ESA(24). Journal Review: Algorithmica. Selected Awards and Scholarships ICPC Astana World Finalist (Rank 2/15 in ICPC ECNA/NAC) 2023-2024 Excellent Academic Scholarship & Excellent Art Scholarship of Tsinghua University 2022 Gold Medal in Chinese Mathematical Olympiad (CMO) (ranked 86th in China) 2018 Silver Medal in National Olympiad in Informatics (NOI) (ranked 90th in China) 2018 Publications Tight Conditional Lower Bounds for Vertex Connectivity Problems Zhiyi Huang, Yaowei Long, /T_hatchaphol Saranurak, Benyu Wang ◦ STOC 2023, arXiv:2212.00359. Undirected 3-Fault Replacement Path in Nearly Cubic Time Shucheng Chi, Ran Duan, Benyu Wang, Tianle Xie ◦ ICALP 2025, arXiv:2411.18312. Near-Optimal Fault-Tolerant Strong Connectivity Preservers Gary Hoppenworth, /T_hatchaphol Saranurak, Benyu Wang ◦ FOCS 2025, to appear"
benyu_wang,benyu_wang_Q13,Professional Experience,What leadership position did the applicant hold?,Yes. Served as Graduate Student Instructor and Teaching Assistant; led instruction and grading.,S2_Retrieve_Section,mistralai/Mistral-7B-Instruct-v0.3,"{
  ""predicted_answer"": ""Not found"",
  ""rationale"": ""The provided CV section does not mention any leadership position."",
  ""confidence_score"": 1.0
}",,,,1.0952203273773193,8.511543273925781e-05,1.09513521194458,1046,46,0.0,,,,,,,,E2_QA_Accuracy,"Benyu Wang University of Michigan, Ann Arbor, US benyuw@umich.edu | wbyyui.github.io Updated July 8, 2025 Interests ◦ Broad interest in /T_heoretical Computer Science. ◦ Study and research experience in Graph Algorithms / Combinatorics. Education University of Michigan Ann Arbor, US PhD student at Computer Science and Engineering (CSE) Aug 2023 – now ◦ Advisor: Prof. /T_hatchaphol Saranurak ◦ GPA: 4.00/4.00 Tsinghua University (Yao Class) Beijing, China B.Eng., Computer Science and Technology Aug 2019 – Jun 2023 ◦ Advisor: Prof. Ran Duan ◦ GPA: 3.90/4.00 & For Yao Class courses only: 3.98/4.00 Selected Courses: (A+/A stand for 95-100 in 100-point values, A+ is the best grade) · Mathematics for Computer Science (A+) & Mathematics for Arti/f_icial Intelligence (A+) · /T_heory of Computation (A+) & Design and Analysis of Algorithms (A+) Experiences University of Michigan Ann Arbor, US Undergraduate Research Intern (Visitor) Feb 2022 – Aug 2022 ◦ Visited the theory group of UM. Worked with Prof. Seth Pe/t_tieand Prof. /T_hatchaphol Saranurak. INSAIT So/f_ia, Bulgaria Research Intern (Visitor) Sep 2024 – Dec 2024 Teaching Graduate Student Instructor, Introduction to Algorithms Winter 2025, University of Michigan Undergraduate algorithm course instructed by Prof. /T_hatchaphol Saranurak. Teaching Assistant, /T_heory of Computation Spring 2023, Tsinghua University Undergraduate complexity theory course instructed by Prof. Ran Duan. Teaching Assistant, Design and Analysis of Algorithms Fall 2022, Tsinghua University Graduate-Level algorithm course instructed by Prof. Ran Duan. Services Conference Review: STOC(25), FOCS(23,24,25), SODA(24,25), ICALP(23), ITCS(24,25), ESA(24). Journal Review: Algorithmica. Selected Awards and Scholarships ICPC Astana World Finalist (Rank 2/15 in ICPC ECNA/NAC) 2023-2024 Excellent Academic Scholarship & Excellent Art Scholarship of Tsinghua University 2022 Gold Medal in Chinese Mathematical Olympiad (CMO) (ranked 86th in China) 2018 Silver Medal in National Olympiad in Informatics (NOI) (ranked 90th in China) 2018 Publications Tight Conditional Lower Bounds for Vertex Connectivity Problems Zhiyi Huang, Yaowei Long, /T_hatchaphol Saranurak, Benyu Wang ◦ STOC 2023, arXiv:2212.00359. Undirected 3-Fault Replacement Path in Nearly Cubic Time Shucheng Chi, Ran Duan, Benyu Wang, Tianle Xie ◦ ICALP 2025, arXiv:2411.18312. Near-Optimal Fault-Tolerant Strong Connectivity Preservers Gary Hoppenworth, /T_hatchaphol Saranurak, Benyu Wang ◦ FOCS 2025, to appear"
benyu_wang,benyu_wang_Q14,Professional Experience,Could the applicant briefly describe their key responsibilities in previous roles?,Yes. Conducts research in graph algorithms and complexity; teaches undergraduate algorithms and theory courses.,S2_Retrieve_Section,mistralai/Mistral-7B-Instruct-v0.3,"{
  ""predicted_answer"": ""The applicant worked as an Undergraduate Research Intern at the theory group of UM and with Prof. Seth Petie and Prof. Thatchaphol Saranurak. They also worked as a Research Intern at INSAIT Sofia, Bulgaria. As a Graduate Student Instructor, they instructed an undergraduate algorithm course at the University of Michigan. They also served as a Teaching Assistant for Theory of Computation, Design and Analysis of Algorithms courses at Tsinghua University."",
  ""rationale"": ""The information is directly stated in the '",,,,2.877753734588623,8.654594421386719e-05,2.877667188644409,1051,129,0.0,,,,,,,,E2_QA_Accuracy,"Benyu Wang University of Michigan, Ann Arbor, US benyuw@umich.edu | wbyyui.github.io Updated July 8, 2025 Interests ◦ Broad interest in /T_heoretical Computer Science. ◦ Study and research experience in Graph Algorithms / Combinatorics. Education University of Michigan Ann Arbor, US PhD student at Computer Science and Engineering (CSE) Aug 2023 – now ◦ Advisor: Prof. /T_hatchaphol Saranurak ◦ GPA: 4.00/4.00 Tsinghua University (Yao Class) Beijing, China B.Eng., Computer Science and Technology Aug 2019 – Jun 2023 ◦ Advisor: Prof. Ran Duan ◦ GPA: 3.90/4.00 & For Yao Class courses only: 3.98/4.00 Selected Courses: (A+/A stand for 95-100 in 100-point values, A+ is the best grade) · Mathematics for Computer Science (A+) & Mathematics for Arti/f_icial Intelligence (A+) · /T_heory of Computation (A+) & Design and Analysis of Algorithms (A+) Experiences University of Michigan Ann Arbor, US Undergraduate Research Intern (Visitor) Feb 2022 – Aug 2022 ◦ Visited the theory group of UM. Worked with Prof. Seth Pe/t_tieand Prof. /T_hatchaphol Saranurak. INSAIT So/f_ia, Bulgaria Research Intern (Visitor) Sep 2024 – Dec 2024 Teaching Graduate Student Instructor, Introduction to Algorithms Winter 2025, University of Michigan Undergraduate algorithm course instructed by Prof. /T_hatchaphol Saranurak. Teaching Assistant, /T_heory of Computation Spring 2023, Tsinghua University Undergraduate complexity theory course instructed by Prof. Ran Duan. Teaching Assistant, Design and Analysis of Algorithms Fall 2022, Tsinghua University Graduate-Level algorithm course instructed by Prof. Ran Duan. Services Conference Review: STOC(25), FOCS(23,24,25), SODA(24,25), ICALP(23), ITCS(24,25), ESA(24). Journal Review: Algorithmica. Selected Awards and Scholarships ICPC Astana World Finalist (Rank 2/15 in ICPC ECNA/NAC) 2023-2024 Excellent Academic Scholarship & Excellent Art Scholarship of Tsinghua University 2022 Gold Medal in Chinese Mathematical Olympiad (CMO) (ranked 86th in China) 2018 Silver Medal in National Olympiad in Informatics (NOI) (ranked 90th in China) 2018 Publications Tight Conditional Lower Bounds for Vertex Connectivity Problems Zhiyi Huang, Yaowei Long, /T_hatchaphol Saranurak, Benyu Wang ◦ STOC 2023, arXiv:2212.00359. Undirected 3-Fault Replacement Path in Nearly Cubic Time Shucheng Chi, Ran Duan, Benyu Wang, Tianle Xie ◦ ICALP 2025, arXiv:2411.18312. Near-Optimal Fault-Tolerant Strong Connectivity Preservers Gary Hoppenworth, /T_hatchaphol Saranurak, Benyu Wang ◦ FOCS 2025, to appear"
benyu_wang,benyu_wang_Q15,Professional Experience,Has the applicant worked in more than one job or organization?,"Yes. University of Michigan, Tsinghua University, INSALT (visitor).",S2_Retrieve_Section,mistralai/Mistral-7B-Instruct-v0.3,"{
  ""predicted_answer"": ""Yes"",
  ""rationale"": ""The applicant has worked at the University of Michigan and INSAIT Sofia."",
  ""confidence_score"": 1.0
}",,,,1.2871506214141846,7.748603820800781e-05,1.2870731353759766,1050,51,0.0,,,,,,,,E2_QA_Accuracy,"Benyu Wang University of Michigan, Ann Arbor, US benyuw@umich.edu | wbyyui.github.io Updated July 8, 2025 Interests ◦ Broad interest in /T_heoretical Computer Science. ◦ Study and research experience in Graph Algorithms / Combinatorics. Education University of Michigan Ann Arbor, US PhD student at Computer Science and Engineering (CSE) Aug 2023 – now ◦ Advisor: Prof. /T_hatchaphol Saranurak ◦ GPA: 4.00/4.00 Tsinghua University (Yao Class) Beijing, China B.Eng., Computer Science and Technology Aug 2019 – Jun 2023 ◦ Advisor: Prof. Ran Duan ◦ GPA: 3.90/4.00 & For Yao Class courses only: 3.98/4.00 Selected Courses: (A+/A stand for 95-100 in 100-point values, A+ is the best grade) · Mathematics for Computer Science (A+) & Mathematics for Arti/f_icial Intelligence (A+) · /T_heory of Computation (A+) & Design and Analysis of Algorithms (A+) Experiences University of Michigan Ann Arbor, US Undergraduate Research Intern (Visitor) Feb 2022 – Aug 2022 ◦ Visited the theory group of UM. Worked with Prof. Seth Pe/t_tieand Prof. /T_hatchaphol Saranurak. INSAIT So/f_ia, Bulgaria Research Intern (Visitor) Sep 2024 – Dec 2024 Teaching Graduate Student Instructor, Introduction to Algorithms Winter 2025, University of Michigan Undergraduate algorithm course instructed by Prof. /T_hatchaphol Saranurak. Teaching Assistant, /T_heory of Computation Spring 2023, Tsinghua University Undergraduate complexity theory course instructed by Prof. Ran Duan. Teaching Assistant, Design and Analysis of Algorithms Fall 2022, Tsinghua University Graduate-Level algorithm course instructed by Prof. Ran Duan. Services Conference Review: STOC(25), FOCS(23,24,25), SODA(24,25), ICALP(23), ITCS(24,25), ESA(24). Journal Review: Algorithmica. Selected Awards and Scholarships ICPC Astana World Finalist (Rank 2/15 in ICPC ECNA/NAC) 2023-2024 Excellent Academic Scholarship & Excellent Art Scholarship of Tsinghua University 2022 Gold Medal in Chinese Mathematical Olympiad (CMO) (ranked 86th in China) 2018 Silver Medal in National Olympiad in Informatics (NOI) (ranked 90th in China) 2018 Publications Tight Conditional Lower Bounds for Vertex Connectivity Problems Zhiyi Huang, Yaowei Long, /T_hatchaphol Saranurak, Benyu Wang ◦ STOC 2023, arXiv:2212.00359. Undirected 3-Fault Replacement Path in Nearly Cubic Time Shucheng Chi, Ran Duan, Benyu Wang, Tianle Xie ◦ ICALP 2025, arXiv:2411.18312. Near-Optimal Fault-Tolerant Strong Connectivity Preservers Gary Hoppenworth, /T_hatchaphol Saranurak, Benyu Wang ◦ FOCS 2025, to appear"
benyu_wang,benyu_wang_Q16,Professional Experience,What were the applicant's major accomplishments?,"Published in STOC, ICALP, FOCS; awarded ICPC World Finalist (2nd place); gold/silver medals in national Olympiads.",S2_Retrieve_Section,mistralai/Mistral-7B-Instruct-v0.3,"{
  ""predicted_answer"": [""Published papers in STOC 2023, ICALP 2025, and FOCS 2025."", ""Received the Gold Medal in Chinese Mathematical Olympiad (CMO) (ranked 86th in China) in 2018.""],
  ""rationale"": [""The publications are listed under the 'Publications' section."", ""The award is listed under the 'Selected Awards and Scholarships' section.""],
  ""confidence_score"": 1.0
}",,,,2.8628361225128174,8.034706115722656e-05,2.86275577545166,1048,127,0.0,,,,,,,,E2_QA_Accuracy,"Benyu Wang University of Michigan, Ann Arbor, US benyuw@umich.edu | wbyyui.github.io Updated July 8, 2025 Interests ◦ Broad interest in /T_heoretical Computer Science. ◦ Study and research experience in Graph Algorithms / Combinatorics. Education University of Michigan Ann Arbor, US PhD student at Computer Science and Engineering (CSE) Aug 2023 – now ◦ Advisor: Prof. /T_hatchaphol Saranurak ◦ GPA: 4.00/4.00 Tsinghua University (Yao Class) Beijing, China B.Eng., Computer Science and Technology Aug 2019 – Jun 2023 ◦ Advisor: Prof. Ran Duan ◦ GPA: 3.90/4.00 & For Yao Class courses only: 3.98/4.00 Selected Courses: (A+/A stand for 95-100 in 100-point values, A+ is the best grade) · Mathematics for Computer Science (A+) & Mathematics for Arti/f_icial Intelligence (A+) · /T_heory of Computation (A+) & Design and Analysis of Algorithms (A+) Experiences University of Michigan Ann Arbor, US Undergraduate Research Intern (Visitor) Feb 2022 – Aug 2022 ◦ Visited the theory group of UM. Worked with Prof. Seth Pe/t_tieand Prof. /T_hatchaphol Saranurak. INSAIT So/f_ia, Bulgaria Research Intern (Visitor) Sep 2024 – Dec 2024 Teaching Graduate Student Instructor, Introduction to Algorithms Winter 2025, University of Michigan Undergraduate algorithm course instructed by Prof. /T_hatchaphol Saranurak. Teaching Assistant, /T_heory of Computation Spring 2023, Tsinghua University Undergraduate complexity theory course instructed by Prof. Ran Duan. Teaching Assistant, Design and Analysis of Algorithms Fall 2022, Tsinghua University Graduate-Level algorithm course instructed by Prof. Ran Duan. Services Conference Review: STOC(25), FOCS(23,24,25), SODA(24,25), ICALP(23), ITCS(24,25), ESA(24). Journal Review: Algorithmica. Selected Awards and Scholarships ICPC Astana World Finalist (Rank 2/15 in ICPC ECNA/NAC) 2023-2024 Excellent Academic Scholarship & Excellent Art Scholarship of Tsinghua University 2022 Gold Medal in Chinese Mathematical Olympiad (CMO) (ranked 86th in China) 2018 Silver Medal in National Olympiad in Informatics (NOI) (ranked 90th in China) 2018 Publications Tight Conditional Lower Bounds for Vertex Connectivity Problems Zhiyi Huang, Yaowei Long, /T_hatchaphol Saranurak, Benyu Wang ◦ STOC 2023, arXiv:2212.00359. Undirected 3-Fault Replacement Path in Nearly Cubic Time Shucheng Chi, Ran Duan, Benyu Wang, Tianle Xie ◦ ICALP 2025, arXiv:2411.18312. Near-Optimal Fault-Tolerant Strong Connectivity Preservers Gary Hoppenworth, /T_hatchaphol Saranurak, Benyu Wang ◦ FOCS 2025, to appear"
benyu_wang,benyu_wang_Q17,Professional Experience,What key metric did they improve?,Developed tight lower bounds for vertex connectivity; designed near-optimal fault-tolerant graph preservers; improved replacement path algorithms.,S2_Retrieve_Section,mistralai/Mistral-7B-Instruct-v0.3,"{
  ""predicted_answer"": ""Not found"",
  ""rationale"": ""The provided CV section does not contain information about improving a key metric."",
  ""confidence_score"": 1.0
}",,,,1.275397777557373,7.390975952148438e-05,1.2753238677978516,1044,49,0.0,,,,,,,,E2_QA_Accuracy,"Benyu Wang University of Michigan, Ann Arbor, US benyuw@umich.edu | wbyyui.github.io Updated July 8, 2025 Interests ◦ Broad interest in /T_heoretical Computer Science. ◦ Study and research experience in Graph Algorithms / Combinatorics. Education University of Michigan Ann Arbor, US PhD student at Computer Science and Engineering (CSE) Aug 2023 – now ◦ Advisor: Prof. /T_hatchaphol Saranurak ◦ GPA: 4.00/4.00 Tsinghua University (Yao Class) Beijing, China B.Eng., Computer Science and Technology Aug 2019 – Jun 2023 ◦ Advisor: Prof. Ran Duan ◦ GPA: 3.90/4.00 & For Yao Class courses only: 3.98/4.00 Selected Courses: (A+/A stand for 95-100 in 100-point values, A+ is the best grade) · Mathematics for Computer Science (A+) & Mathematics for Arti/f_icial Intelligence (A+) · /T_heory of Computation (A+) & Design and Analysis of Algorithms (A+) Experiences University of Michigan Ann Arbor, US Undergraduate Research Intern (Visitor) Feb 2022 – Aug 2022 ◦ Visited the theory group of UM. Worked with Prof. Seth Pe/t_tieand Prof. /T_hatchaphol Saranurak. INSAIT So/f_ia, Bulgaria Research Intern (Visitor) Sep 2024 – Dec 2024 Teaching Graduate Student Instructor, Introduction to Algorithms Winter 2025, University of Michigan Undergraduate algorithm course instructed by Prof. /T_hatchaphol Saranurak. Teaching Assistant, /T_heory of Computation Spring 2023, Tsinghua University Undergraduate complexity theory course instructed by Prof. Ran Duan. Teaching Assistant, Design and Analysis of Algorithms Fall 2022, Tsinghua University Graduate-Level algorithm course instructed by Prof. Ran Duan. Services Conference Review: STOC(25), FOCS(23,24,25), SODA(24,25), ICALP(23), ITCS(24,25), ESA(24). Journal Review: Algorithmica. Selected Awards and Scholarships ICPC Astana World Finalist (Rank 2/15 in ICPC ECNA/NAC) 2023-2024 Excellent Academic Scholarship & Excellent Art Scholarship of Tsinghua University 2022 Gold Medal in Chinese Mathematical Olympiad (CMO) (ranked 86th in China) 2018 Silver Medal in National Olympiad in Informatics (NOI) (ranked 90th in China) 2018 Publications Tight Conditional Lower Bounds for Vertex Connectivity Problems Zhiyi Huang, Yaowei Long, /T_hatchaphol Saranurak, Benyu Wang ◦ STOC 2023, arXiv:2212.00359. Undirected 3-Fault Replacement Path in Nearly Cubic Time Shucheng Chi, Ran Duan, Benyu Wang, Tianle Xie ◦ ICALP 2025, arXiv:2411.18312. Near-Optimal Fault-Tolerant Strong Connectivity Preservers Gary Hoppenworth, /T_hatchaphol Saranurak, Benyu Wang ◦ FOCS 2025, to appear"
benyu_wang,benyu_wang_Q18,Research and Projects,What is the name of a key project the applicant has worked on?,Tight lower bounds for vertex connectivity; undirected 3-fault replacement paths; fault-tolerant strong connectivity preservers,S2_Retrieve_Section,mistralai/Mistral-7B-Instruct-v0.3,"{
  ""predicted_answer"": ""Tight Conditional Lower Bounds for Vertex Connectivity Problems"",
  ""rationale"": ""The project name is found in the 'Publications' section."",
  ""confidence_score"": 1.0
}",,,,1.3951358795166016,8.0108642578125e-05,1.3950557708740234,1052,61,0.0,,,,,,,,E2_QA_Accuracy,"Benyu Wang University of Michigan, Ann Arbor, US benyuw@umich.edu | wbyyui.github.io Updated July 8, 2025 Interests ◦ Broad interest in /T_heoretical Computer Science. ◦ Study and research experience in Graph Algorithms / Combinatorics. Education University of Michigan Ann Arbor, US PhD student at Computer Science and Engineering (CSE) Aug 2023 – now ◦ Advisor: Prof. /T_hatchaphol Saranurak ◦ GPA: 4.00/4.00 Tsinghua University (Yao Class) Beijing, China B.Eng., Computer Science and Technology Aug 2019 – Jun 2023 ◦ Advisor: Prof. Ran Duan ◦ GPA: 3.90/4.00 & For Yao Class courses only: 3.98/4.00 Selected Courses: (A+/A stand for 95-100 in 100-point values, A+ is the best grade) · Mathematics for Computer Science (A+) & Mathematics for Arti/f_icial Intelligence (A+) · /T_heory of Computation (A+) & Design and Analysis of Algorithms (A+) Experiences University of Michigan Ann Arbor, US Undergraduate Research Intern (Visitor) Feb 2022 – Aug 2022 ◦ Visited the theory group of UM. Worked with Prof. Seth Pe/t_tieand Prof. /T_hatchaphol Saranurak. INSAIT So/f_ia, Bulgaria Research Intern (Visitor) Sep 2024 – Dec 2024 Teaching Graduate Student Instructor, Introduction to Algorithms Winter 2025, University of Michigan Undergraduate algorithm course instructed by Prof. /T_hatchaphol Saranurak. Teaching Assistant, /T_heory of Computation Spring 2023, Tsinghua University Undergraduate complexity theory course instructed by Prof. Ran Duan. Teaching Assistant, Design and Analysis of Algorithms Fall 2022, Tsinghua University Graduate-Level algorithm course instructed by Prof. Ran Duan. Services Conference Review: STOC(25), FOCS(23,24,25), SODA(24,25), ICALP(23), ITCS(24,25), ESA(24). Journal Review: Algorithmica. Selected Awards and Scholarships ICPC Astana World Finalist (Rank 2/15 in ICPC ECNA/NAC) 2023-2024 Excellent Academic Scholarship & Excellent Art Scholarship of Tsinghua University 2022 Gold Medal in Chinese Mathematical Olympiad (CMO) (ranked 86th in China) 2018 Silver Medal in National Olympiad in Informatics (NOI) (ranked 90th in China) 2018 Publications Tight Conditional Lower Bounds for Vertex Connectivity Problems Zhiyi Huang, Yaowei Long, /T_hatchaphol Saranurak, Benyu Wang ◦ STOC 2023, arXiv:2212.00359. Undirected 3-Fault Replacement Path in Nearly Cubic Time Shucheng Chi, Ran Duan, Benyu Wang, Tianle Xie ◦ ICALP 2025, arXiv:2411.18312. Near-Optimal Fault-Tolerant Strong Connectivity Preservers Gary Hoppenworth, /T_hatchaphol Saranurak, Benyu Wang ◦ FOCS 2025, to appear"
benyu_wang,benyu_wang_Q19,Research and Projects,Which tools or technologies did the applicant use in their projects?,"Theoretical CS tools, proof techniques, algorithm design, complexity analysis, likely C++/Python for research",S2_Retrieve_Section,mistralai/Mistral-7B-Instruct-v0.3,"{
  ""predicted_answer"": [""The applicant did not explicitly mention any specific tools or technologies used in their projects.""],
  ""rationale"": ""The provided CV section does not contain any information about the tools or technologies used by the applicant."",
  ""confidence_score"": 1.0
}",,,,1.6942431926727295,8.535385131835938e-05,1.6941578388214111,1050,70,0.0,,,,,,,,E2_QA_Accuracy,"Benyu Wang University of Michigan, Ann Arbor, US benyuw@umich.edu | wbyyui.github.io Updated July 8, 2025 Interests ◦ Broad interest in /T_heoretical Computer Science. ◦ Study and research experience in Graph Algorithms / Combinatorics. Education University of Michigan Ann Arbor, US PhD student at Computer Science and Engineering (CSE) Aug 2023 – now ◦ Advisor: Prof. /T_hatchaphol Saranurak ◦ GPA: 4.00/4.00 Tsinghua University (Yao Class) Beijing, China B.Eng., Computer Science and Technology Aug 2019 – Jun 2023 ◦ Advisor: Prof. Ran Duan ◦ GPA: 3.90/4.00 & For Yao Class courses only: 3.98/4.00 Selected Courses: (A+/A stand for 95-100 in 100-point values, A+ is the best grade) · Mathematics for Computer Science (A+) & Mathematics for Arti/f_icial Intelligence (A+) · /T_heory of Computation (A+) & Design and Analysis of Algorithms (A+) Experiences University of Michigan Ann Arbor, US Undergraduate Research Intern (Visitor) Feb 2022 – Aug 2022 ◦ Visited the theory group of UM. Worked with Prof. Seth Pe/t_tieand Prof. /T_hatchaphol Saranurak. INSAIT So/f_ia, Bulgaria Research Intern (Visitor) Sep 2024 – Dec 2024 Teaching Graduate Student Instructor, Introduction to Algorithms Winter 2025, University of Michigan Undergraduate algorithm course instructed by Prof. /T_hatchaphol Saranurak. Teaching Assistant, /T_heory of Computation Spring 2023, Tsinghua University Undergraduate complexity theory course instructed by Prof. Ran Duan. Teaching Assistant, Design and Analysis of Algorithms Fall 2022, Tsinghua University Graduate-Level algorithm course instructed by Prof. Ran Duan. Services Conference Review: STOC(25), FOCS(23,24,25), SODA(24,25), ICALP(23), ITCS(24,25), ESA(24). Journal Review: Algorithmica. Selected Awards and Scholarships ICPC Astana World Finalist (Rank 2/15 in ICPC ECNA/NAC) 2023-2024 Excellent Academic Scholarship & Excellent Art Scholarship of Tsinghua University 2022 Gold Medal in Chinese Mathematical Olympiad (CMO) (ranked 86th in China) 2018 Silver Medal in National Olympiad in Informatics (NOI) (ranked 90th in China) 2018 Publications Tight Conditional Lower Bounds for Vertex Connectivity Problems Zhiyi Huang, Yaowei Long, /T_hatchaphol Saranurak, Benyu Wang ◦ STOC 2023, arXiv:2212.00359. Undirected 3-Fault Replacement Path in Nearly Cubic Time Shucheng Chi, Ran Duan, Benyu Wang, Tianle Xie ◦ ICALP 2025, arXiv:2411.18312. Near-Optimal Fault-Tolerant Strong Connectivity Preservers Gary Hoppenworth, /T_hatchaphol Saranurak, Benyu Wang ◦ FOCS 2025, to appear"
benyu_wang,benyu_wang_Q20,Research and Projects,Did any project have a specific budget or numeric goal?,"Yes. Research involves asymptotic complexity bounds, worst-case guarantees, and optimality proofs.",S2_Retrieve_Section,mistralai/Mistral-7B-Instruct-v0.3,"{
  ""predicted_answer"": ""Not found"",
  ""rationale"": ""The provided CV section does not contain any information about a specific budget or numeric goal for any project."",
  ""confidence_score"": 1.0
}",,,,1.3095004558563232,7.62939453125e-05,1.3094241619110107,1049,56,0.0,,,,,,,,E2_QA_Accuracy,"Benyu Wang University of Michigan, Ann Arbor, US benyuw@umich.edu | wbyyui.github.io Updated July 8, 2025 Interests ◦ Broad interest in /T_heoretical Computer Science. ◦ Study and research experience in Graph Algorithms / Combinatorics. Education University of Michigan Ann Arbor, US PhD student at Computer Science and Engineering (CSE) Aug 2023 – now ◦ Advisor: Prof. /T_hatchaphol Saranurak ◦ GPA: 4.00/4.00 Tsinghua University (Yao Class) Beijing, China B.Eng., Computer Science and Technology Aug 2019 – Jun 2023 ◦ Advisor: Prof. Ran Duan ◦ GPA: 3.90/4.00 & For Yao Class courses only: 3.98/4.00 Selected Courses: (A+/A stand for 95-100 in 100-point values, A+ is the best grade) · Mathematics for Computer Science (A+) & Mathematics for Arti/f_icial Intelligence (A+) · /T_heory of Computation (A+) & Design and Analysis of Algorithms (A+) Experiences University of Michigan Ann Arbor, US Undergraduate Research Intern (Visitor) Feb 2022 – Aug 2022 ◦ Visited the theory group of UM. Worked with Prof. Seth Pe/t_tieand Prof. /T_hatchaphol Saranurak. INSAIT So/f_ia, Bulgaria Research Intern (Visitor) Sep 2024 – Dec 2024 Teaching Graduate Student Instructor, Introduction to Algorithms Winter 2025, University of Michigan Undergraduate algorithm course instructed by Prof. /T_hatchaphol Saranurak. Teaching Assistant, /T_heory of Computation Spring 2023, Tsinghua University Undergraduate complexity theory course instructed by Prof. Ran Duan. Teaching Assistant, Design and Analysis of Algorithms Fall 2022, Tsinghua University Graduate-Level algorithm course instructed by Prof. Ran Duan. Services Conference Review: STOC(25), FOCS(23,24,25), SODA(24,25), ICALP(23), ITCS(24,25), ESA(24). Journal Review: Algorithmica. Selected Awards and Scholarships ICPC Astana World Finalist (Rank 2/15 in ICPC ECNA/NAC) 2023-2024 Excellent Academic Scholarship & Excellent Art Scholarship of Tsinghua University 2022 Gold Medal in Chinese Mathematical Olympiad (CMO) (ranked 86th in China) 2018 Silver Medal in National Olympiad in Informatics (NOI) (ranked 90th in China) 2018 Publications Tight Conditional Lower Bounds for Vertex Connectivity Problems Zhiyi Huang, Yaowei Long, /T_hatchaphol Saranurak, Benyu Wang ◦ STOC 2023, arXiv:2212.00359. Undirected 3-Fault Replacement Path in Nearly Cubic Time Shucheng Chi, Ran Duan, Benyu Wang, Tianle Xie ◦ ICALP 2025, arXiv:2411.18312. Near-Optimal Fault-Tolerant Strong Connectivity Preservers Gary Hoppenworth, /T_hatchaphol Saranurak, Benyu Wang ◦ FOCS 2025, to appear"
benyu_wang,benyu_wang_Q21,Research and Projects,What were the main objectives of the applicant's projects?,To advance the theoretical understanding of graph algorithms; establish tight complexity bounds; solve fundamental problems in connectivity and fault tolerance.,S2_Retrieve_Section,mistralai/Mistral-7B-Instruct-v0.3,"{
  ""predicted_answer"": [""Study and research experience in Graph Algorithms / Combinatorics.""],
  ""rationale"": [""The applicant's education section mentions their study and research experience in Graph Algorithms and Combinatorics.""],
  ""confidence_score"": 1.0
}",,,,1.6992089748382568,0.000102996826171875,1.699105978012085,1050,73,0.0,,,,,,,,E2_QA_Accuracy,"Benyu Wang University of Michigan, Ann Arbor, US benyuw@umich.edu | wbyyui.github.io Updated July 8, 2025 Interests ◦ Broad interest in /T_heoretical Computer Science. ◦ Study and research experience in Graph Algorithms / Combinatorics. Education University of Michigan Ann Arbor, US PhD student at Computer Science and Engineering (CSE) Aug 2023 – now ◦ Advisor: Prof. /T_hatchaphol Saranurak ◦ GPA: 4.00/4.00 Tsinghua University (Yao Class) Beijing, China B.Eng., Computer Science and Technology Aug 2019 – Jun 2023 ◦ Advisor: Prof. Ran Duan ◦ GPA: 3.90/4.00 & For Yao Class courses only: 3.98/4.00 Selected Courses: (A+/A stand for 95-100 in 100-point values, A+ is the best grade) · Mathematics for Computer Science (A+) & Mathematics for Arti/f_icial Intelligence (A+) · /T_heory of Computation (A+) & Design and Analysis of Algorithms (A+) Experiences University of Michigan Ann Arbor, US Undergraduate Research Intern (Visitor) Feb 2022 – Aug 2022 ◦ Visited the theory group of UM. Worked with Prof. Seth Pe/t_tieand Prof. /T_hatchaphol Saranurak. INSAIT So/f_ia, Bulgaria Research Intern (Visitor) Sep 2024 – Dec 2024 Teaching Graduate Student Instructor, Introduction to Algorithms Winter 2025, University of Michigan Undergraduate algorithm course instructed by Prof. /T_hatchaphol Saranurak. Teaching Assistant, /T_heory of Computation Spring 2023, Tsinghua University Undergraduate complexity theory course instructed by Prof. Ran Duan. Teaching Assistant, Design and Analysis of Algorithms Fall 2022, Tsinghua University Graduate-Level algorithm course instructed by Prof. Ran Duan. Services Conference Review: STOC(25), FOCS(23,24,25), SODA(24,25), ICALP(23), ITCS(24,25), ESA(24). Journal Review: Algorithmica. Selected Awards and Scholarships ICPC Astana World Finalist (Rank 2/15 in ICPC ECNA/NAC) 2023-2024 Excellent Academic Scholarship & Excellent Art Scholarship of Tsinghua University 2022 Gold Medal in Chinese Mathematical Olympiad (CMO) (ranked 86th in China) 2018 Silver Medal in National Olympiad in Informatics (NOI) (ranked 90th in China) 2018 Publications Tight Conditional Lower Bounds for Vertex Connectivity Problems Zhiyi Huang, Yaowei Long, /T_hatchaphol Saranurak, Benyu Wang ◦ STOC 2023, arXiv:2212.00359. Undirected 3-Fault Replacement Path in Nearly Cubic Time Shucheng Chi, Ran Duan, Benyu Wang, Tianle Xie ◦ ICALP 2025, arXiv:2411.18312. Near-Optimal Fault-Tolerant Strong Connectivity Preservers Gary Hoppenworth, /T_hatchaphol Saranurak, Benyu Wang ◦ FOCS 2025, to appear"
benyu_wang,benyu_wang_Q22,Research and Projects,What are the applicant s publications?,"Publications in STOC 2023, ICALP 2025, FOCS 2025, and arXiv preprints.",S2_Retrieve_Section,mistralai/Mistral-7B-Instruct-v0.3,"{
  ""predicted_answer"": [
    ""Tight Conditional Lower Bounds for Vertex Connectivity Problems"",
    ""Undirected 3-Fault Replacement Path in Nearly Cubic Time"",
    ""Near-Optimal Fault-Tolerant Strong Connectivity Preservers""
  ],
  ""rationale"": ""The publications are listed in the 'Publications' section."",
  ""confidence_score"": 1.0
}",,,,2.468158483505249,7.271766662597656e-05,2.468085765838623,1045,108,0.0,,,,,,,,E2_QA_Accuracy,"Benyu Wang University of Michigan, Ann Arbor, US benyuw@umich.edu | wbyyui.github.io Updated July 8, 2025 Interests ◦ Broad interest in /T_heoretical Computer Science. ◦ Study and research experience in Graph Algorithms / Combinatorics. Education University of Michigan Ann Arbor, US PhD student at Computer Science and Engineering (CSE) Aug 2023 – now ◦ Advisor: Prof. /T_hatchaphol Saranurak ◦ GPA: 4.00/4.00 Tsinghua University (Yao Class) Beijing, China B.Eng., Computer Science and Technology Aug 2019 – Jun 2023 ◦ Advisor: Prof. Ran Duan ◦ GPA: 3.90/4.00 & For Yao Class courses only: 3.98/4.00 Selected Courses: (A+/A stand for 95-100 in 100-point values, A+ is the best grade) · Mathematics for Computer Science (A+) & Mathematics for Arti/f_icial Intelligence (A+) · /T_heory of Computation (A+) & Design and Analysis of Algorithms (A+) Experiences University of Michigan Ann Arbor, US Undergraduate Research Intern (Visitor) Feb 2022 – Aug 2022 ◦ Visited the theory group of UM. Worked with Prof. Seth Pe/t_tieand Prof. /T_hatchaphol Saranurak. INSAIT So/f_ia, Bulgaria Research Intern (Visitor) Sep 2024 – Dec 2024 Teaching Graduate Student Instructor, Introduction to Algorithms Winter 2025, University of Michigan Undergraduate algorithm course instructed by Prof. /T_hatchaphol Saranurak. Teaching Assistant, /T_heory of Computation Spring 2023, Tsinghua University Undergraduate complexity theory course instructed by Prof. Ran Duan. Teaching Assistant, Design and Analysis of Algorithms Fall 2022, Tsinghua University Graduate-Level algorithm course instructed by Prof. Ran Duan. Services Conference Review: STOC(25), FOCS(23,24,25), SODA(24,25), ICALP(23), ITCS(24,25), ESA(24). Journal Review: Algorithmica. Selected Awards and Scholarships ICPC Astana World Finalist (Rank 2/15 in ICPC ECNA/NAC) 2023-2024 Excellent Academic Scholarship & Excellent Art Scholarship of Tsinghua University 2022 Gold Medal in Chinese Mathematical Olympiad (CMO) (ranked 86th in China) 2018 Silver Medal in National Olympiad in Informatics (NOI) (ranked 90th in China) 2018 Publications Tight Conditional Lower Bounds for Vertex Connectivity Problems Zhiyi Huang, Yaowei Long, /T_hatchaphol Saranurak, Benyu Wang ◦ STOC 2023, arXiv:2212.00359. Undirected 3-Fault Replacement Path in Nearly Cubic Time Shucheng Chi, Ran Duan, Benyu Wang, Tianle Xie ◦ ICALP 2025, arXiv:2411.18312. Near-Optimal Fault-Tolerant Strong Connectivity Preservers Gary Hoppenworth, /T_hatchaphol Saranurak, Benyu Wang ◦ FOCS 2025, to appear"
benyu_wang,benyu_wang_Q23,Research and Projects,Did the applicant outline the approach or methodology they used?,"Yes. Uses combinatorial reasoning, reduction techniques, lower/upper bound proofs, and theoretical analysis.",S2_Retrieve_Section,mistralai/Mistral-7B-Instruct-v0.3,"{
  ""predicted_answer"": ""Not found"",
  ""rationale"": ""The provided CV section does not contain any information about the applicant's approach or methodology they used."",
  ""confidence_score"": 1.0
}",,,,1.436466932296753,7.486343383789062e-05,1.436392068862915,1050,57,0.0,,,,,,,,E2_QA_Accuracy,"Benyu Wang University of Michigan, Ann Arbor, US benyuw@umich.edu | wbyyui.github.io Updated July 8, 2025 Interests ◦ Broad interest in /T_heoretical Computer Science. ◦ Study and research experience in Graph Algorithms / Combinatorics. Education University of Michigan Ann Arbor, US PhD student at Computer Science and Engineering (CSE) Aug 2023 – now ◦ Advisor: Prof. /T_hatchaphol Saranurak ◦ GPA: 4.00/4.00 Tsinghua University (Yao Class) Beijing, China B.Eng., Computer Science and Technology Aug 2019 – Jun 2023 ◦ Advisor: Prof. Ran Duan ◦ GPA: 3.90/4.00 & For Yao Class courses only: 3.98/4.00 Selected Courses: (A+/A stand for 95-100 in 100-point values, A+ is the best grade) · Mathematics for Computer Science (A+) & Mathematics for Arti/f_icial Intelligence (A+) · /T_heory of Computation (A+) & Design and Analysis of Algorithms (A+) Experiences University of Michigan Ann Arbor, US Undergraduate Research Intern (Visitor) Feb 2022 – Aug 2022 ◦ Visited the theory group of UM. Worked with Prof. Seth Pe/t_tieand Prof. /T_hatchaphol Saranurak. INSAIT So/f_ia, Bulgaria Research Intern (Visitor) Sep 2024 – Dec 2024 Teaching Graduate Student Instructor, Introduction to Algorithms Winter 2025, University of Michigan Undergraduate algorithm course instructed by Prof. /T_hatchaphol Saranurak. Teaching Assistant, /T_heory of Computation Spring 2023, Tsinghua University Undergraduate complexity theory course instructed by Prof. Ran Duan. Teaching Assistant, Design and Analysis of Algorithms Fall 2022, Tsinghua University Graduate-Level algorithm course instructed by Prof. Ran Duan. Services Conference Review: STOC(25), FOCS(23,24,25), SODA(24,25), ICALP(23), ITCS(24,25), ESA(24). Journal Review: Algorithmica. Selected Awards and Scholarships ICPC Astana World Finalist (Rank 2/15 in ICPC ECNA/NAC) 2023-2024 Excellent Academic Scholarship & Excellent Art Scholarship of Tsinghua University 2022 Gold Medal in Chinese Mathematical Olympiad (CMO) (ranked 86th in China) 2018 Silver Medal in National Olympiad in Informatics (NOI) (ranked 90th in China) 2018 Publications Tight Conditional Lower Bounds for Vertex Connectivity Problems Zhiyi Huang, Yaowei Long, /T_hatchaphol Saranurak, Benyu Wang ◦ STOC 2023, arXiv:2212.00359. Undirected 3-Fault Replacement Path in Nearly Cubic Time Shucheng Chi, Ran Duan, Benyu Wang, Tianle Xie ◦ ICALP 2025, arXiv:2411.18312. Near-Optimal Fault-Tolerant Strong Connectivity Preservers Gary Hoppenworth, /T_hatchaphol Saranurak, Benyu Wang ◦ FOCS 2025, to appear"
benyu_wang,benyu_wang_Q24,Research and Projects,What are the applicant's research areas?,"Theoretical Computer Science, Graph Algorithms, Combinatorics, Complexity Theory, Fault-Tolerant Networks",S2_Retrieve_Section,mistralai/Mistral-7B-Instruct-v0.3,"{
  ""predicted_answer"": [""Graph Algorithms"", ""Combinatorics"", ""Theoretical Computer Science""],
  ""rationale"": [""The applicant's interests are explicitly stated as 'Broad interest in /T_heoretical Computer Science. ◦ Study and research experience in Graph Algorithms / Combinatorics.'"", ""The context of the research experiences and publications also support these areas.""],
  ""confidence_score"": 1.0
}",,,,2.3838589191436768,8.320808410644531e-05,2.3837757110595703,1047,104,0.0,,,,,,,,E2_QA_Accuracy,"Benyu Wang University of Michigan, Ann Arbor, US benyuw@umich.edu | wbyyui.github.io Updated July 8, 2025 Interests ◦ Broad interest in /T_heoretical Computer Science. ◦ Study and research experience in Graph Algorithms / Combinatorics. Education University of Michigan Ann Arbor, US PhD student at Computer Science and Engineering (CSE) Aug 2023 – now ◦ Advisor: Prof. /T_hatchaphol Saranurak ◦ GPA: 4.00/4.00 Tsinghua University (Yao Class) Beijing, China B.Eng., Computer Science and Technology Aug 2019 – Jun 2023 ◦ Advisor: Prof. Ran Duan ◦ GPA: 3.90/4.00 & For Yao Class courses only: 3.98/4.00 Selected Courses: (A+/A stand for 95-100 in 100-point values, A+ is the best grade) · Mathematics for Computer Science (A+) & Mathematics for Arti/f_icial Intelligence (A+) · /T_heory of Computation (A+) & Design and Analysis of Algorithms (A+) Experiences University of Michigan Ann Arbor, US Undergraduate Research Intern (Visitor) Feb 2022 – Aug 2022 ◦ Visited the theory group of UM. Worked with Prof. Seth Pe/t_tieand Prof. /T_hatchaphol Saranurak. INSAIT So/f_ia, Bulgaria Research Intern (Visitor) Sep 2024 – Dec 2024 Teaching Graduate Student Instructor, Introduction to Algorithms Winter 2025, University of Michigan Undergraduate algorithm course instructed by Prof. /T_hatchaphol Saranurak. Teaching Assistant, /T_heory of Computation Spring 2023, Tsinghua University Undergraduate complexity theory course instructed by Prof. Ran Duan. Teaching Assistant, Design and Analysis of Algorithms Fall 2022, Tsinghua University Graduate-Level algorithm course instructed by Prof. Ran Duan. Services Conference Review: STOC(25), FOCS(23,24,25), SODA(24,25), ICALP(23), ITCS(24,25), ESA(24). Journal Review: Algorithmica. Selected Awards and Scholarships ICPC Astana World Finalist (Rank 2/15 in ICPC ECNA/NAC) 2023-2024 Excellent Academic Scholarship & Excellent Art Scholarship of Tsinghua University 2022 Gold Medal in Chinese Mathematical Olympiad (CMO) (ranked 86th in China) 2018 Silver Medal in National Olympiad in Informatics (NOI) (ranked 90th in China) 2018 Publications Tight Conditional Lower Bounds for Vertex Connectivity Problems Zhiyi Huang, Yaowei Long, /T_hatchaphol Saranurak, Benyu Wang ◦ STOC 2023, arXiv:2212.00359. Undirected 3-Fault Replacement Path in Nearly Cubic Time Shucheng Chi, Ran Duan, Benyu Wang, Tianle Xie ◦ ICALP 2025, arXiv:2411.18312. Near-Optimal Fault-Tolerant Strong Connectivity Preservers Gary Hoppenworth, /T_hatchaphol Saranurak, Benyu Wang ◦ FOCS 2025, to appear"
benyu_wang,benyu_wang_Q25,Skills,What are the applicant s key soft skills?,"Teaching, mentoring, academic reviewing, collaboration, technical communication",S2_Retrieve_Section,mistralai/Mistral-7B-Instruct-v0.3,"{
  ""predicted_answer"": ""Not found"",
  ""rationale"": ""The provided CV section does not contain any information about the applicant's soft skills."",
  ""confidence_score"": 1.0
}",,,,1.239877700805664,8.463859558105469e-05,1.239793062210083,1047,53,0.0,,,,,,,,E2_QA_Accuracy,"Benyu Wang University of Michigan, Ann Arbor, US benyuw@umich.edu | wbyyui.github.io Updated July 8, 2025 Interests ◦ Broad interest in /T_heoretical Computer Science. ◦ Study and research experience in Graph Algorithms / Combinatorics. Education University of Michigan Ann Arbor, US PhD student at Computer Science and Engineering (CSE) Aug 2023 – now ◦ Advisor: Prof. /T_hatchaphol Saranurak ◦ GPA: 4.00/4.00 Tsinghua University (Yao Class) Beijing, China B.Eng., Computer Science and Technology Aug 2019 – Jun 2023 ◦ Advisor: Prof. Ran Duan ◦ GPA: 3.90/4.00 & For Yao Class courses only: 3.98/4.00 Selected Courses: (A+/A stand for 95-100 in 100-point values, A+ is the best grade) · Mathematics for Computer Science (A+) & Mathematics for Arti/f_icial Intelligence (A+) · /T_heory of Computation (A+) & Design and Analysis of Algorithms (A+) Experiences University of Michigan Ann Arbor, US Undergraduate Research Intern (Visitor) Feb 2022 – Aug 2022 ◦ Visited the theory group of UM. Worked with Prof. Seth Pe/t_tieand Prof. /T_hatchaphol Saranurak. INSAIT So/f_ia, Bulgaria Research Intern (Visitor) Sep 2024 – Dec 2024 Teaching Graduate Student Instructor, Introduction to Algorithms Winter 2025, University of Michigan Undergraduate algorithm course instructed by Prof. /T_hatchaphol Saranurak. Teaching Assistant, /T_heory of Computation Spring 2023, Tsinghua University Undergraduate complexity theory course instructed by Prof. Ran Duan. Teaching Assistant, Design and Analysis of Algorithms Fall 2022, Tsinghua University Graduate-Level algorithm course instructed by Prof. Ran Duan. Services Conference Review: STOC(25), FOCS(23,24,25), SODA(24,25), ICALP(23), ITCS(24,25), ESA(24). Journal Review: Algorithmica. Selected Awards and Scholarships ICPC Astana World Finalist (Rank 2/15 in ICPC ECNA/NAC) 2023-2024 Excellent Academic Scholarship & Excellent Art Scholarship of Tsinghua University 2022 Gold Medal in Chinese Mathematical Olympiad (CMO) (ranked 86th in China) 2018 Silver Medal in National Olympiad in Informatics (NOI) (ranked 90th in China) 2018 Publications Tight Conditional Lower Bounds for Vertex Connectivity Problems Zhiyi Huang, Yaowei Long, /T_hatchaphol Saranurak, Benyu Wang ◦ STOC 2023, arXiv:2212.00359. Undirected 3-Fault Replacement Path in Nearly Cubic Time Shucheng Chi, Ran Duan, Benyu Wang, Tianle Xie ◦ ICALP 2025, arXiv:2411.18312. Near-Optimal Fault-Tolerant Strong Connectivity Preservers Gary Hoppenworth, /T_hatchaphol Saranurak, Benyu Wang ◦ FOCS 2025, to appear"
benyu_wang,benyu_wang_Q26,Skills,"Are there any certifications, licenses, or trainings listed by the applicant?",Yes. Gold Medal in Chinese Mathematical Olympiad; Silver Medal in National Informatics Olympiad; ICPC World Finalist.,S2_Retrieve_Section,mistralai/Mistral-7B-Instruct-v0.3,"{
  ""predicted_answer"": ""Not found"",
  ""rationale"": ""No certifications, licenses, or trainings are listed in the provided CV section."",
  ""confidence_score"": 1.0
}",,,,1.3232250213623047,9.393692016601562e-05,1.3231310844421387,1054,52,0.0,,,,,,,,E2_QA_Accuracy,"Benyu Wang University of Michigan, Ann Arbor, US benyuw@umich.edu | wbyyui.github.io Updated July 8, 2025 Interests ◦ Broad interest in /T_heoretical Computer Science. ◦ Study and research experience in Graph Algorithms / Combinatorics. Education University of Michigan Ann Arbor, US PhD student at Computer Science and Engineering (CSE) Aug 2023 – now ◦ Advisor: Prof. /T_hatchaphol Saranurak ◦ GPA: 4.00/4.00 Tsinghua University (Yao Class) Beijing, China B.Eng., Computer Science and Technology Aug 2019 – Jun 2023 ◦ Advisor: Prof. Ran Duan ◦ GPA: 3.90/4.00 & For Yao Class courses only: 3.98/4.00 Selected Courses: (A+/A stand for 95-100 in 100-point values, A+ is the best grade) · Mathematics for Computer Science (A+) & Mathematics for Arti/f_icial Intelligence (A+) · /T_heory of Computation (A+) & Design and Analysis of Algorithms (A+) Experiences University of Michigan Ann Arbor, US Undergraduate Research Intern (Visitor) Feb 2022 – Aug 2022 ◦ Visited the theory group of UM. Worked with Prof. Seth Pe/t_tieand Prof. /T_hatchaphol Saranurak. INSAIT So/f_ia, Bulgaria Research Intern (Visitor) Sep 2024 – Dec 2024 Teaching Graduate Student Instructor, Introduction to Algorithms Winter 2025, University of Michigan Undergraduate algorithm course instructed by Prof. /T_hatchaphol Saranurak. Teaching Assistant, /T_heory of Computation Spring 2023, Tsinghua University Undergraduate complexity theory course instructed by Prof. Ran Duan. Teaching Assistant, Design and Analysis of Algorithms Fall 2022, Tsinghua University Graduate-Level algorithm course instructed by Prof. Ran Duan. Services Conference Review: STOC(25), FOCS(23,24,25), SODA(24,25), ICALP(23), ITCS(24,25), ESA(24). Journal Review: Algorithmica. Selected Awards and Scholarships ICPC Astana World Finalist (Rank 2/15 in ICPC ECNA/NAC) 2023-2024 Excellent Academic Scholarship & Excellent Art Scholarship of Tsinghua University 2022 Gold Medal in Chinese Mathematical Olympiad (CMO) (ranked 86th in China) 2018 Silver Medal in National Olympiad in Informatics (NOI) (ranked 90th in China) 2018 Publications Tight Conditional Lower Bounds for Vertex Connectivity Problems Zhiyi Huang, Yaowei Long, /T_hatchaphol Saranurak, Benyu Wang ◦ STOC 2023, arXiv:2212.00359. Undirected 3-Fault Replacement Path in Nearly Cubic Time Shucheng Chi, Ran Duan, Benyu Wang, Tianle Xie ◦ ICALP 2025, arXiv:2411.18312. Near-Optimal Fault-Tolerant Strong Connectivity Preservers Gary Hoppenworth, /T_hatchaphol Saranurak, Benyu Wang ◦ FOCS 2025, to appear"
benyu_wang,benyu_wang_Q27,Skills,Did the applicant describe a situation where they applied one of their key skills effectively?,Yes. Applied theoretical insights to derive tight lower bounds; designed algorithms for fault-tolerant graph problems.,S2_Retrieve_Section,mistralai/Mistral-7B-Instruct-v0.3,"{
  ""predicted_answer"": ""Not found"",
  ""rationale"": ""The provided CV section does not contain a specific situation where the applicant applied one of their key skills effectively."",
  ""confidence_score"": 1.0
}",,,,1.3288052082061768,8.511543273925781e-05,1.3287200927734375,1054,57,0.0,,,,,,,,E2_QA_Accuracy,"Benyu Wang University of Michigan, Ann Arbor, US benyuw@umich.edu | wbyyui.github.io Updated July 8, 2025 Interests ◦ Broad interest in /T_heoretical Computer Science. ◦ Study and research experience in Graph Algorithms / Combinatorics. Education University of Michigan Ann Arbor, US PhD student at Computer Science and Engineering (CSE) Aug 2023 – now ◦ Advisor: Prof. /T_hatchaphol Saranurak ◦ GPA: 4.00/4.00 Tsinghua University (Yao Class) Beijing, China B.Eng., Computer Science and Technology Aug 2019 – Jun 2023 ◦ Advisor: Prof. Ran Duan ◦ GPA: 3.90/4.00 & For Yao Class courses only: 3.98/4.00 Selected Courses: (A+/A stand for 95-100 in 100-point values, A+ is the best grade) · Mathematics for Computer Science (A+) & Mathematics for Arti/f_icial Intelligence (A+) · /T_heory of Computation (A+) & Design and Analysis of Algorithms (A+) Experiences University of Michigan Ann Arbor, US Undergraduate Research Intern (Visitor) Feb 2022 – Aug 2022 ◦ Visited the theory group of UM. Worked with Prof. Seth Pe/t_tieand Prof. /T_hatchaphol Saranurak. INSAIT So/f_ia, Bulgaria Research Intern (Visitor) Sep 2024 – Dec 2024 Teaching Graduate Student Instructor, Introduction to Algorithms Winter 2025, University of Michigan Undergraduate algorithm course instructed by Prof. /T_hatchaphol Saranurak. Teaching Assistant, /T_heory of Computation Spring 2023, Tsinghua University Undergraduate complexity theory course instructed by Prof. Ran Duan. Teaching Assistant, Design and Analysis of Algorithms Fall 2022, Tsinghua University Graduate-Level algorithm course instructed by Prof. Ran Duan. Services Conference Review: STOC(25), FOCS(23,24,25), SODA(24,25), ICALP(23), ITCS(24,25), ESA(24). Journal Review: Algorithmica. Selected Awards and Scholarships ICPC Astana World Finalist (Rank 2/15 in ICPC ECNA/NAC) 2023-2024 Excellent Academic Scholarship & Excellent Art Scholarship of Tsinghua University 2022 Gold Medal in Chinese Mathematical Olympiad (CMO) (ranked 86th in China) 2018 Silver Medal in National Olympiad in Informatics (NOI) (ranked 90th in China) 2018 Publications Tight Conditional Lower Bounds for Vertex Connectivity Problems Zhiyi Huang, Yaowei Long, /T_hatchaphol Saranurak, Benyu Wang ◦ STOC 2023, arXiv:2212.00359. Undirected 3-Fault Replacement Path in Nearly Cubic Time Shucheng Chi, Ran Duan, Benyu Wang, Tianle Xie ◦ ICALP 2025, arXiv:2411.18312. Near-Optimal Fault-Tolerant Strong Connectivity Preservers Gary Hoppenworth, /T_hatchaphol Saranurak, Benyu Wang ◦ FOCS 2025, to appear"
benyu_wang,benyu_wang_Q28,Awards & Extracurricular Activities,"Has the applicant received any awards or recognitions? If so, which is the most significant?",Yes. Gold Medal (CMO); Silver Medal (NOI); ICPC World Finalist (2nd place); Excellent Academic Scholarships.,S2_Retrieve_Section,mistralai/Mistral-7B-Instruct-v0.3,"{
  ""predicted_answer"": ""Yes, the applicant has received awards or recognitions. The most significant award is the Gold Medal in Chinese Mathematical Olympiad (CMO) (ranked 86th in China) in 2018."",
  ""rationale"": ""The applicant has been awarded the Excellent Academic Scholarship & Excellent Art Scholarship of Tsinghua University and the ICPC Astana World Finalist (Rank 2/15 in ICPC ECNA/NAC) 2023-202",,,,2.9639086723327637,7.653236389160156e-05,2.963832139968872,1057,129,0.0,,,,,,,,E2_QA_Accuracy,"Benyu Wang University of Michigan, Ann Arbor, US benyuw@umich.edu | wbyyui.github.io Updated July 8, 2025 Interests ◦ Broad interest in /T_heoretical Computer Science. ◦ Study and research experience in Graph Algorithms / Combinatorics. Education University of Michigan Ann Arbor, US PhD student at Computer Science and Engineering (CSE) Aug 2023 – now ◦ Advisor: Prof. /T_hatchaphol Saranurak ◦ GPA: 4.00/4.00 Tsinghua University (Yao Class) Beijing, China B.Eng., Computer Science and Technology Aug 2019 – Jun 2023 ◦ Advisor: Prof. Ran Duan ◦ GPA: 3.90/4.00 & For Yao Class courses only: 3.98/4.00 Selected Courses: (A+/A stand for 95-100 in 100-point values, A+ is the best grade) · Mathematics for Computer Science (A+) & Mathematics for Arti/f_icial Intelligence (A+) · /T_heory of Computation (A+) & Design and Analysis of Algorithms (A+) Experiences University of Michigan Ann Arbor, US Undergraduate Research Intern (Visitor) Feb 2022 – Aug 2022 ◦ Visited the theory group of UM. Worked with Prof. Seth Pe/t_tieand Prof. /T_hatchaphol Saranurak. INSAIT So/f_ia, Bulgaria Research Intern (Visitor) Sep 2024 – Dec 2024 Teaching Graduate Student Instructor, Introduction to Algorithms Winter 2025, University of Michigan Undergraduate algorithm course instructed by Prof. /T_hatchaphol Saranurak. Teaching Assistant, /T_heory of Computation Spring 2023, Tsinghua University Undergraduate complexity theory course instructed by Prof. Ran Duan. Teaching Assistant, Design and Analysis of Algorithms Fall 2022, Tsinghua University Graduate-Level algorithm course instructed by Prof. Ran Duan. Services Conference Review: STOC(25), FOCS(23,24,25), SODA(24,25), ICALP(23), ITCS(24,25), ESA(24). Journal Review: Algorithmica. Selected Awards and Scholarships ICPC Astana World Finalist (Rank 2/15 in ICPC ECNA/NAC) 2023-2024 Excellent Academic Scholarship & Excellent Art Scholarship of Tsinghua University 2022 Gold Medal in Chinese Mathematical Olympiad (CMO) (ranked 86th in China) 2018 Silver Medal in National Olympiad in Informatics (NOI) (ranked 90th in China) 2018 Publications Tight Conditional Lower Bounds for Vertex Connectivity Problems Zhiyi Huang, Yaowei Long, /T_hatchaphol Saranurak, Benyu Wang ◦ STOC 2023, arXiv:2212.00359. Undirected 3-Fault Replacement Path in Nearly Cubic Time Shucheng Chi, Ran Duan, Benyu Wang, Tianle Xie ◦ ICALP 2025, arXiv:2411.18312. Near-Optimal Fault-Tolerant Strong Connectivity Preservers Gary Hoppenworth, /T_hatchaphol Saranurak, Benyu Wang ◦ FOCS 2025, to appear"
benyu_wang,benyu_wang_Q29,Awards & Extracurricular Activities,Did the applicant share a brief overview of an extracurricular or volunteer activity they have been involved in?,Yes. Served as Teaching Assistant and Graduate Student Instructor; guided students in algorithms and theory courses.,S2_Retrieve_Section,mistralai/Mistral-7B-Instruct-v0.3,"{
  ""predicted_answer"": ""Not found"",
  ""rationale"": ""The provided CV section does not contain any information about extracurricular or volunteer activities."",
  ""confidence_score"": 1.0
}",,,,1.2670881748199463,0.000102996826171875,1.2669851779937744,1061,54,0.0,,,,,,,,E2_QA_Accuracy,"Benyu Wang University of Michigan, Ann Arbor, US benyuw@umich.edu | wbyyui.github.io Updated July 8, 2025 Interests ◦ Broad interest in /T_heoretical Computer Science. ◦ Study and research experience in Graph Algorithms / Combinatorics. Education University of Michigan Ann Arbor, US PhD student at Computer Science and Engineering (CSE) Aug 2023 – now ◦ Advisor: Prof. /T_hatchaphol Saranurak ◦ GPA: 4.00/4.00 Tsinghua University (Yao Class) Beijing, China B.Eng., Computer Science and Technology Aug 2019 – Jun 2023 ◦ Advisor: Prof. Ran Duan ◦ GPA: 3.90/4.00 & For Yao Class courses only: 3.98/4.00 Selected Courses: (A+/A stand for 95-100 in 100-point values, A+ is the best grade) · Mathematics for Computer Science (A+) & Mathematics for Arti/f_icial Intelligence (A+) · /T_heory of Computation (A+) & Design and Analysis of Algorithms (A+) Experiences University of Michigan Ann Arbor, US Undergraduate Research Intern (Visitor) Feb 2022 – Aug 2022 ◦ Visited the theory group of UM. Worked with Prof. Seth Pe/t_tieand Prof. /T_hatchaphol Saranurak. INSAIT So/f_ia, Bulgaria Research Intern (Visitor) Sep 2024 – Dec 2024 Teaching Graduate Student Instructor, Introduction to Algorithms Winter 2025, University of Michigan Undergraduate algorithm course instructed by Prof. /T_hatchaphol Saranurak. Teaching Assistant, /T_heory of Computation Spring 2023, Tsinghua University Undergraduate complexity theory course instructed by Prof. Ran Duan. Teaching Assistant, Design and Analysis of Algorithms Fall 2022, Tsinghua University Graduate-Level algorithm course instructed by Prof. Ran Duan. Services Conference Review: STOC(25), FOCS(23,24,25), SODA(24,25), ICALP(23), ITCS(24,25), ESA(24). Journal Review: Algorithmica. Selected Awards and Scholarships ICPC Astana World Finalist (Rank 2/15 in ICPC ECNA/NAC) 2023-2024 Excellent Academic Scholarship & Excellent Art Scholarship of Tsinghua University 2022 Gold Medal in Chinese Mathematical Olympiad (CMO) (ranked 86th in China) 2018 Silver Medal in National Olympiad in Informatics (NOI) (ranked 90th in China) 2018 Publications Tight Conditional Lower Bounds for Vertex Connectivity Problems Zhiyi Huang, Yaowei Long, /T_hatchaphol Saranurak, Benyu Wang ◦ STOC 2023, arXiv:2212.00359. Undirected 3-Fault Replacement Path in Nearly Cubic Time Shucheng Chi, Ran Duan, Benyu Wang, Tianle Xie ◦ ICALP 2025, arXiv:2411.18312. Near-Optimal Fault-Tolerant Strong Connectivity Preservers Gary Hoppenworth, /T_hatchaphol Saranurak, Benyu Wang ◦ FOCS 2025, to appear"
benyu_wang,benyu_wang_Q30,Awards & Extracurricular Activities,Did the applicant describe any notable academic achievements or honors received?,Yes. High GPAs at top institutions; national Olympiad medals; top-tier conference publications; competitive programming success.,S2_Retrieve_Section,mistralai/Mistral-7B-Instruct-v0.3,"{
  ""predicted_answer"": ""Yes"",
  ""rationale"": ""The applicant mentioned several academic awards and scholarships, such as the ICPC Astana World Finalist, Excellent Academic Scholarship & Excellent Art Scholarship of Tsinghua University, Gold Medal in Chinese Mathematical Olympiad, and Silver Medal in National Olympiad in Informatics."",
  ""confidence_score"": 1.0
}",,,,2.3372974395751953,7.486343383789062e-05,2.3372225761413574,1051,101,0.0,,,,,,,,E2_QA_Accuracy,"Benyu Wang University of Michigan, Ann Arbor, US benyuw@umich.edu | wbyyui.github.io Updated July 8, 2025 Interests ◦ Broad interest in /T_heoretical Computer Science. ◦ Study and research experience in Graph Algorithms / Combinatorics. Education University of Michigan Ann Arbor, US PhD student at Computer Science and Engineering (CSE) Aug 2023 – now ◦ Advisor: Prof. /T_hatchaphol Saranurak ◦ GPA: 4.00/4.00 Tsinghua University (Yao Class) Beijing, China B.Eng., Computer Science and Technology Aug 2019 – Jun 2023 ◦ Advisor: Prof. Ran Duan ◦ GPA: 3.90/4.00 & For Yao Class courses only: 3.98/4.00 Selected Courses: (A+/A stand for 95-100 in 100-point values, A+ is the best grade) · Mathematics for Computer Science (A+) & Mathematics for Arti/f_icial Intelligence (A+) · /T_heory of Computation (A+) & Design and Analysis of Algorithms (A+) Experiences University of Michigan Ann Arbor, US Undergraduate Research Intern (Visitor) Feb 2022 – Aug 2022 ◦ Visited the theory group of UM. Worked with Prof. Seth Pe/t_tieand Prof. /T_hatchaphol Saranurak. INSAIT So/f_ia, Bulgaria Research Intern (Visitor) Sep 2024 – Dec 2024 Teaching Graduate Student Instructor, Introduction to Algorithms Winter 2025, University of Michigan Undergraduate algorithm course instructed by Prof. /T_hatchaphol Saranurak. Teaching Assistant, /T_heory of Computation Spring 2023, Tsinghua University Undergraduate complexity theory course instructed by Prof. Ran Duan. Teaching Assistant, Design and Analysis of Algorithms Fall 2022, Tsinghua University Graduate-Level algorithm course instructed by Prof. Ran Duan. Services Conference Review: STOC(25), FOCS(23,24,25), SODA(24,25), ICALP(23), ITCS(24,25), ESA(24). Journal Review: Algorithmica. Selected Awards and Scholarships ICPC Astana World Finalist (Rank 2/15 in ICPC ECNA/NAC) 2023-2024 Excellent Academic Scholarship & Excellent Art Scholarship of Tsinghua University 2022 Gold Medal in Chinese Mathematical Olympiad (CMO) (ranked 86th in China) 2018 Silver Medal in National Olympiad in Informatics (NOI) (ranked 90th in China) 2018 Publications Tight Conditional Lower Bounds for Vertex Connectivity Problems Zhiyi Huang, Yaowei Long, /T_hatchaphol Saranurak, Benyu Wang ◦ STOC 2023, arXiv:2212.00359. Undirected 3-Fault Replacement Path in Nearly Cubic Time Shucheng Chi, Ran Duan, Benyu Wang, Tianle Xie ◦ ICALP 2025, arXiv:2411.18312. Near-Optimal Fault-Tolerant Strong Connectivity Preservers Gary Hoppenworth, /T_hatchaphol Saranurak, Benyu Wang ◦ FOCS 2025, to appear"
chang_xiao,chang_xiao_Q1,Personal Information,What is the applicant's full name?,Chang Xiao,S2_Retrieve_Section,mistralai/Mistral-7B-Instruct-v0.3,"{
  ""predicted_answer"": ""Chang Xiao"",
  ""rationale"": ""The name 'Chang Xiao' is repeated multiple times throughout the provided CV section."",
  ""confidence_score"": 1.0
}",,,,1.4531359672546387,0.0003514289855957031,1.452784538269043,1379,55,0.0,,,,,,,,E2_QA_Accuracy,"Dogan, Alexa F. Siu, Eunyee Koh, Chang Xiao ACM Conference on Human Factors in Computing Systems, CHI, 2024 CHI ’23 Improving Learning‑based Camera Pose Estimation for Image‑based Augmented Reality Applications Enyu Cai , Ryan A. Rossi, Chang Xiao ACM Conference on Human Factors in Computing Systems, CHI, 2023 BigData ’23 Tabular Data to Image Generation: Benchmark Data, Approaches, and Evaluation Alex Tang, Gromit Chan, Ryan A Rossi, Chang Xiao, Eunyee Koh IEEE International Conference on Big Data, 2023 WWW ’22 VisGNN: Personalized Visualization Recommendationvia Graph Neural Networks Fayokemi Ojo, Ryan A. Rossi, Jane Hoffswell, Shunan Guo, Fan Du, Sungchul Kim, Chang Xiao, Eunyee Koh ACM Web Conference, WWW, 2022 USENIX ’22 Can One Hear the Shape of a Neural Network?: Snooping the GPU via Magnetic Side Channel Henrique Teles Maia, Chang Xiao, Dingzeyu Li, Eitan Grinspun, Changxi Zheng USENIX Security, 2022 UIST ’21 MoiréBoard: A Stable, Accurate and Low‑cost Camera Tracking Method Chang Xiao, Changxi Zheng ACM Symposium on User Interface Software and Technology, UIST , 2021 ICCV ’21 DeepCAD: A Deep Generative Network for Computer‑Aided Design Models Rundi Wu, Chang Xiao, Changxi Zheng International Conference on Computer Vision, ICCV, 2021 CHI ’21 BackTrack: 2D Back‑of‑device Interaction through Front Touchscreen Chang Xiao, Karl Bayer, Changxi Zheng, Shree K. Nayar ACM Conference on Human Factors in Computing Systems, CHI, 2021 CHANG XiAO · RÉSUMÉ 2 CVPR ’20 One Man’s Trash is Another Man’s Treasure: Resisting Adversarial Examples by Adversarial Examples Chang Xiao, Changxi Zheng IEEE / CVF Computer Vision and Pattern Recognition, CVPR, 2020 ICLR ’20 ̪ Enhancing Adversarial Defense by k‑Winners‑Take‑All Chang Xiao, Peilin Zhong, Changxi Zheng International Conference on Learning Representations, ICLR (Spotlight, top 3%), 2020 NeurIPS ’19 Rethinking Generative Mode Coverage: A Pointwise Guaranteed Approach Peilin Zhong*, Yuchen Mo*, Chang Xiao*, Pengyu Cheng , Changxi Zheng (*equal contribution) Neural Information Processing Systems, NeurIPS, 2019 SIGGRAPH ’19 Vidgets: Modular Mechanical Widgets for Mobile Devices Chang Xiao, Karl Bayer, Changxi Zheng, Shree K. Nayar ACM Transactions on Graphics, SIGGRAPH, 2019 TVCG ’19 Mechanics‑Aware Modeling of Cloth Appearance Montazerim Zahra, Chang Xiao, Raymond Yun Fei, Changxi Zheng, Shuang Zhao IEEE Transactions on Visualization and Computer Graphics, TVCG, 2019 NeurIPS ’18 ̪ BourGAN: Generative Networks with Metric Embeddings Chang Xiao, Peilin Zhong, Changxi Zheng Neural Information Processing Systems, NeurIPS (Spotlight, top 3%), 2018 SIGGRAPH ’18 Fontcode: Embedding Information in Text Documents Using Glyph Perturbation Chang Xiao, Cheng Zhang, Changxi Zheng ACM Transactions on Graphics, SIGGRAPH, 2018 CLEO ’18 Two‑color and 3d Phase‑amplitude Modulation Holograms Adam Overvig, Sajan Shrestha, Chang Xiao, Changxi Zheng, Nanfang Yu Conference on Lasers and Electro‑Optics, CLEO, 2018 Peer‑Reviewed Workshop & Poster Publications UIST ’24 Data Pictorial: Deconstructing Raster Images for Data‑Aware Animated Vector Posters Tongyu Zhou, Gromit Yeuk‑Yin Chan, Shunan Guo, Jane Hoffswell, Chang Xiao, Victor Soares Bursztyn, Eunyee Koh ACM Symposium on User Interface Software and Technology, UIST Poster, 2024 UIST ’23 AutoSurveyGPT: GPT‑Enhanced Automated Literature Discovery Chang Xiao ACM Symposium on User Interface Software and Technology, UIST Poster, 2023 CHI ’23 StandARone: Infrared‑Watermarked Documents as Portable"
chang_xiao,chang_xiao_Q2,Personal Information,What is the applicant's LinkedIn?,nan,S2_Retrieve_Section,mistralai/Mistral-7B-Instruct-v0.3,"{
  ""predicted_answer"": ""Not found"",
  ""rationale"": ""The provided CV section does not contain any information related to the applicant's LinkedIn profile."",
  ""confidence_score"": 1.0
}",,,,1.3477427959442139,0.00034737586975097656,1.347395420074463,1379,55,0.0,,,,,,,,E2_QA_Accuracy,"Dogan, Alexa F. Siu, Eunyee Koh, Chang Xiao ACM Conference on Human Factors in Computing Systems, CHI, 2024 CHI ’23 Improving Learning‑based Camera Pose Estimation for Image‑based Augmented Reality Applications Enyu Cai , Ryan A. Rossi, Chang Xiao ACM Conference on Human Factors in Computing Systems, CHI, 2023 BigData ’23 Tabular Data to Image Generation: Benchmark Data, Approaches, and Evaluation Alex Tang, Gromit Chan, Ryan A Rossi, Chang Xiao, Eunyee Koh IEEE International Conference on Big Data, 2023 WWW ’22 VisGNN: Personalized Visualization Recommendationvia Graph Neural Networks Fayokemi Ojo, Ryan A. Rossi, Jane Hoffswell, Shunan Guo, Fan Du, Sungchul Kim, Chang Xiao, Eunyee Koh ACM Web Conference, WWW, 2022 USENIX ’22 Can One Hear the Shape of a Neural Network?: Snooping the GPU via Magnetic Side Channel Henrique Teles Maia, Chang Xiao, Dingzeyu Li, Eitan Grinspun, Changxi Zheng USENIX Security, 2022 UIST ’21 MoiréBoard: A Stable, Accurate and Low‑cost Camera Tracking Method Chang Xiao, Changxi Zheng ACM Symposium on User Interface Software and Technology, UIST , 2021 ICCV ’21 DeepCAD: A Deep Generative Network for Computer‑Aided Design Models Rundi Wu, Chang Xiao, Changxi Zheng International Conference on Computer Vision, ICCV, 2021 CHI ’21 BackTrack: 2D Back‑of‑device Interaction through Front Touchscreen Chang Xiao, Karl Bayer, Changxi Zheng, Shree K. Nayar ACM Conference on Human Factors in Computing Systems, CHI, 2021 CHANG XiAO · RÉSUMÉ 2 CVPR ’20 One Man’s Trash is Another Man’s Treasure: Resisting Adversarial Examples by Adversarial Examples Chang Xiao, Changxi Zheng IEEE / CVF Computer Vision and Pattern Recognition, CVPR, 2020 ICLR ’20 ̪ Enhancing Adversarial Defense by k‑Winners‑Take‑All Chang Xiao, Peilin Zhong, Changxi Zheng International Conference on Learning Representations, ICLR (Spotlight, top 3%), 2020 NeurIPS ’19 Rethinking Generative Mode Coverage: A Pointwise Guaranteed Approach Peilin Zhong*, Yuchen Mo*, Chang Xiao*, Pengyu Cheng , Changxi Zheng (*equal contribution) Neural Information Processing Systems, NeurIPS, 2019 SIGGRAPH ’19 Vidgets: Modular Mechanical Widgets for Mobile Devices Chang Xiao, Karl Bayer, Changxi Zheng, Shree K. Nayar ACM Transactions on Graphics, SIGGRAPH, 2019 TVCG ’19 Mechanics‑Aware Modeling of Cloth Appearance Montazerim Zahra, Chang Xiao, Raymond Yun Fei, Changxi Zheng, Shuang Zhao IEEE Transactions on Visualization and Computer Graphics, TVCG, 2019 NeurIPS ’18 ̪ BourGAN: Generative Networks with Metric Embeddings Chang Xiao, Peilin Zhong, Changxi Zheng Neural Information Processing Systems, NeurIPS (Spotlight, top 3%), 2018 SIGGRAPH ’18 Fontcode: Embedding Information in Text Documents Using Glyph Perturbation Chang Xiao, Cheng Zhang, Changxi Zheng ACM Transactions on Graphics, SIGGRAPH, 2018 CLEO ’18 Two‑color and 3d Phase‑amplitude Modulation Holograms Adam Overvig, Sajan Shrestha, Chang Xiao, Changxi Zheng, Nanfang Yu Conference on Lasers and Electro‑Optics, CLEO, 2018 Peer‑Reviewed Workshop & Poster Publications UIST ’24 Data Pictorial: Deconstructing Raster Images for Data‑Aware Animated Vector Posters Tongyu Zhou, Gromit Yeuk‑Yin Chan, Shunan Guo, Jane Hoffswell, Chang Xiao, Victor Soares Bursztyn, Eunyee Koh ACM Symposium on User Interface Software and Technology, UIST Poster, 2024 UIST ’23 AutoSurveyGPT: GPT‑Enhanced Automated Literature Discovery Chang Xiao ACM Symposium on User Interface Software and Technology, UIST Poster, 2023 CHI ’23 StandARone: Infrared‑Watermarked Documents as Portable"
chang_xiao,chang_xiao_Q3,Personal Information,What is the applicant's primary contact number?,nan,S2_Retrieve_Section,mistralai/Mistral-7B-Instruct-v0.3,"{
  ""predicted_answer"": ""Not found"",
  ""rationale"": ""The provided CV section does not contain any contact information."",
  ""confidence_score"": 1.0
}",,,,1.280165433883667,0.00039458274841308594,1.279770851135254,1380,46,0.0,,,,,,,,E2_QA_Accuracy,"Dogan, Alexa F. Siu, Eunyee Koh, Chang Xiao ACM Conference on Human Factors in Computing Systems, CHI, 2024 CHI ’23 Improving Learning‑based Camera Pose Estimation for Image‑based Augmented Reality Applications Enyu Cai , Ryan A. Rossi, Chang Xiao ACM Conference on Human Factors in Computing Systems, CHI, 2023 BigData ’23 Tabular Data to Image Generation: Benchmark Data, Approaches, and Evaluation Alex Tang, Gromit Chan, Ryan A Rossi, Chang Xiao, Eunyee Koh IEEE International Conference on Big Data, 2023 WWW ’22 VisGNN: Personalized Visualization Recommendationvia Graph Neural Networks Fayokemi Ojo, Ryan A. Rossi, Jane Hoffswell, Shunan Guo, Fan Du, Sungchul Kim, Chang Xiao, Eunyee Koh ACM Web Conference, WWW, 2022 USENIX ’22 Can One Hear the Shape of a Neural Network?: Snooping the GPU via Magnetic Side Channel Henrique Teles Maia, Chang Xiao, Dingzeyu Li, Eitan Grinspun, Changxi Zheng USENIX Security, 2022 UIST ’21 MoiréBoard: A Stable, Accurate and Low‑cost Camera Tracking Method Chang Xiao, Changxi Zheng ACM Symposium on User Interface Software and Technology, UIST , 2021 ICCV ’21 DeepCAD: A Deep Generative Network for Computer‑Aided Design Models Rundi Wu, Chang Xiao, Changxi Zheng International Conference on Computer Vision, ICCV, 2021 CHI ’21 BackTrack: 2D Back‑of‑device Interaction through Front Touchscreen Chang Xiao, Karl Bayer, Changxi Zheng, Shree K. Nayar ACM Conference on Human Factors in Computing Systems, CHI, 2021 CHANG XiAO · RÉSUMÉ 2 CVPR ’20 One Man’s Trash is Another Man’s Treasure: Resisting Adversarial Examples by Adversarial Examples Chang Xiao, Changxi Zheng IEEE / CVF Computer Vision and Pattern Recognition, CVPR, 2020 ICLR ’20 ̪ Enhancing Adversarial Defense by k‑Winners‑Take‑All Chang Xiao, Peilin Zhong, Changxi Zheng International Conference on Learning Representations, ICLR (Spotlight, top 3%), 2020 NeurIPS ’19 Rethinking Generative Mode Coverage: A Pointwise Guaranteed Approach Peilin Zhong*, Yuchen Mo*, Chang Xiao*, Pengyu Cheng , Changxi Zheng (*equal contribution) Neural Information Processing Systems, NeurIPS, 2019 SIGGRAPH ’19 Vidgets: Modular Mechanical Widgets for Mobile Devices Chang Xiao, Karl Bayer, Changxi Zheng, Shree K. Nayar ACM Transactions on Graphics, SIGGRAPH, 2019 TVCG ’19 Mechanics‑Aware Modeling of Cloth Appearance Montazerim Zahra, Chang Xiao, Raymond Yun Fei, Changxi Zheng, Shuang Zhao IEEE Transactions on Visualization and Computer Graphics, TVCG, 2019 NeurIPS ’18 ̪ BourGAN: Generative Networks with Metric Embeddings Chang Xiao, Peilin Zhong, Changxi Zheng Neural Information Processing Systems, NeurIPS (Spotlight, top 3%), 2018 SIGGRAPH ’18 Fontcode: Embedding Information in Text Documents Using Glyph Perturbation Chang Xiao, Cheng Zhang, Changxi Zheng ACM Transactions on Graphics, SIGGRAPH, 2018 CLEO ’18 Two‑color and 3d Phase‑amplitude Modulation Holograms Adam Overvig, Sajan Shrestha, Chang Xiao, Changxi Zheng, Nanfang Yu Conference on Lasers and Electro‑Optics, CLEO, 2018 Peer‑Reviewed Workshop & Poster Publications UIST ’24 Data Pictorial: Deconstructing Raster Images for Data‑Aware Animated Vector Posters Tongyu Zhou, Gromit Yeuk‑Yin Chan, Shunan Guo, Jane Hoffswell, Chang Xiao, Victor Soares Bursztyn, Eunyee Koh ACM Symposium on User Interface Software and Technology, UIST Poster, 2024 UIST ’23 AutoSurveyGPT: GPT‑Enhanced Automated Literature Discovery Chang Xiao ACM Symposium on User Interface Software and Technology, UIST Poster, 2023 CHI ’23 StandARone: Infrared‑Watermarked Documents as Portable"
chang_xiao,chang_xiao_Q4,Personal Information,In which city and country is the applicant currently located?,"Boston, USA. Previously New York, USA.",S2_Retrieve_Section,mistralai/Mistral-7B-Instruct-v0.3,"{
  ""predicted_answer"": ""Not found"",
  ""rationale"": ""The provided CV section does not contain information about the applicant's current location."",
  ""confidence_score"": 1.0
}",,,,1.269705057144165,0.00036025047302246094,1.2693448066711426,1381,52,0.0,,,,,,,,E2_QA_Accuracy,"Dogan, Alexa F. Siu, Eunyee Koh, Chang Xiao ACM Conference on Human Factors in Computing Systems, CHI, 2024 CHI ’23 Improving Learning‑based Camera Pose Estimation for Image‑based Augmented Reality Applications Enyu Cai , Ryan A. Rossi, Chang Xiao ACM Conference on Human Factors in Computing Systems, CHI, 2023 BigData ’23 Tabular Data to Image Generation: Benchmark Data, Approaches, and Evaluation Alex Tang, Gromit Chan, Ryan A Rossi, Chang Xiao, Eunyee Koh IEEE International Conference on Big Data, 2023 WWW ’22 VisGNN: Personalized Visualization Recommendationvia Graph Neural Networks Fayokemi Ojo, Ryan A. Rossi, Jane Hoffswell, Shunan Guo, Fan Du, Sungchul Kim, Chang Xiao, Eunyee Koh ACM Web Conference, WWW, 2022 USENIX ’22 Can One Hear the Shape of a Neural Network?: Snooping the GPU via Magnetic Side Channel Henrique Teles Maia, Chang Xiao, Dingzeyu Li, Eitan Grinspun, Changxi Zheng USENIX Security, 2022 UIST ’21 MoiréBoard: A Stable, Accurate and Low‑cost Camera Tracking Method Chang Xiao, Changxi Zheng ACM Symposium on User Interface Software and Technology, UIST , 2021 ICCV ’21 DeepCAD: A Deep Generative Network for Computer‑Aided Design Models Rundi Wu, Chang Xiao, Changxi Zheng International Conference on Computer Vision, ICCV, 2021 CHI ’21 BackTrack: 2D Back‑of‑device Interaction through Front Touchscreen Chang Xiao, Karl Bayer, Changxi Zheng, Shree K. Nayar ACM Conference on Human Factors in Computing Systems, CHI, 2021 CHANG XiAO · RÉSUMÉ 2 CVPR ’20 One Man’s Trash is Another Man’s Treasure: Resisting Adversarial Examples by Adversarial Examples Chang Xiao, Changxi Zheng IEEE / CVF Computer Vision and Pattern Recognition, CVPR, 2020 ICLR ’20 ̪ Enhancing Adversarial Defense by k‑Winners‑Take‑All Chang Xiao, Peilin Zhong, Changxi Zheng International Conference on Learning Representations, ICLR (Spotlight, top 3%), 2020 NeurIPS ’19 Rethinking Generative Mode Coverage: A Pointwise Guaranteed Approach Peilin Zhong*, Yuchen Mo*, Chang Xiao*, Pengyu Cheng , Changxi Zheng (*equal contribution) Neural Information Processing Systems, NeurIPS, 2019 SIGGRAPH ’19 Vidgets: Modular Mechanical Widgets for Mobile Devices Chang Xiao, Karl Bayer, Changxi Zheng, Shree K. Nayar ACM Transactions on Graphics, SIGGRAPH, 2019 TVCG ’19 Mechanics‑Aware Modeling of Cloth Appearance Montazerim Zahra, Chang Xiao, Raymond Yun Fei, Changxi Zheng, Shuang Zhao IEEE Transactions on Visualization and Computer Graphics, TVCG, 2019 NeurIPS ’18 ̪ BourGAN: Generative Networks with Metric Embeddings Chang Xiao, Peilin Zhong, Changxi Zheng Neural Information Processing Systems, NeurIPS (Spotlight, top 3%), 2018 SIGGRAPH ’18 Fontcode: Embedding Information in Text Documents Using Glyph Perturbation Chang Xiao, Cheng Zhang, Changxi Zheng ACM Transactions on Graphics, SIGGRAPH, 2018 CLEO ’18 Two‑color and 3d Phase‑amplitude Modulation Holograms Adam Overvig, Sajan Shrestha, Chang Xiao, Changxi Zheng, Nanfang Yu Conference on Lasers and Electro‑Optics, CLEO, 2018 Peer‑Reviewed Workshop & Poster Publications UIST ’24 Data Pictorial: Deconstructing Raster Images for Data‑Aware Animated Vector Posters Tongyu Zhou, Gromit Yeuk‑Yin Chan, Shunan Guo, Jane Hoffswell, Chang Xiao, Victor Soares Bursztyn, Eunyee Koh ACM Symposium on User Interface Software and Technology, UIST Poster, 2024 UIST ’23 AutoSurveyGPT: GPT‑Enhanced Automated Literature Discovery Chang Xiao ACM Symposium on User Interface Software and Technology, UIST Poster, 2023 CHI ’23 StandARone: Infrared‑Watermarked Documents as Portable"
chang_xiao,chang_xiao_Q5,Personal Information,Did the applicant provide a brief professional summary or career objective?,"Yes. Researches at the intersection of HCI, Generative AI, and AR/VR to create technologies bridging digital and physical worlds.",S2_Retrieve_Section,mistralai/Mistral-7B-Instruct-v0.3,"{
  ""predicted_answer"": ""Not found"",
  ""rationale"": ""The provided CV section does not contain a professional summary or career objective."",
  ""confidence_score"": 1.0
}",,,,1.256606101989746,0.0003657341003417969,1.2562403678894043,1257,49,0.0,,,,,,,,E2_QA_Accuracy,"Containers of AR Interaction and Personalization M. Doga Dogan, Alexa F. Siu, Jennifer Healey, Curtis Wigington, Chang Xiao, Tong Sun ACM CHI Conference on Human Factors in Computing Systems (CHI LBW), 2023 UIST ’22 iMarker: Instant and True‑to‑scale AR with Invisible Markers Chang Xiao, Ryan Rossi, Eunyee Koh ACM Symposium on User Interface Software and Technology, UIST Poster, 2022 CHANG XiAO · RÉSUMÉ 3 Honors & Awards 2025 Best Paper Honorable Mention TEI 2025, 2 out of 141 submissions 2024 Adobe Summit Sneaks Presentation Project Perfect Plays 2022 Adobe Summit Sneaks Presentation Project Right Sized Adobe Summit Sneaks is a high‑profile public event at the annual Adobe Summit, showcasing innovative, experimental technolo‑ gies that Adobe is exploring. Each year, only 6‑7 presentations are selected from hundreds of new inventions at Adobe. 2019‑2021 Cheung‑Kong Innovation Doctoral Fellowship2 awardees among Columbia Engineering School. 2022 Snap Research Fellowship 11 awardees worldwide. 4x Special Recognitions for Outstanding ReviewsUIST 2020 ICLR Spotlight Paper Top 3% papers. 2018 NeurIPS Spotlight Paper Top 3% papers. 2019, 2018 NeurIPS Travel Award 2015 China Computer Federation Elite Collegiate Award20 awardees among all undergrads in China 2014‑2016 Zhejiang University First‑Class Scholarship 20 awardees among all undergrads in China Selected Press Forget touchscreens: This case controls a smartphone with buttons and dials [CNN] Let’s Get Personal: The Future of Personalized Digital Experiences in the Era of AI [VLM] Adobe Unveils New Augmented Reality Shopping Tool [Adweek] A new AR‑based eCommerce tool by Adobe to help consumers try products virtually [Digital Informa‑ tion World] Magnetic Snoops Plunder Deep Learning’s Secrets [Communication of the ACM] Add Scroll Wheels And Buttons To Smartphones With 3D‑Printed Widgets [Hackaday] Researchers build a smart case to control your phone with no wires or Bluetooth required [New Atlas] Without Wires Or Bluetooth, This Case Lets You Add Buttons And Scroll Wheels To Your Smartphone [Gizmodo] You Can Send Invisible Messages With Subtle Font Tweaks [WIRED] Hiding Information in Plain Text [IEEE Spectrum] Researchers Hide Information in Plain Text [Columbia Engineering] Helvetica Is Now An Encryption Device [CoDesign] This algorithm can hide secret messages in regular‑looking text [Digital Trend] Researchers hide information in plain text [Science Daily] Patents Hypergraph Representation Learning Ryan Rossi, Ryan Aponte, Shunan Guo, Jane Hoffswell, Nedim Lipka, Chang Xiao, Yeuk‑Yin Chan, Eunyee Koh US Patent App. 18/119,305 Performing Machine Learning Techniques for Hypertext Markup Language‑based Style Recommenda‑ tions Ryan Rossi, Ryan Aponte, Shunan Guo, Nedim Lipka, Jane Hoffswell, Chang Xiao, Eunyee Koh, Yeuk‑yin Chan US Patent App. 17/470,665 Feature Detection for Image‑based Augmented Reality Enyu Cai, Ryan Rossi, Chang Xiao US Patent App. 18/084,606 CHANG XiAO · RÉSUMÉ 4 System and Methods for Providing Invisible Augmented Reality Markers Chang Xiao, Ryan Rossi, Eunyee Koh US Patent App. 17/882,821 Utilizing a Graph Neural Network to Generate Visualization and Attribute Recommendations Fayokemi Ojo, Ryan Rossi, Jane Hoffswell, Shunan Guo, Fan Du, Sungchul Kim, Chang Xiao, Eunyee Koh US Patent App. 17/654,933 Systems and Methods for Steganography Based on Text Fonts Changxi Zheng, Chang Xiao, Cheng Zhang US"
chang_xiao,chang_xiao_Q6,Education,What is the highest level of education the applicant has completed?,Ph.D. in Computer Science (Columbia University).,S2_Retrieve_Section,mistralai/Mistral-7B-Instruct-v0.3,"{
  ""predicted_answer"": ""Ph.D. in Computer Science"",
  ""rationale"": ""The applicant completed a Ph.D. in Computer Science at Columbia University."",
  ""confidence_score"": 1.0
}",,,,1.3003945350646973,0.00040078163146972656,1.2999937534332275,1247,56,0.0,,,,,,,,E2_QA_Accuracy,"Chang Xiao ASSiSTANT PROFESSOR · BOSTON UNiVERSiTY ć changxiao0731@gmail.com | u chang.engineer/ |  Google Scholar Research Interests My research lies at the intersection of HCI, Generative AI, Computational Design, and AR/VR, focusing on creating transformative technologies and experiences that bridge the digital and physical worlds. I aim to leverage AI and computational methods to enable interactive and engaging platforms that cultivate creativ‑ ity and empower individuals to effortlessly design immersive experiences. Education Columbia University New York, USA PH.D. iN COMPUTER SCiENCE 2016 ‑ 2021 • Thesis: Bridging the Gap Between People, Mobile Devices, and the Physical World • Committee: Changxi Zheng (Advisor), Steven K. Feiner (Chair), Brian A. Smith, Carl Vondrick, Andrés Monroy‑Hernández Zhejiang University China B.S. iN COMPUTER SCiENCE 2012 ‑ 2016 • Chu Kochen Honors College Employment Boston University Boston, USA ASSiSTANT PROFESSOR 2025 ‑ present Adobe Research San Jose, USA RESEARCH SCiENTiST 2021 ‑ 2025 • Presented my research twice at Adobe’s annual Summit Sneaks, the company’s largest public‑facing showcase (2022, 2024). • Published 10+ papers and filed 6 patents while at Adobe. • Mentored 10+ Ph.D. student interns on various research projects. • Developing novel AI solutions for Adobe’s products. Snap Research New York, USA RESEARCH INTERN Summer 2018, 2019 • Mentored by Prof. Shree K. Nayar. • Published at SIGGRAPH 2019 and CHI 2021. Peer‑Reviewed Journal & Conference Publications In computer science, conferences are often the primary publication venues. The top conferences in Human‑Computer Interaction (e.g., CHI, UIST), Computer Graphics and XR (e.g., SIGGRAPH, SIGGRAPH Asia), and AI/ML (e.g., CVPR, ICCV, NeurIPS, ICLR) are highly selective and widely regarded, with acceptance rates typically ranging from 20% to 25%. Bold: Represents myself. Underline : Represents students or interns I have mentored. UIST ’25 Streaming, Fast and Slow: Cognitive Load‑Aware Streaming for Efficient LLM Serving Chang Xiao, Brenda Yang ACM Symposium on User Interface Software and Technology, UIST , 2025 CHI PLAY ’25 LLMs May Not Be Human‑Level Players, But They Can Be Testers: Measuring Game Difficulty with LLM Agents Chang Xiao, Brenda Yang ACM The Annual Symposium on Computer‑Human Interaction in Play, CHI PLAY, 2025 CHANG XiAO · RÉSUMÉ 1 CHI ’25 Imprinto: Enhancing Infrared Inkjet Watermarking for Human and Machine Perception Martin Feick, Xuxin Tang, Raul Garcia‑Martin, Alexandru Luchianov, Roderick Huang, Chang Xiao, Alexa Siu, Mustafa Doga Dogan ACM Conference on Human Factors in Computing Systems, CHI, 2025 TEI ’25 ̪ ReactFold: Towards Camera‑based Tangible Interaction on Passive Paper Artifacts Chang Xiao ACM Conference on Tangible Embedded and Embodied Interaction, TEI, 2025 (Best Paper Honorable Mention) SIGGRAPH Asia ’24 Evaluating Visual Perception of Object Motion in Dynamic Environments Budmonde Duinkharjav , Jenna Kang, Gavin S. P . Miller,Chang Xiao, Qi Sun ACM Transactions on Graphics (TOG), SIGGRAPH Asia, 2024 UIST ’24 SonifyAR: Context‑Aware Sound Effect Generation in Augmented Reality Xia Su, Jon E. Froehlich, Eunyee Koh, Chang Xiao ACM Symposium on User Interface Software and Technology, UIST , 2024 CHI ’24 MoiréWidgets: High‑Precision, Passive Tangible Interfaces via Moiré Effect Daniel Campos Zamora, M. Doga"
chang_xiao,chang_xiao_Q7,Education,Which institutions did the applicant attend?,Columbia University; Zhejiang University,S2_Retrieve_Section,mistralai/Mistral-7B-Instruct-v0.3,"{
  ""predicted_answer"": [""Columbia University"", ""Zhejiang University""],
  ""rationale"": ""The applicant attended Columbia University for their Ph.D. in Computer Science and Zhejiang University for their B.S. in Computer Science."",
  ""confidence_score"": 1.0
}",,,,1.7812893390655518,0.00035500526428222656,1.7809343338012695,1242,75,0.0,,,,,,,,E2_QA_Accuracy,"Chang Xiao ASSiSTANT PROFESSOR · BOSTON UNiVERSiTY ć changxiao0731@gmail.com | u chang.engineer/ |  Google Scholar Research Interests My research lies at the intersection of HCI, Generative AI, Computational Design, and AR/VR, focusing on creating transformative technologies and experiences that bridge the digital and physical worlds. I aim to leverage AI and computational methods to enable interactive and engaging platforms that cultivate creativ‑ ity and empower individuals to effortlessly design immersive experiences. Education Columbia University New York, USA PH.D. iN COMPUTER SCiENCE 2016 ‑ 2021 • Thesis: Bridging the Gap Between People, Mobile Devices, and the Physical World • Committee: Changxi Zheng (Advisor), Steven K. Feiner (Chair), Brian A. Smith, Carl Vondrick, Andrés Monroy‑Hernández Zhejiang University China B.S. iN COMPUTER SCiENCE 2012 ‑ 2016 • Chu Kochen Honors College Employment Boston University Boston, USA ASSiSTANT PROFESSOR 2025 ‑ present Adobe Research San Jose, USA RESEARCH SCiENTiST 2021 ‑ 2025 • Presented my research twice at Adobe’s annual Summit Sneaks, the company’s largest public‑facing showcase (2022, 2024). • Published 10+ papers and filed 6 patents while at Adobe. • Mentored 10+ Ph.D. student interns on various research projects. • Developing novel AI solutions for Adobe’s products. Snap Research New York, USA RESEARCH INTERN Summer 2018, 2019 • Mentored by Prof. Shree K. Nayar. • Published at SIGGRAPH 2019 and CHI 2021. Peer‑Reviewed Journal & Conference Publications In computer science, conferences are often the primary publication venues. The top conferences in Human‑Computer Interaction (e.g., CHI, UIST), Computer Graphics and XR (e.g., SIGGRAPH, SIGGRAPH Asia), and AI/ML (e.g., CVPR, ICCV, NeurIPS, ICLR) are highly selective and widely regarded, with acceptance rates typically ranging from 20% to 25%. Bold: Represents myself. Underline : Represents students or interns I have mentored. UIST ’25 Streaming, Fast and Slow: Cognitive Load‑Aware Streaming for Efficient LLM Serving Chang Xiao, Brenda Yang ACM Symposium on User Interface Software and Technology, UIST , 2025 CHI PLAY ’25 LLMs May Not Be Human‑Level Players, But They Can Be Testers: Measuring Game Difficulty with LLM Agents Chang Xiao, Brenda Yang ACM The Annual Symposium on Computer‑Human Interaction in Play, CHI PLAY, 2025 CHANG XiAO · RÉSUMÉ 1 CHI ’25 Imprinto: Enhancing Infrared Inkjet Watermarking for Human and Machine Perception Martin Feick, Xuxin Tang, Raul Garcia‑Martin, Alexandru Luchianov, Roderick Huang, Chang Xiao, Alexa Siu, Mustafa Doga Dogan ACM Conference on Human Factors in Computing Systems, CHI, 2025 TEI ’25 ̪ ReactFold: Towards Camera‑based Tangible Interaction on Passive Paper Artifacts Chang Xiao ACM Conference on Tangible Embedded and Embodied Interaction, TEI, 2025 (Best Paper Honorable Mention) SIGGRAPH Asia ’24 Evaluating Visual Perception of Object Motion in Dynamic Environments Budmonde Duinkharjav , Jenna Kang, Gavin S. P . Miller,Chang Xiao, Qi Sun ACM Transactions on Graphics (TOG), SIGGRAPH Asia, 2024 UIST ’24 SonifyAR: Context‑Aware Sound Effect Generation in Augmented Reality Xia Su, Jon E. Froehlich, Eunyee Koh, Chang Xiao ACM Symposium on User Interface Software and Technology, UIST , 2024 CHI ’24 MoiréWidgets: High‑Precision, Passive Tangible Interfaces via Moiré Effect Daniel Campos Zamora, M. Doga"
chang_xiao,chang_xiao_Q8,Education,What is the applicant's score or GPA for his highest level of education?,nan,S2_Retrieve_Section,mistralai/Mistral-7B-Instruct-v0.3,"{
  ""predicted_answer"": ""Not found"",
  ""rationale"": ""The provided CV section does not contain information about the applicant's score or GPA for his highest level of education."",
  ""confidence_score"": 1.0
}",,,,1.4786677360534668,0.0003514289855957031,1.478316307067871,1252,60,0.0,,,,,,,,E2_QA_Accuracy,"Chang Xiao ASSiSTANT PROFESSOR · BOSTON UNiVERSiTY ć changxiao0731@gmail.com | u chang.engineer/ |  Google Scholar Research Interests My research lies at the intersection of HCI, Generative AI, Computational Design, and AR/VR, focusing on creating transformative technologies and experiences that bridge the digital and physical worlds. I aim to leverage AI and computational methods to enable interactive and engaging platforms that cultivate creativ‑ ity and empower individuals to effortlessly design immersive experiences. Education Columbia University New York, USA PH.D. iN COMPUTER SCiENCE 2016 ‑ 2021 • Thesis: Bridging the Gap Between People, Mobile Devices, and the Physical World • Committee: Changxi Zheng (Advisor), Steven K. Feiner (Chair), Brian A. Smith, Carl Vondrick, Andrés Monroy‑Hernández Zhejiang University China B.S. iN COMPUTER SCiENCE 2012 ‑ 2016 • Chu Kochen Honors College Employment Boston University Boston, USA ASSiSTANT PROFESSOR 2025 ‑ present Adobe Research San Jose, USA RESEARCH SCiENTiST 2021 ‑ 2025 • Presented my research twice at Adobe’s annual Summit Sneaks, the company’s largest public‑facing showcase (2022, 2024). • Published 10+ papers and filed 6 patents while at Adobe. • Mentored 10+ Ph.D. student interns on various research projects. • Developing novel AI solutions for Adobe’s products. Snap Research New York, USA RESEARCH INTERN Summer 2018, 2019 • Mentored by Prof. Shree K. Nayar. • Published at SIGGRAPH 2019 and CHI 2021. Peer‑Reviewed Journal & Conference Publications In computer science, conferences are often the primary publication venues. The top conferences in Human‑Computer Interaction (e.g., CHI, UIST), Computer Graphics and XR (e.g., SIGGRAPH, SIGGRAPH Asia), and AI/ML (e.g., CVPR, ICCV, NeurIPS, ICLR) are highly selective and widely regarded, with acceptance rates typically ranging from 20% to 25%. Bold: Represents myself. Underline : Represents students or interns I have mentored. UIST ’25 Streaming, Fast and Slow: Cognitive Load‑Aware Streaming for Efficient LLM Serving Chang Xiao, Brenda Yang ACM Symposium on User Interface Software and Technology, UIST , 2025 CHI PLAY ’25 LLMs May Not Be Human‑Level Players, But They Can Be Testers: Measuring Game Difficulty with LLM Agents Chang Xiao, Brenda Yang ACM The Annual Symposium on Computer‑Human Interaction in Play, CHI PLAY, 2025 CHANG XiAO · RÉSUMÉ 1 CHI ’25 Imprinto: Enhancing Infrared Inkjet Watermarking for Human and Machine Perception Martin Feick, Xuxin Tang, Raul Garcia‑Martin, Alexandru Luchianov, Roderick Huang, Chang Xiao, Alexa Siu, Mustafa Doga Dogan ACM Conference on Human Factors in Computing Systems, CHI, 2025 TEI ’25 ̪ ReactFold: Towards Camera‑based Tangible Interaction on Passive Paper Artifacts Chang Xiao ACM Conference on Tangible Embedded and Embodied Interaction, TEI, 2025 (Best Paper Honorable Mention) SIGGRAPH Asia ’24 Evaluating Visual Perception of Object Motion in Dynamic Environments Budmonde Duinkharjav , Jenna Kang, Gavin S. P . Miller,Chang Xiao, Qi Sun ACM Transactions on Graphics (TOG), SIGGRAPH Asia, 2024 UIST ’24 SonifyAR: Context‑Aware Sound Effect Generation in Augmented Reality Xia Su, Jon E. Froehlich, Eunyee Koh, Chang Xiao ACM Symposium on User Interface Software and Technology, UIST , 2024 CHI ’24 MoiréWidgets: High‑Precision, Passive Tangible Interfaces via Moiré Effect Daniel Campos Zamora, M. Doga"
chang_xiao,chang_xiao_Q9,Education,What was the applicant's field of study or major?,Computer Science,S2_Retrieve_Section,mistralai/Mistral-7B-Instruct-v0.3,"{
  ""predicted_answer"": ""Computer Science"",
  ""rationale"": ""The applicant's education section lists a Bachelor's degree in Computer Science from Zhejiang University China and a Ph.D. in Computer Science from Columbia University New York."",
  ""confidence_score"": 1.0
}",,,,1.719041347503662,0.0003554821014404297,1.7186858654022217,1247,74,0.0,,,,,,,,E2_QA_Accuracy,"Chang Xiao ASSiSTANT PROFESSOR · BOSTON UNiVERSiTY ć changxiao0731@gmail.com | u chang.engineer/ |  Google Scholar Research Interests My research lies at the intersection of HCI, Generative AI, Computational Design, and AR/VR, focusing on creating transformative technologies and experiences that bridge the digital and physical worlds. I aim to leverage AI and computational methods to enable interactive and engaging platforms that cultivate creativ‑ ity and empower individuals to effortlessly design immersive experiences. Education Columbia University New York, USA PH.D. iN COMPUTER SCiENCE 2016 ‑ 2021 • Thesis: Bridging the Gap Between People, Mobile Devices, and the Physical World • Committee: Changxi Zheng (Advisor), Steven K. Feiner (Chair), Brian A. Smith, Carl Vondrick, Andrés Monroy‑Hernández Zhejiang University China B.S. iN COMPUTER SCiENCE 2012 ‑ 2016 • Chu Kochen Honors College Employment Boston University Boston, USA ASSiSTANT PROFESSOR 2025 ‑ present Adobe Research San Jose, USA RESEARCH SCiENTiST 2021 ‑ 2025 • Presented my research twice at Adobe’s annual Summit Sneaks, the company’s largest public‑facing showcase (2022, 2024). • Published 10+ papers and filed 6 patents while at Adobe. • Mentored 10+ Ph.D. student interns on various research projects. • Developing novel AI solutions for Adobe’s products. Snap Research New York, USA RESEARCH INTERN Summer 2018, 2019 • Mentored by Prof. Shree K. Nayar. • Published at SIGGRAPH 2019 and CHI 2021. Peer‑Reviewed Journal & Conference Publications In computer science, conferences are often the primary publication venues. The top conferences in Human‑Computer Interaction (e.g., CHI, UIST), Computer Graphics and XR (e.g., SIGGRAPH, SIGGRAPH Asia), and AI/ML (e.g., CVPR, ICCV, NeurIPS, ICLR) are highly selective and widely regarded, with acceptance rates typically ranging from 20% to 25%. Bold: Represents myself. Underline : Represents students or interns I have mentored. UIST ’25 Streaming, Fast and Slow: Cognitive Load‑Aware Streaming for Efficient LLM Serving Chang Xiao, Brenda Yang ACM Symposium on User Interface Software and Technology, UIST , 2025 CHI PLAY ’25 LLMs May Not Be Human‑Level Players, But They Can Be Testers: Measuring Game Difficulty with LLM Agents Chang Xiao, Brenda Yang ACM The Annual Symposium on Computer‑Human Interaction in Play, CHI PLAY, 2025 CHANG XiAO · RÉSUMÉ 1 CHI ’25 Imprinto: Enhancing Infrared Inkjet Watermarking for Human and Machine Perception Martin Feick, Xuxin Tang, Raul Garcia‑Martin, Alexandru Luchianov, Roderick Huang, Chang Xiao, Alexa Siu, Mustafa Doga Dogan ACM Conference on Human Factors in Computing Systems, CHI, 2025 TEI ’25 ̪ ReactFold: Towards Camera‑based Tangible Interaction on Passive Paper Artifacts Chang Xiao ACM Conference on Tangible Embedded and Embodied Interaction, TEI, 2025 (Best Paper Honorable Mention) SIGGRAPH Asia ’24 Evaluating Visual Perception of Object Motion in Dynamic Environments Budmonde Duinkharjav , Jenna Kang, Gavin S. P . Miller,Chang Xiao, Qi Sun ACM Transactions on Graphics (TOG), SIGGRAPH Asia, 2024 UIST ’24 SonifyAR: Context‑Aware Sound Effect Generation in Augmented Reality Xia Su, Jon E. Froehlich, Eunyee Koh, Chang Xiao ACM Symposium on User Interface Software and Technology, UIST , 2024 CHI ’24 MoiréWidgets: High‑Precision, Passive Tangible Interfaces via Moiré Effect Daniel Campos Zamora, M. Doga"
chang_xiao,chang_xiao_Q10,Professional Experience,What is the name of the applicant's current (or most recent) employer?,Boston University (2025-present),S2_Retrieve_Section,mistralai/Mistral-7B-Instruct-v0.3,"{
  ""predicted_answer"": ""Not found"",
  ""rationale"": ""The provided CV section does not contain information about the applicant's current or most recent employer."",
  ""confidence_score"": 1.0
}",,,,1.3372750282287598,0.00043964385986328125,1.3368353843688965,1387,55,0.0,,,,,,,,E2_QA_Accuracy,"Dogan, Alexa F. Siu, Eunyee Koh, Chang Xiao ACM Conference on Human Factors in Computing Systems, CHI, 2024 CHI ’23 Improving Learning‑based Camera Pose Estimation for Image‑based Augmented Reality Applications Enyu Cai , Ryan A. Rossi, Chang Xiao ACM Conference on Human Factors in Computing Systems, CHI, 2023 BigData ’23 Tabular Data to Image Generation: Benchmark Data, Approaches, and Evaluation Alex Tang, Gromit Chan, Ryan A Rossi, Chang Xiao, Eunyee Koh IEEE International Conference on Big Data, 2023 WWW ’22 VisGNN: Personalized Visualization Recommendationvia Graph Neural Networks Fayokemi Ojo, Ryan A. Rossi, Jane Hoffswell, Shunan Guo, Fan Du, Sungchul Kim, Chang Xiao, Eunyee Koh ACM Web Conference, WWW, 2022 USENIX ’22 Can One Hear the Shape of a Neural Network?: Snooping the GPU via Magnetic Side Channel Henrique Teles Maia, Chang Xiao, Dingzeyu Li, Eitan Grinspun, Changxi Zheng USENIX Security, 2022 UIST ’21 MoiréBoard: A Stable, Accurate and Low‑cost Camera Tracking Method Chang Xiao, Changxi Zheng ACM Symposium on User Interface Software and Technology, UIST , 2021 ICCV ’21 DeepCAD: A Deep Generative Network for Computer‑Aided Design Models Rundi Wu, Chang Xiao, Changxi Zheng International Conference on Computer Vision, ICCV, 2021 CHI ’21 BackTrack: 2D Back‑of‑device Interaction through Front Touchscreen Chang Xiao, Karl Bayer, Changxi Zheng, Shree K. Nayar ACM Conference on Human Factors in Computing Systems, CHI, 2021 CHANG XiAO · RÉSUMÉ 2 CVPR ’20 One Man’s Trash is Another Man’s Treasure: Resisting Adversarial Examples by Adversarial Examples Chang Xiao, Changxi Zheng IEEE / CVF Computer Vision and Pattern Recognition, CVPR, 2020 ICLR ’20 ̪ Enhancing Adversarial Defense by k‑Winners‑Take‑All Chang Xiao, Peilin Zhong, Changxi Zheng International Conference on Learning Representations, ICLR (Spotlight, top 3%), 2020 NeurIPS ’19 Rethinking Generative Mode Coverage: A Pointwise Guaranteed Approach Peilin Zhong*, Yuchen Mo*, Chang Xiao*, Pengyu Cheng , Changxi Zheng (*equal contribution) Neural Information Processing Systems, NeurIPS, 2019 SIGGRAPH ’19 Vidgets: Modular Mechanical Widgets for Mobile Devices Chang Xiao, Karl Bayer, Changxi Zheng, Shree K. Nayar ACM Transactions on Graphics, SIGGRAPH, 2019 TVCG ’19 Mechanics‑Aware Modeling of Cloth Appearance Montazerim Zahra, Chang Xiao, Raymond Yun Fei, Changxi Zheng, Shuang Zhao IEEE Transactions on Visualization and Computer Graphics, TVCG, 2019 NeurIPS ’18 ̪ BourGAN: Generative Networks with Metric Embeddings Chang Xiao, Peilin Zhong, Changxi Zheng Neural Information Processing Systems, NeurIPS (Spotlight, top 3%), 2018 SIGGRAPH ’18 Fontcode: Embedding Information in Text Documents Using Glyph Perturbation Chang Xiao, Cheng Zhang, Changxi Zheng ACM Transactions on Graphics, SIGGRAPH, 2018 CLEO ’18 Two‑color and 3d Phase‑amplitude Modulation Holograms Adam Overvig, Sajan Shrestha, Chang Xiao, Changxi Zheng, Nanfang Yu Conference on Lasers and Electro‑Optics, CLEO, 2018 Peer‑Reviewed Workshop & Poster Publications UIST ’24 Data Pictorial: Deconstructing Raster Images for Data‑Aware Animated Vector Posters Tongyu Zhou, Gromit Yeuk‑Yin Chan, Shunan Guo, Jane Hoffswell, Chang Xiao, Victor Soares Bursztyn, Eunyee Koh ACM Symposium on User Interface Software and Technology, UIST Poster, 2024 UIST ’23 AutoSurveyGPT: GPT‑Enhanced Automated Literature Discovery Chang Xiao ACM Symposium on User Interface Software and Technology, UIST Poster, 2023 CHI ’23 StandARone: Infrared‑Watermarked Documents as Portable"
chang_xiao,chang_xiao_Q11,Professional Experience,What is the applicant's job title in the most recent role?,Assistant Professor,S2_Retrieve_Section,mistralai/Mistral-7B-Instruct-v0.3,"{
  ""predicted_answer"": ""Not found"",
  ""rationale"": ""The provided section does not contain information about the applicant's job title in the most recent role."",
  ""confidence_score"": 1.0
}",,,,1.4266560077667236,0.0004029273986816406,1.426253080368042,1265,56,0.0,,,,,,,,E2_QA_Accuracy,"Patent 10,755,375 Trackpad on Back Portion of a Device Shree K. Nayar, Chang Xiao, Changxi Zheng US Patent 11,550,435 Vibrational Input Elements Chang Xiao, Karl Bayer, Shree K. Nayar, Changxi Zheng US Patent 11,126,266 Professional Services Program Committee / Associate Chair 2025, 2026 CHI 2023, 2024, 2025 UIST Session Chair 2024, 2025 CHI Reviewer 2022‑ UIST 2021‑ CHI 2020, 2021, 2022 ICLR 2020, 2021, 2022, 2023 CVPR 2019, 2020, 2021 NeurIPS 2019, 2020, 2021 ICML 2019, 2020, 2023, 2024 SIGGRAPH 2018, 2020 SIGGRAPH Asia 2018 TVCG Invited Talks April 2025 Bridging the Physical‑Digital Divide with Tangible, Ambient and Context‑Aware Interaction UIUC, Remote Talk CS Seminar, Hosted by Prof. Tarek Abdelzaher Mar 2025 Bridging the Physical‑Digital Divide with Tangible, Ambient and Context‑Aware Interaction Boston University, Boston, MA CS Colloquium, Hosted by Prof. Emily Whiting Feb 2025 Bridging the Physical‑Digital Divide with Tangible, Ambient and Context‑Aware Interaction University of Utah, Salt Lake City, UT GAMES Seminar, Hosted by Prof. Shelby Moser CHANG XiAO · RÉSUMÉ 5 Mar 2024 Augmented Interaction Between Physical and Digital World University of Southern California, Los Angeles, CA CS Colloquium, Hosted by Prof. Heather Culbertson Feb 2024 Augmented Interaction Between Physical and Digital World Stevens Institute of Technology, Hoboken, NJ CS Seminar, Hosted by Prof. Jonggi Hong Jan 2024 Augmented Interaction Between Physical and Digital World Arizona State University, Tempe, AZ CS Seminar, Hosted by Prof. Yezhou Yang and Prof. Hasti Seifi Nov 2023 Recent Advances in Input Technologies for Extended Reality (XR) Peking University, Beijing, China CS Seminar, Hosted by Prof. Baoquan Chen Nov 2022 Immersive Online Shopping with AR Adobe Tech Summit, San Jose, CA Nov 2019 Interaction through Hidden Channel Zhejiang University, Hangzhou, China Seminar, Hosted by Prof. Kun Zhou Mentoring ADOBE INTERNS At Adobe Research, I mentor PhD interns conducting cutting‑edge research and publishing in top venues. Listed below are students whom I served as the primary mentor. 2025 Yunyi Zhu PhD at MIT 2024 Yimeng Liu PhD at UCSB 2023 Daniel Campos Zamora PhD at UW 2023 Monde Duinkharjav PhD at NYU 2023 Xia Su PhD at UW 2022 Enyu Cai PhD at Purdue 2022 Ime Essien PhD at JHU 2022 Alex Tang PhD at Northwestern 2022 Tongyu Zhou PhD at Brown STUDENTS AT COLUMBiA 2020 ‑ 2021 Rundi Wu PhD student 2020 ‑ 2021 Yingsi Qin Undergrad, next: PhD at CMU 2019 Yihang Yin Visiting student, next: MS at NUS 2019 Nanyong Lin MS student, next: PhD at Yale 2018 ‑ 2019 Yuchen Mo MS student, next: ByteDance AI Lab 2018 ‑ 2019 Pengyu Chen MS student, next: Software engineer at Google 2018 Lahav Lipson Undergrad, next: PhD at Princeton 2018 Yuxuan Mei Undergrad, next: PhD at UW 2018 Cheng Zhang MS student, next: PhD at UCI CHANG XiAO · RÉSUMÉ 6"
chang_xiao,chang_xiao_Q12,Professional Experience,How many years of experience does the applicant have?,Research since 2016 (~9+ years),S2_Retrieve_Section,mistralai/Mistral-7B-Instruct-v0.3,"{
  ""predicted_answer"": ""Not found"",
  ""rationale"": ""The provided CV section does not contain information about the applicant's years of experience."",
  ""confidence_score"": 1.0
}",,,,1.2640266418457031,0.00036072731018066406,1.2636659145355225,1261,53,0.0,,,,,,,,E2_QA_Accuracy,"Patent 10,755,375 Trackpad on Back Portion of a Device Shree K. Nayar, Chang Xiao, Changxi Zheng US Patent 11,550,435 Vibrational Input Elements Chang Xiao, Karl Bayer, Shree K. Nayar, Changxi Zheng US Patent 11,126,266 Professional Services Program Committee / Associate Chair 2025, 2026 CHI 2023, 2024, 2025 UIST Session Chair 2024, 2025 CHI Reviewer 2022‑ UIST 2021‑ CHI 2020, 2021, 2022 ICLR 2020, 2021, 2022, 2023 CVPR 2019, 2020, 2021 NeurIPS 2019, 2020, 2021 ICML 2019, 2020, 2023, 2024 SIGGRAPH 2018, 2020 SIGGRAPH Asia 2018 TVCG Invited Talks April 2025 Bridging the Physical‑Digital Divide with Tangible, Ambient and Context‑Aware Interaction UIUC, Remote Talk CS Seminar, Hosted by Prof. Tarek Abdelzaher Mar 2025 Bridging the Physical‑Digital Divide with Tangible, Ambient and Context‑Aware Interaction Boston University, Boston, MA CS Colloquium, Hosted by Prof. Emily Whiting Feb 2025 Bridging the Physical‑Digital Divide with Tangible, Ambient and Context‑Aware Interaction University of Utah, Salt Lake City, UT GAMES Seminar, Hosted by Prof. Shelby Moser CHANG XiAO · RÉSUMÉ 5 Mar 2024 Augmented Interaction Between Physical and Digital World University of Southern California, Los Angeles, CA CS Colloquium, Hosted by Prof. Heather Culbertson Feb 2024 Augmented Interaction Between Physical and Digital World Stevens Institute of Technology, Hoboken, NJ CS Seminar, Hosted by Prof. Jonggi Hong Jan 2024 Augmented Interaction Between Physical and Digital World Arizona State University, Tempe, AZ CS Seminar, Hosted by Prof. Yezhou Yang and Prof. Hasti Seifi Nov 2023 Recent Advances in Input Technologies for Extended Reality (XR) Peking University, Beijing, China CS Seminar, Hosted by Prof. Baoquan Chen Nov 2022 Immersive Online Shopping with AR Adobe Tech Summit, San Jose, CA Nov 2019 Interaction through Hidden Channel Zhejiang University, Hangzhou, China Seminar, Hosted by Prof. Kun Zhou Mentoring ADOBE INTERNS At Adobe Research, I mentor PhD interns conducting cutting‑edge research and publishing in top venues. Listed below are students whom I served as the primary mentor. 2025 Yunyi Zhu PhD at MIT 2024 Yimeng Liu PhD at UCSB 2023 Daniel Campos Zamora PhD at UW 2023 Monde Duinkharjav PhD at NYU 2023 Xia Su PhD at UW 2022 Enyu Cai PhD at Purdue 2022 Ime Essien PhD at JHU 2022 Alex Tang PhD at Northwestern 2022 Tongyu Zhou PhD at Brown STUDENTS AT COLUMBiA 2020 ‑ 2021 Rundi Wu PhD student 2020 ‑ 2021 Yingsi Qin Undergrad, next: PhD at CMU 2019 Yihang Yin Visiting student, next: MS at NUS 2019 Nanyong Lin MS student, next: PhD at Yale 2018 ‑ 2019 Yuchen Mo MS student, next: ByteDance AI Lab 2018 ‑ 2019 Pengyu Chen MS student, next: Software engineer at Google 2018 Lahav Lipson Undergrad, next: PhD at Princeton 2018 Yuxuan Mei Undergrad, next: PhD at UW 2018 Cheng Zhang MS student, next: PhD at UCI CHANG XiAO · RÉSUMÉ 6"
chang_xiao,chang_xiao_Q13,Professional Experience,What leadership position did the applicant hold?,"Yes. Assistant Professor, Research Scientist at Adobe, Mentor to 10+ PhD interns.",S2_Retrieve_Section,mistralai/Mistral-7B-Instruct-v0.3,"{
  ""predicted_answer"": ""Associate Chair 2025, 2026 CHI"",
  ""rationale"": ""The applicant held the position of Associate Chair for the years 2025 and 2026 in the CHI conference."",
  ""confidence_score"": 1.0
}",,,,1.9046671390533447,0.0003933906555175781,1.9042737483978271,1259,79,0.0,,,,,,,,E2_QA_Accuracy,"Patent 10,755,375 Trackpad on Back Portion of a Device Shree K. Nayar, Chang Xiao, Changxi Zheng US Patent 11,550,435 Vibrational Input Elements Chang Xiao, Karl Bayer, Shree K. Nayar, Changxi Zheng US Patent 11,126,266 Professional Services Program Committee / Associate Chair 2025, 2026 CHI 2023, 2024, 2025 UIST Session Chair 2024, 2025 CHI Reviewer 2022‑ UIST 2021‑ CHI 2020, 2021, 2022 ICLR 2020, 2021, 2022, 2023 CVPR 2019, 2020, 2021 NeurIPS 2019, 2020, 2021 ICML 2019, 2020, 2023, 2024 SIGGRAPH 2018, 2020 SIGGRAPH Asia 2018 TVCG Invited Talks April 2025 Bridging the Physical‑Digital Divide with Tangible, Ambient and Context‑Aware Interaction UIUC, Remote Talk CS Seminar, Hosted by Prof. Tarek Abdelzaher Mar 2025 Bridging the Physical‑Digital Divide with Tangible, Ambient and Context‑Aware Interaction Boston University, Boston, MA CS Colloquium, Hosted by Prof. Emily Whiting Feb 2025 Bridging the Physical‑Digital Divide with Tangible, Ambient and Context‑Aware Interaction University of Utah, Salt Lake City, UT GAMES Seminar, Hosted by Prof. Shelby Moser CHANG XiAO · RÉSUMÉ 5 Mar 2024 Augmented Interaction Between Physical and Digital World University of Southern California, Los Angeles, CA CS Colloquium, Hosted by Prof. Heather Culbertson Feb 2024 Augmented Interaction Between Physical and Digital World Stevens Institute of Technology, Hoboken, NJ CS Seminar, Hosted by Prof. Jonggi Hong Jan 2024 Augmented Interaction Between Physical and Digital World Arizona State University, Tempe, AZ CS Seminar, Hosted by Prof. Yezhou Yang and Prof. Hasti Seifi Nov 2023 Recent Advances in Input Technologies for Extended Reality (XR) Peking University, Beijing, China CS Seminar, Hosted by Prof. Baoquan Chen Nov 2022 Immersive Online Shopping with AR Adobe Tech Summit, San Jose, CA Nov 2019 Interaction through Hidden Channel Zhejiang University, Hangzhou, China Seminar, Hosted by Prof. Kun Zhou Mentoring ADOBE INTERNS At Adobe Research, I mentor PhD interns conducting cutting‑edge research and publishing in top venues. Listed below are students whom I served as the primary mentor. 2025 Yunyi Zhu PhD at MIT 2024 Yimeng Liu PhD at UCSB 2023 Daniel Campos Zamora PhD at UW 2023 Monde Duinkharjav PhD at NYU 2023 Xia Su PhD at UW 2022 Enyu Cai PhD at Purdue 2022 Ime Essien PhD at JHU 2022 Alex Tang PhD at Northwestern 2022 Tongyu Zhou PhD at Brown STUDENTS AT COLUMBiA 2020 ‑ 2021 Rundi Wu PhD student 2020 ‑ 2021 Yingsi Qin Undergrad, next: PhD at CMU 2019 Yihang Yin Visiting student, next: MS at NUS 2019 Nanyong Lin MS student, next: PhD at Yale 2018 ‑ 2019 Yuchen Mo MS student, next: ByteDance AI Lab 2018 ‑ 2019 Pengyu Chen MS student, next: Software engineer at Google 2018 Lahav Lipson Undergrad, next: PhD at Princeton 2018 Yuxuan Mei Undergrad, next: PhD at UW 2018 Cheng Zhang MS student, next: PhD at UCI CHANG XiAO · RÉSUMÉ 6"
chang_xiao,chang_xiao_Q14,Professional Experience,Could the applicant briefly describe their key responsibilities in previous roles?,Yes. Conducts research in HCI and AI; develops novel AI solutions; mentors PhD students; teaches.,S2_Retrieve_Section,mistralai/Mistral-7B-Instruct-v0.3,"{
  ""predicted_answer"": [
    ""Patent holder for three US patents: Trackpad on Back Portion of a Device, Vibrational Input Elements, and Professional Services Program Committee / Associate Chair for CHI 2023, 2024, 2025."",
    ""Session Chair for UIST 2024, 2025 and CHI Reviewer from 2022 to 2025."",
    ""Reviewer for ICLR 2020, 2021,",,,,2.906722068786621,0.0004038810729980469,2.906318187713623,1264,129,0.0,,,,,,,,E2_QA_Accuracy,"Patent 10,755,375 Trackpad on Back Portion of a Device Shree K. Nayar, Chang Xiao, Changxi Zheng US Patent 11,550,435 Vibrational Input Elements Chang Xiao, Karl Bayer, Shree K. Nayar, Changxi Zheng US Patent 11,126,266 Professional Services Program Committee / Associate Chair 2025, 2026 CHI 2023, 2024, 2025 UIST Session Chair 2024, 2025 CHI Reviewer 2022‑ UIST 2021‑ CHI 2020, 2021, 2022 ICLR 2020, 2021, 2022, 2023 CVPR 2019, 2020, 2021 NeurIPS 2019, 2020, 2021 ICML 2019, 2020, 2023, 2024 SIGGRAPH 2018, 2020 SIGGRAPH Asia 2018 TVCG Invited Talks April 2025 Bridging the Physical‑Digital Divide with Tangible, Ambient and Context‑Aware Interaction UIUC, Remote Talk CS Seminar, Hosted by Prof. Tarek Abdelzaher Mar 2025 Bridging the Physical‑Digital Divide with Tangible, Ambient and Context‑Aware Interaction Boston University, Boston, MA CS Colloquium, Hosted by Prof. Emily Whiting Feb 2025 Bridging the Physical‑Digital Divide with Tangible, Ambient and Context‑Aware Interaction University of Utah, Salt Lake City, UT GAMES Seminar, Hosted by Prof. Shelby Moser CHANG XiAO · RÉSUMÉ 5 Mar 2024 Augmented Interaction Between Physical and Digital World University of Southern California, Los Angeles, CA CS Colloquium, Hosted by Prof. Heather Culbertson Feb 2024 Augmented Interaction Between Physical and Digital World Stevens Institute of Technology, Hoboken, NJ CS Seminar, Hosted by Prof. Jonggi Hong Jan 2024 Augmented Interaction Between Physical and Digital World Arizona State University, Tempe, AZ CS Seminar, Hosted by Prof. Yezhou Yang and Prof. Hasti Seifi Nov 2023 Recent Advances in Input Technologies for Extended Reality (XR) Peking University, Beijing, China CS Seminar, Hosted by Prof. Baoquan Chen Nov 2022 Immersive Online Shopping with AR Adobe Tech Summit, San Jose, CA Nov 2019 Interaction through Hidden Channel Zhejiang University, Hangzhou, China Seminar, Hosted by Prof. Kun Zhou Mentoring ADOBE INTERNS At Adobe Research, I mentor PhD interns conducting cutting‑edge research and publishing in top venues. Listed below are students whom I served as the primary mentor. 2025 Yunyi Zhu PhD at MIT 2024 Yimeng Liu PhD at UCSB 2023 Daniel Campos Zamora PhD at UW 2023 Monde Duinkharjav PhD at NYU 2023 Xia Su PhD at UW 2022 Enyu Cai PhD at Purdue 2022 Ime Essien PhD at JHU 2022 Alex Tang PhD at Northwestern 2022 Tongyu Zhou PhD at Brown STUDENTS AT COLUMBiA 2020 ‑ 2021 Rundi Wu PhD student 2020 ‑ 2021 Yingsi Qin Undergrad, next: PhD at CMU 2019 Yihang Yin Visiting student, next: MS at NUS 2019 Nanyong Lin MS student, next: PhD at Yale 2018 ‑ 2019 Yuchen Mo MS student, next: ByteDance AI Lab 2018 ‑ 2019 Pengyu Chen MS student, next: Software engineer at Google 2018 Lahav Lipson Undergrad, next: PhD at Princeton 2018 Yuxuan Mei Undergrad, next: PhD at UW 2018 Cheng Zhang MS student, next: PhD at UCI CHANG XiAO · RÉSUMÉ 6"
chang_xiao,chang_xiao_Q15,Professional Experience,Has the applicant worked in more than one job or organization?,"Yes. Boston University, Adobe Research, Snap Research, Columbia University.",S2_Retrieve_Section,mistralai/Mistral-7B-Instruct-v0.3,"{
  ""predicted_answer"": ""Yes"",
  ""rationale"": ""The applicant has worked at Boston University as an Assistant Professor and at Adobe Research as a Research Scientist."",
  ""confidence_score"": 1.0
}",,,,1.453523874282837,0.00035262107849121094,1.4531712532043457,1247,57,0.0,,,,,,,,E2_QA_Accuracy,"Chang Xiao ASSiSTANT PROFESSOR · BOSTON UNiVERSiTY ć changxiao0731@gmail.com | u chang.engineer/ |  Google Scholar Research Interests My research lies at the intersection of HCI, Generative AI, Computational Design, and AR/VR, focusing on creating transformative technologies and experiences that bridge the digital and physical worlds. I aim to leverage AI and computational methods to enable interactive and engaging platforms that cultivate creativ‑ ity and empower individuals to effortlessly design immersive experiences. Education Columbia University New York, USA PH.D. iN COMPUTER SCiENCE 2016 ‑ 2021 • Thesis: Bridging the Gap Between People, Mobile Devices, and the Physical World • Committee: Changxi Zheng (Advisor), Steven K. Feiner (Chair), Brian A. Smith, Carl Vondrick, Andrés Monroy‑Hernández Zhejiang University China B.S. iN COMPUTER SCiENCE 2012 ‑ 2016 • Chu Kochen Honors College Employment Boston University Boston, USA ASSiSTANT PROFESSOR 2025 ‑ present Adobe Research San Jose, USA RESEARCH SCiENTiST 2021 ‑ 2025 • Presented my research twice at Adobe’s annual Summit Sneaks, the company’s largest public‑facing showcase (2022, 2024). • Published 10+ papers and filed 6 patents while at Adobe. • Mentored 10+ Ph.D. student interns on various research projects. • Developing novel AI solutions for Adobe’s products. Snap Research New York, USA RESEARCH INTERN Summer 2018, 2019 • Mentored by Prof. Shree K. Nayar. • Published at SIGGRAPH 2019 and CHI 2021. Peer‑Reviewed Journal & Conference Publications In computer science, conferences are often the primary publication venues. The top conferences in Human‑Computer Interaction (e.g., CHI, UIST), Computer Graphics and XR (e.g., SIGGRAPH, SIGGRAPH Asia), and AI/ML (e.g., CVPR, ICCV, NeurIPS, ICLR) are highly selective and widely regarded, with acceptance rates typically ranging from 20% to 25%. Bold: Represents myself. Underline : Represents students or interns I have mentored. UIST ’25 Streaming, Fast and Slow: Cognitive Load‑Aware Streaming for Efficient LLM Serving Chang Xiao, Brenda Yang ACM Symposium on User Interface Software and Technology, UIST , 2025 CHI PLAY ’25 LLMs May Not Be Human‑Level Players, But They Can Be Testers: Measuring Game Difficulty with LLM Agents Chang Xiao, Brenda Yang ACM The Annual Symposium on Computer‑Human Interaction in Play, CHI PLAY, 2025 CHANG XiAO · RÉSUMÉ 1 CHI ’25 Imprinto: Enhancing Infrared Inkjet Watermarking for Human and Machine Perception Martin Feick, Xuxin Tang, Raul Garcia‑Martin, Alexandru Luchianov, Roderick Huang, Chang Xiao, Alexa Siu, Mustafa Doga Dogan ACM Conference on Human Factors in Computing Systems, CHI, 2025 TEI ’25 ̪ ReactFold: Towards Camera‑based Tangible Interaction on Passive Paper Artifacts Chang Xiao ACM Conference on Tangible Embedded and Embodied Interaction, TEI, 2025 (Best Paper Honorable Mention) SIGGRAPH Asia ’24 Evaluating Visual Perception of Object Motion in Dynamic Environments Budmonde Duinkharjav , Jenna Kang, Gavin S. P . Miller,Chang Xiao, Qi Sun ACM Transactions on Graphics (TOG), SIGGRAPH Asia, 2024 UIST ’24 SonifyAR: Context‑Aware Sound Effect Generation in Augmented Reality Xia Su, Jon E. Froehlich, Eunyee Koh, Chang Xiao ACM Symposium on User Interface Software and Technology, UIST , 2024 CHI ’24 MoiréWidgets: High‑Precision, Passive Tangible Interfaces via Moiré Effect Daniel Campos Zamora, M. Doga"
chang_xiao,chang_xiao_Q16,Professional Experience,What were the applicant's major accomplishments?,"Published 10+ papers and filed 6 patents at Adobe; received Best Paper Honorable Mention (TEI 2025); presented at Adobe Summit Sneaks (2022, 2024).",S2_Retrieve_Section,mistralai/Mistral-7B-Instruct-v0.3,"{
  ""predicted_answer"": [""US Patent 10,755,375, US Patent 11,550,435, US Patent 11,126,266, Associate Chair 2025, 2026 CHI, Session Chair 2024, 2025 CHI, Reviewer 2022- UIST 2021- CHI 2020, 2021, 2022, ICLR",,,,2.878974676132202,0.0003535747528076172,2.8786211013793945,1261,129,0.0,,,,,,,,E2_QA_Accuracy,"Patent 10,755,375 Trackpad on Back Portion of a Device Shree K. Nayar, Chang Xiao, Changxi Zheng US Patent 11,550,435 Vibrational Input Elements Chang Xiao, Karl Bayer, Shree K. Nayar, Changxi Zheng US Patent 11,126,266 Professional Services Program Committee / Associate Chair 2025, 2026 CHI 2023, 2024, 2025 UIST Session Chair 2024, 2025 CHI Reviewer 2022‑ UIST 2021‑ CHI 2020, 2021, 2022 ICLR 2020, 2021, 2022, 2023 CVPR 2019, 2020, 2021 NeurIPS 2019, 2020, 2021 ICML 2019, 2020, 2023, 2024 SIGGRAPH 2018, 2020 SIGGRAPH Asia 2018 TVCG Invited Talks April 2025 Bridging the Physical‑Digital Divide with Tangible, Ambient and Context‑Aware Interaction UIUC, Remote Talk CS Seminar, Hosted by Prof. Tarek Abdelzaher Mar 2025 Bridging the Physical‑Digital Divide with Tangible, Ambient and Context‑Aware Interaction Boston University, Boston, MA CS Colloquium, Hosted by Prof. Emily Whiting Feb 2025 Bridging the Physical‑Digital Divide with Tangible, Ambient and Context‑Aware Interaction University of Utah, Salt Lake City, UT GAMES Seminar, Hosted by Prof. Shelby Moser CHANG XiAO · RÉSUMÉ 5 Mar 2024 Augmented Interaction Between Physical and Digital World University of Southern California, Los Angeles, CA CS Colloquium, Hosted by Prof. Heather Culbertson Feb 2024 Augmented Interaction Between Physical and Digital World Stevens Institute of Technology, Hoboken, NJ CS Seminar, Hosted by Prof. Jonggi Hong Jan 2024 Augmented Interaction Between Physical and Digital World Arizona State University, Tempe, AZ CS Seminar, Hosted by Prof. Yezhou Yang and Prof. Hasti Seifi Nov 2023 Recent Advances in Input Technologies for Extended Reality (XR) Peking University, Beijing, China CS Seminar, Hosted by Prof. Baoquan Chen Nov 2022 Immersive Online Shopping with AR Adobe Tech Summit, San Jose, CA Nov 2019 Interaction through Hidden Channel Zhejiang University, Hangzhou, China Seminar, Hosted by Prof. Kun Zhou Mentoring ADOBE INTERNS At Adobe Research, I mentor PhD interns conducting cutting‑edge research and publishing in top venues. Listed below are students whom I served as the primary mentor. 2025 Yunyi Zhu PhD at MIT 2024 Yimeng Liu PhD at UCSB 2023 Daniel Campos Zamora PhD at UW 2023 Monde Duinkharjav PhD at NYU 2023 Xia Su PhD at UW 2022 Enyu Cai PhD at Purdue 2022 Ime Essien PhD at JHU 2022 Alex Tang PhD at Northwestern 2022 Tongyu Zhou PhD at Brown STUDENTS AT COLUMBiA 2020 ‑ 2021 Rundi Wu PhD student 2020 ‑ 2021 Yingsi Qin Undergrad, next: PhD at CMU 2019 Yihang Yin Visiting student, next: MS at NUS 2019 Nanyong Lin MS student, next: PhD at Yale 2018 ‑ 2019 Yuchen Mo MS student, next: ByteDance AI Lab 2018 ‑ 2019 Pengyu Chen MS student, next: Software engineer at Google 2018 Lahav Lipson Undergrad, next: PhD at Princeton 2018 Yuxuan Mei Undergrad, next: PhD at UW 2018 Cheng Zhang MS student, next: PhD at UCI CHANG XiAO · RÉSUMÉ 6"
chang_xiao,chang_xiao_Q17,Professional Experience,What key metric did they improve?,"Improved efficiency of LLM serving; enhanced adversarial defense in neural networks; created stable, low-cost camera tracking methods.",S2_Retrieve_Section,mistralai/Mistral-7B-Instruct-v0.3,"{
  ""predicted_answer"": ""Not found"",
  ""rationale"": ""The provided CV section does not contain information about a key metric that was improved."",
  ""confidence_score"": 1.0
}",,,,1.2622802257537842,0.0003979206085205078,1.2618823051452637,1241,51,0.0,,,,,,,,E2_QA_Accuracy,"Chang Xiao ASSiSTANT PROFESSOR · BOSTON UNiVERSiTY ć changxiao0731@gmail.com | u chang.engineer/ |  Google Scholar Research Interests My research lies at the intersection of HCI, Generative AI, Computational Design, and AR/VR, focusing on creating transformative technologies and experiences that bridge the digital and physical worlds. I aim to leverage AI and computational methods to enable interactive and engaging platforms that cultivate creativ‑ ity and empower individuals to effortlessly design immersive experiences. Education Columbia University New York, USA PH.D. iN COMPUTER SCiENCE 2016 ‑ 2021 • Thesis: Bridging the Gap Between People, Mobile Devices, and the Physical World • Committee: Changxi Zheng (Advisor), Steven K. Feiner (Chair), Brian A. Smith, Carl Vondrick, Andrés Monroy‑Hernández Zhejiang University China B.S. iN COMPUTER SCiENCE 2012 ‑ 2016 • Chu Kochen Honors College Employment Boston University Boston, USA ASSiSTANT PROFESSOR 2025 ‑ present Adobe Research San Jose, USA RESEARCH SCiENTiST 2021 ‑ 2025 • Presented my research twice at Adobe’s annual Summit Sneaks, the company’s largest public‑facing showcase (2022, 2024). • Published 10+ papers and filed 6 patents while at Adobe. • Mentored 10+ Ph.D. student interns on various research projects. • Developing novel AI solutions for Adobe’s products. Snap Research New York, USA RESEARCH INTERN Summer 2018, 2019 • Mentored by Prof. Shree K. Nayar. • Published at SIGGRAPH 2019 and CHI 2021. Peer‑Reviewed Journal & Conference Publications In computer science, conferences are often the primary publication venues. The top conferences in Human‑Computer Interaction (e.g., CHI, UIST), Computer Graphics and XR (e.g., SIGGRAPH, SIGGRAPH Asia), and AI/ML (e.g., CVPR, ICCV, NeurIPS, ICLR) are highly selective and widely regarded, with acceptance rates typically ranging from 20% to 25%. Bold: Represents myself. Underline : Represents students or interns I have mentored. UIST ’25 Streaming, Fast and Slow: Cognitive Load‑Aware Streaming for Efficient LLM Serving Chang Xiao, Brenda Yang ACM Symposium on User Interface Software and Technology, UIST , 2025 CHI PLAY ’25 LLMs May Not Be Human‑Level Players, But They Can Be Testers: Measuring Game Difficulty with LLM Agents Chang Xiao, Brenda Yang ACM The Annual Symposium on Computer‑Human Interaction in Play, CHI PLAY, 2025 CHANG XiAO · RÉSUMÉ 1 CHI ’25 Imprinto: Enhancing Infrared Inkjet Watermarking for Human and Machine Perception Martin Feick, Xuxin Tang, Raul Garcia‑Martin, Alexandru Luchianov, Roderick Huang, Chang Xiao, Alexa Siu, Mustafa Doga Dogan ACM Conference on Human Factors in Computing Systems, CHI, 2025 TEI ’25 ̪ ReactFold: Towards Camera‑based Tangible Interaction on Passive Paper Artifacts Chang Xiao ACM Conference on Tangible Embedded and Embodied Interaction, TEI, 2025 (Best Paper Honorable Mention) SIGGRAPH Asia ’24 Evaluating Visual Perception of Object Motion in Dynamic Environments Budmonde Duinkharjav , Jenna Kang, Gavin S. P . Miller,Chang Xiao, Qi Sun ACM Transactions on Graphics (TOG), SIGGRAPH Asia, 2024 UIST ’24 SonifyAR: Context‑Aware Sound Effect Generation in Augmented Reality Xia Su, Jon E. Froehlich, Eunyee Koh, Chang Xiao ACM Symposium on User Interface Software and Technology, UIST , 2024 CHI ’24 MoiréWidgets: High‑Precision, Passive Tangible Interfaces via Moiré Effect Daniel Campos Zamora, M. Doga"
chang_xiao,chang_xiao_Q18,Research and Projects,What is the name of a key project the applicant has worked on?,MoiréBoard; DeepCAD; Fontcode; SonifyAR; ReactFold; VisGNN,S2_Retrieve_Section,mistralai/Mistral-7B-Instruct-v0.3,"{
  ""predicted_answer"": ""iMarker"",
  ""rationale"": ""The project 'iMarker: Instant and True-to-scale AR with Invisible Markers' is mentioned in the CV section."",
  ""confidence_score"": 1.0
}",,,,1.495197057723999,0.00044274330139160156,1.4947543144226074,1259,63,0.0,,,,,,,,E2_QA_Accuracy,"Containers of AR Interaction and Personalization M. Doga Dogan, Alexa F. Siu, Jennifer Healey, Curtis Wigington, Chang Xiao, Tong Sun ACM CHI Conference on Human Factors in Computing Systems (CHI LBW), 2023 UIST ’22 iMarker: Instant and True‑to‑scale AR with Invisible Markers Chang Xiao, Ryan Rossi, Eunyee Koh ACM Symposium on User Interface Software and Technology, UIST Poster, 2022 CHANG XiAO · RÉSUMÉ 3 Honors & Awards 2025 Best Paper Honorable Mention TEI 2025, 2 out of 141 submissions 2024 Adobe Summit Sneaks Presentation Project Perfect Plays 2022 Adobe Summit Sneaks Presentation Project Right Sized Adobe Summit Sneaks is a high‑profile public event at the annual Adobe Summit, showcasing innovative, experimental technolo‑ gies that Adobe is exploring. Each year, only 6‑7 presentations are selected from hundreds of new inventions at Adobe. 2019‑2021 Cheung‑Kong Innovation Doctoral Fellowship2 awardees among Columbia Engineering School. 2022 Snap Research Fellowship 11 awardees worldwide. 4x Special Recognitions for Outstanding ReviewsUIST 2020 ICLR Spotlight Paper Top 3% papers. 2018 NeurIPS Spotlight Paper Top 3% papers. 2019, 2018 NeurIPS Travel Award 2015 China Computer Federation Elite Collegiate Award20 awardees among all undergrads in China 2014‑2016 Zhejiang University First‑Class Scholarship 20 awardees among all undergrads in China Selected Press Forget touchscreens: This case controls a smartphone with buttons and dials [CNN] Let’s Get Personal: The Future of Personalized Digital Experiences in the Era of AI [VLM] Adobe Unveils New Augmented Reality Shopping Tool [Adweek] A new AR‑based eCommerce tool by Adobe to help consumers try products virtually [Digital Informa‑ tion World] Magnetic Snoops Plunder Deep Learning’s Secrets [Communication of the ACM] Add Scroll Wheels And Buttons To Smartphones With 3D‑Printed Widgets [Hackaday] Researchers build a smart case to control your phone with no wires or Bluetooth required [New Atlas] Without Wires Or Bluetooth, This Case Lets You Add Buttons And Scroll Wheels To Your Smartphone [Gizmodo] You Can Send Invisible Messages With Subtle Font Tweaks [WIRED] Hiding Information in Plain Text [IEEE Spectrum] Researchers Hide Information in Plain Text [Columbia Engineering] Helvetica Is Now An Encryption Device [CoDesign] This algorithm can hide secret messages in regular‑looking text [Digital Trend] Researchers hide information in plain text [Science Daily] Patents Hypergraph Representation Learning Ryan Rossi, Ryan Aponte, Shunan Guo, Jane Hoffswell, Nedim Lipka, Chang Xiao, Yeuk‑Yin Chan, Eunyee Koh US Patent App. 18/119,305 Performing Machine Learning Techniques for Hypertext Markup Language‑based Style Recommenda‑ tions Ryan Rossi, Ryan Aponte, Shunan Guo, Nedim Lipka, Jane Hoffswell, Chang Xiao, Eunyee Koh, Yeuk‑yin Chan US Patent App. 17/470,665 Feature Detection for Image‑based Augmented Reality Enyu Cai, Ryan Rossi, Chang Xiao US Patent App. 18/084,606 CHANG XiAO · RÉSUMÉ 4 System and Methods for Providing Invisible Augmented Reality Markers Chang Xiao, Ryan Rossi, Eunyee Koh US Patent App. 17/882,821 Utilizing a Graph Neural Network to Generate Visualization and Attribute Recommendations Fayokemi Ojo, Ryan Rossi, Jane Hoffswell, Shunan Guo, Fan Du, Sungchul Kim, Chang Xiao, Eunyee Koh US Patent App. 17/654,933 Systems and Methods for Steganography Based on Text Fonts Changxi Zheng, Chang Xiao, Cheng Zhang US"
chang_xiao,chang_xiao_Q19,Research and Projects,Which tools or technologies did the applicant use in their projects?,"AI/ML (LLMs, GNNs, GANs); Computer Vision; AR/VR; HCI prototyping; programming in Python, etc.",S2_Retrieve_Section,mistralai/Mistral-7B-Instruct-v0.3,"{
  ""predicted_answer"": [""Adobe's products"", ""Google Scholar"", ""SIGGRAPH"", ""CHI"", ""UIST"", ""CVPR"", ""ICCV"", ""NeurIPS"", ""ICLR"", ""TEI"", ""TOG"", ""Snap Research""],
  ""rationale"": ""The applicant has worked as a Research Scientist at Adobe Research, Assistant Professor at Boston University, and Research Intern at Snap Research. They have also published papers in various conferences such as SIGGRAPH, CHI, UIST, CVPR, I",,,,2.910005807876587,0.00035858154296875,2.909647226333618,1247,129,0.0,,,,,,,,E2_QA_Accuracy,"Chang Xiao ASSiSTANT PROFESSOR · BOSTON UNiVERSiTY ć changxiao0731@gmail.com | u chang.engineer/ |  Google Scholar Research Interests My research lies at the intersection of HCI, Generative AI, Computational Design, and AR/VR, focusing on creating transformative technologies and experiences that bridge the digital and physical worlds. I aim to leverage AI and computational methods to enable interactive and engaging platforms that cultivate creativ‑ ity and empower individuals to effortlessly design immersive experiences. Education Columbia University New York, USA PH.D. iN COMPUTER SCiENCE 2016 ‑ 2021 • Thesis: Bridging the Gap Between People, Mobile Devices, and the Physical World • Committee: Changxi Zheng (Advisor), Steven K. Feiner (Chair), Brian A. Smith, Carl Vondrick, Andrés Monroy‑Hernández Zhejiang University China B.S. iN COMPUTER SCiENCE 2012 ‑ 2016 • Chu Kochen Honors College Employment Boston University Boston, USA ASSiSTANT PROFESSOR 2025 ‑ present Adobe Research San Jose, USA RESEARCH SCiENTiST 2021 ‑ 2025 • Presented my research twice at Adobe’s annual Summit Sneaks, the company’s largest public‑facing showcase (2022, 2024). • Published 10+ papers and filed 6 patents while at Adobe. • Mentored 10+ Ph.D. student interns on various research projects. • Developing novel AI solutions for Adobe’s products. Snap Research New York, USA RESEARCH INTERN Summer 2018, 2019 • Mentored by Prof. Shree K. Nayar. • Published at SIGGRAPH 2019 and CHI 2021. Peer‑Reviewed Journal & Conference Publications In computer science, conferences are often the primary publication venues. The top conferences in Human‑Computer Interaction (e.g., CHI, UIST), Computer Graphics and XR (e.g., SIGGRAPH, SIGGRAPH Asia), and AI/ML (e.g., CVPR, ICCV, NeurIPS, ICLR) are highly selective and widely regarded, with acceptance rates typically ranging from 20% to 25%. Bold: Represents myself. Underline : Represents students or interns I have mentored. UIST ’25 Streaming, Fast and Slow: Cognitive Load‑Aware Streaming for Efficient LLM Serving Chang Xiao, Brenda Yang ACM Symposium on User Interface Software and Technology, UIST , 2025 CHI PLAY ’25 LLMs May Not Be Human‑Level Players, But They Can Be Testers: Measuring Game Difficulty with LLM Agents Chang Xiao, Brenda Yang ACM The Annual Symposium on Computer‑Human Interaction in Play, CHI PLAY, 2025 CHANG XiAO · RÉSUMÉ 1 CHI ’25 Imprinto: Enhancing Infrared Inkjet Watermarking for Human and Machine Perception Martin Feick, Xuxin Tang, Raul Garcia‑Martin, Alexandru Luchianov, Roderick Huang, Chang Xiao, Alexa Siu, Mustafa Doga Dogan ACM Conference on Human Factors in Computing Systems, CHI, 2025 TEI ’25 ̪ ReactFold: Towards Camera‑based Tangible Interaction on Passive Paper Artifacts Chang Xiao ACM Conference on Tangible Embedded and Embodied Interaction, TEI, 2025 (Best Paper Honorable Mention) SIGGRAPH Asia ’24 Evaluating Visual Perception of Object Motion in Dynamic Environments Budmonde Duinkharjav , Jenna Kang, Gavin S. P . Miller,Chang Xiao, Qi Sun ACM Transactions on Graphics (TOG), SIGGRAPH Asia, 2024 UIST ’24 SonifyAR: Context‑Aware Sound Effect Generation in Augmented Reality Xia Su, Jon E. Froehlich, Eunyee Koh, Chang Xiao ACM Symposium on User Interface Software and Technology, UIST , 2024 CHI ’24 MoiréWidgets: High‑Precision, Passive Tangible Interfaces via Moiré Effect Daniel Campos Zamora, M. Doga"
chang_xiao,chang_xiao_Q20,Research and Projects,Did any project have a specific budget or numeric goal?,"Yes. Research projects involved performance benchmarks, efficiency metrics, and specific technical goals.",S2_Retrieve_Section,mistralai/Mistral-7B-Instruct-v0.3,"{
  ""predicted_answer"": ""Not found"",
  ""rationale"": ""The provided CV section does not contain any information about specific budgets or numeric goals for any projects."",
  ""confidence_score"": 1.0
}",,,,1.4260265827178955,0.00039887428283691406,1.4256277084350586,1256,56,0.0,,,,,,,,E2_QA_Accuracy,"Containers of AR Interaction and Personalization M. Doga Dogan, Alexa F. Siu, Jennifer Healey, Curtis Wigington, Chang Xiao, Tong Sun ACM CHI Conference on Human Factors in Computing Systems (CHI LBW), 2023 UIST ’22 iMarker: Instant and True‑to‑scale AR with Invisible Markers Chang Xiao, Ryan Rossi, Eunyee Koh ACM Symposium on User Interface Software and Technology, UIST Poster, 2022 CHANG XiAO · RÉSUMÉ 3 Honors & Awards 2025 Best Paper Honorable Mention TEI 2025, 2 out of 141 submissions 2024 Adobe Summit Sneaks Presentation Project Perfect Plays 2022 Adobe Summit Sneaks Presentation Project Right Sized Adobe Summit Sneaks is a high‑profile public event at the annual Adobe Summit, showcasing innovative, experimental technolo‑ gies that Adobe is exploring. Each year, only 6‑7 presentations are selected from hundreds of new inventions at Adobe. 2019‑2021 Cheung‑Kong Innovation Doctoral Fellowship2 awardees among Columbia Engineering School. 2022 Snap Research Fellowship 11 awardees worldwide. 4x Special Recognitions for Outstanding ReviewsUIST 2020 ICLR Spotlight Paper Top 3% papers. 2018 NeurIPS Spotlight Paper Top 3% papers. 2019, 2018 NeurIPS Travel Award 2015 China Computer Federation Elite Collegiate Award20 awardees among all undergrads in China 2014‑2016 Zhejiang University First‑Class Scholarship 20 awardees among all undergrads in China Selected Press Forget touchscreens: This case controls a smartphone with buttons and dials [CNN] Let’s Get Personal: The Future of Personalized Digital Experiences in the Era of AI [VLM] Adobe Unveils New Augmented Reality Shopping Tool [Adweek] A new AR‑based eCommerce tool by Adobe to help consumers try products virtually [Digital Informa‑ tion World] Magnetic Snoops Plunder Deep Learning’s Secrets [Communication of the ACM] Add Scroll Wheels And Buttons To Smartphones With 3D‑Printed Widgets [Hackaday] Researchers build a smart case to control your phone with no wires or Bluetooth required [New Atlas] Without Wires Or Bluetooth, This Case Lets You Add Buttons And Scroll Wheels To Your Smartphone [Gizmodo] You Can Send Invisible Messages With Subtle Font Tweaks [WIRED] Hiding Information in Plain Text [IEEE Spectrum] Researchers Hide Information in Plain Text [Columbia Engineering] Helvetica Is Now An Encryption Device [CoDesign] This algorithm can hide secret messages in regular‑looking text [Digital Trend] Researchers hide information in plain text [Science Daily] Patents Hypergraph Representation Learning Ryan Rossi, Ryan Aponte, Shunan Guo, Jane Hoffswell, Nedim Lipka, Chang Xiao, Yeuk‑Yin Chan, Eunyee Koh US Patent App. 18/119,305 Performing Machine Learning Techniques for Hypertext Markup Language‑based Style Recommenda‑ tions Ryan Rossi, Ryan Aponte, Shunan Guo, Nedim Lipka, Jane Hoffswell, Chang Xiao, Eunyee Koh, Yeuk‑yin Chan US Patent App. 17/470,665 Feature Detection for Image‑based Augmented Reality Enyu Cai, Ryan Rossi, Chang Xiao US Patent App. 18/084,606 CHANG XiAO · RÉSUMÉ 4 System and Methods for Providing Invisible Augmented Reality Markers Chang Xiao, Ryan Rossi, Eunyee Koh US Patent App. 17/882,821 Utilizing a Graph Neural Network to Generate Visualization and Attribute Recommendations Fayokemi Ojo, Ryan Rossi, Jane Hoffswell, Shunan Guo, Fan Du, Sungchul Kim, Chang Xiao, Eunyee Koh US Patent App. 17/654,933 Systems and Methods for Steganography Based on Text Fonts Changxi Zheng, Chang Xiao, Cheng Zhang US"
chang_xiao,chang_xiao_Q21,Research and Projects,What were the main objectives of the applicant's projects?,To create transformative technologies bridging digital and physical worlds; enable effortless design of immersive experiences; improve AI efficiency and security.,S2_Retrieve_Section,mistralai/Mistral-7B-Instruct-v0.3,"{
  ""predicted_answer"": ""The main objectives of the applicant's projects are to create transformative technologies and experiences that bridge the digital and physical worlds, leverage AI and computational methods to enable interactive and engaging platforms, and cultivate creativity and empower individuals to effortlessly design immersive experiences."",
  ""rationale"": ""The objectives are stated in the first paragraph of the CV section."",
  ""confidence_score"": 1.0
}",,,,2.3183422088623047,0.0003924369812011719,2.3179497718811035,1247,100,0.0,,,,,,,,E2_QA_Accuracy,"Chang Xiao ASSiSTANT PROFESSOR · BOSTON UNiVERSiTY ć changxiao0731@gmail.com | u chang.engineer/ |  Google Scholar Research Interests My research lies at the intersection of HCI, Generative AI, Computational Design, and AR/VR, focusing on creating transformative technologies and experiences that bridge the digital and physical worlds. I aim to leverage AI and computational methods to enable interactive and engaging platforms that cultivate creativ‑ ity and empower individuals to effortlessly design immersive experiences. Education Columbia University New York, USA PH.D. iN COMPUTER SCiENCE 2016 ‑ 2021 • Thesis: Bridging the Gap Between People, Mobile Devices, and the Physical World • Committee: Changxi Zheng (Advisor), Steven K. Feiner (Chair), Brian A. Smith, Carl Vondrick, Andrés Monroy‑Hernández Zhejiang University China B.S. iN COMPUTER SCiENCE 2012 ‑ 2016 • Chu Kochen Honors College Employment Boston University Boston, USA ASSiSTANT PROFESSOR 2025 ‑ present Adobe Research San Jose, USA RESEARCH SCiENTiST 2021 ‑ 2025 • Presented my research twice at Adobe’s annual Summit Sneaks, the company’s largest public‑facing showcase (2022, 2024). • Published 10+ papers and filed 6 patents while at Adobe. • Mentored 10+ Ph.D. student interns on various research projects. • Developing novel AI solutions for Adobe’s products. Snap Research New York, USA RESEARCH INTERN Summer 2018, 2019 • Mentored by Prof. Shree K. Nayar. • Published at SIGGRAPH 2019 and CHI 2021. Peer‑Reviewed Journal & Conference Publications In computer science, conferences are often the primary publication venues. The top conferences in Human‑Computer Interaction (e.g., CHI, UIST), Computer Graphics and XR (e.g., SIGGRAPH, SIGGRAPH Asia), and AI/ML (e.g., CVPR, ICCV, NeurIPS, ICLR) are highly selective and widely regarded, with acceptance rates typically ranging from 20% to 25%. Bold: Represents myself. Underline : Represents students or interns I have mentored. UIST ’25 Streaming, Fast and Slow: Cognitive Load‑Aware Streaming for Efficient LLM Serving Chang Xiao, Brenda Yang ACM Symposium on User Interface Software and Technology, UIST , 2025 CHI PLAY ’25 LLMs May Not Be Human‑Level Players, But They Can Be Testers: Measuring Game Difficulty with LLM Agents Chang Xiao, Brenda Yang ACM The Annual Symposium on Computer‑Human Interaction in Play, CHI PLAY, 2025 CHANG XiAO · RÉSUMÉ 1 CHI ’25 Imprinto: Enhancing Infrared Inkjet Watermarking for Human and Machine Perception Martin Feick, Xuxin Tang, Raul Garcia‑Martin, Alexandru Luchianov, Roderick Huang, Chang Xiao, Alexa Siu, Mustafa Doga Dogan ACM Conference on Human Factors in Computing Systems, CHI, 2025 TEI ’25 ̪ ReactFold: Towards Camera‑based Tangible Interaction on Passive Paper Artifacts Chang Xiao ACM Conference on Tangible Embedded and Embodied Interaction, TEI, 2025 (Best Paper Honorable Mention) SIGGRAPH Asia ’24 Evaluating Visual Perception of Object Motion in Dynamic Environments Budmonde Duinkharjav , Jenna Kang, Gavin S. P . Miller,Chang Xiao, Qi Sun ACM Transactions on Graphics (TOG), SIGGRAPH Asia, 2024 UIST ’24 SonifyAR: Context‑Aware Sound Effect Generation in Augmented Reality Xia Su, Jon E. Froehlich, Eunyee Koh, Chang Xiao ACM Symposium on User Interface Software and Technology, UIST , 2024 CHI ’24 MoiréWidgets: High‑Precision, Passive Tangible Interfaces via Moiré Effect Daniel Campos Zamora, M. Doga"
chang_xiao,chang_xiao_Q22,Research and Projects,What are the applicant s publications?,"Over 30 peer-reviewed publications in CHI, UIST, SIGGRAPH, NeurIPS, CVPR, ICCV, etc.",S2_Retrieve_Section,mistralai/Mistral-7B-Instruct-v0.3,"{
  ""predicted_answer"": [""UIST ’25 Streaming, Fast and Slow: Cognitive Load-Aware Streaming for Efficient LLM Serving"", ""CHI PLAY ’25 LLMs May Not Be Human-Level Players, But They Can Be Testers: Measuring Game Difficulty with LLM Agents"", ""CHI ’25 Imprinto: Enhancing Infrared Inkjet Watermarking for Human and Machine Perception"", ""TEI ’25 ̪ ReactFold: Towards Camera-based Tangible Interaction",,,,2.9086031913757324,0.00039458274841308594,2.9082086086273193,1242,129,0.0,,,,,,,,E2_QA_Accuracy,"Chang Xiao ASSiSTANT PROFESSOR · BOSTON UNiVERSiTY ć changxiao0731@gmail.com | u chang.engineer/ |  Google Scholar Research Interests My research lies at the intersection of HCI, Generative AI, Computational Design, and AR/VR, focusing on creating transformative technologies and experiences that bridge the digital and physical worlds. I aim to leverage AI and computational methods to enable interactive and engaging platforms that cultivate creativ‑ ity and empower individuals to effortlessly design immersive experiences. Education Columbia University New York, USA PH.D. iN COMPUTER SCiENCE 2016 ‑ 2021 • Thesis: Bridging the Gap Between People, Mobile Devices, and the Physical World • Committee: Changxi Zheng (Advisor), Steven K. Feiner (Chair), Brian A. Smith, Carl Vondrick, Andrés Monroy‑Hernández Zhejiang University China B.S. iN COMPUTER SCiENCE 2012 ‑ 2016 • Chu Kochen Honors College Employment Boston University Boston, USA ASSiSTANT PROFESSOR 2025 ‑ present Adobe Research San Jose, USA RESEARCH SCiENTiST 2021 ‑ 2025 • Presented my research twice at Adobe’s annual Summit Sneaks, the company’s largest public‑facing showcase (2022, 2024). • Published 10+ papers and filed 6 patents while at Adobe. • Mentored 10+ Ph.D. student interns on various research projects. • Developing novel AI solutions for Adobe’s products. Snap Research New York, USA RESEARCH INTERN Summer 2018, 2019 • Mentored by Prof. Shree K. Nayar. • Published at SIGGRAPH 2019 and CHI 2021. Peer‑Reviewed Journal & Conference Publications In computer science, conferences are often the primary publication venues. The top conferences in Human‑Computer Interaction (e.g., CHI, UIST), Computer Graphics and XR (e.g., SIGGRAPH, SIGGRAPH Asia), and AI/ML (e.g., CVPR, ICCV, NeurIPS, ICLR) are highly selective and widely regarded, with acceptance rates typically ranging from 20% to 25%. Bold: Represents myself. Underline : Represents students or interns I have mentored. UIST ’25 Streaming, Fast and Slow: Cognitive Load‑Aware Streaming for Efficient LLM Serving Chang Xiao, Brenda Yang ACM Symposium on User Interface Software and Technology, UIST , 2025 CHI PLAY ’25 LLMs May Not Be Human‑Level Players, But They Can Be Testers: Measuring Game Difficulty with LLM Agents Chang Xiao, Brenda Yang ACM The Annual Symposium on Computer‑Human Interaction in Play, CHI PLAY, 2025 CHANG XiAO · RÉSUMÉ 1 CHI ’25 Imprinto: Enhancing Infrared Inkjet Watermarking for Human and Machine Perception Martin Feick, Xuxin Tang, Raul Garcia‑Martin, Alexandru Luchianov, Roderick Huang, Chang Xiao, Alexa Siu, Mustafa Doga Dogan ACM Conference on Human Factors in Computing Systems, CHI, 2025 TEI ’25 ̪ ReactFold: Towards Camera‑based Tangible Interaction on Passive Paper Artifacts Chang Xiao ACM Conference on Tangible Embedded and Embodied Interaction, TEI, 2025 (Best Paper Honorable Mention) SIGGRAPH Asia ’24 Evaluating Visual Perception of Object Motion in Dynamic Environments Budmonde Duinkharjav , Jenna Kang, Gavin S. P . Miller,Chang Xiao, Qi Sun ACM Transactions on Graphics (TOG), SIGGRAPH Asia, 2024 UIST ’24 SonifyAR: Context‑Aware Sound Effect Generation in Augmented Reality Xia Su, Jon E. Froehlich, Eunyee Koh, Chang Xiao ACM Symposium on User Interface Software and Technology, UIST , 2024 CHI ’24 MoiréWidgets: High‑Precision, Passive Tangible Interfaces via Moiré Effect Daniel Campos Zamora, M. Doga"
chang_xiao,chang_xiao_Q23,Research and Projects,Did the applicant outline the approach or methodology they used?,"Yes. Uses computational design, generative AI, user studies, prototyping, and algorithm development.",S2_Retrieve_Section,mistralai/Mistral-7B-Instruct-v0.3,"{
  ""predicted_answer"": ""Not found"",
  ""rationale"": ""The provided CV section does not contain any information about the applicant's approach or methodology they used in their research."",
  ""confidence_score"": 1.0
}",,,,1.511643886566162,0.0003533363342285156,1.5112905502319336,1247,60,0.0,,,,,,,,E2_QA_Accuracy,"Chang Xiao ASSiSTANT PROFESSOR · BOSTON UNiVERSiTY ć changxiao0731@gmail.com | u chang.engineer/ |  Google Scholar Research Interests My research lies at the intersection of HCI, Generative AI, Computational Design, and AR/VR, focusing on creating transformative technologies and experiences that bridge the digital and physical worlds. I aim to leverage AI and computational methods to enable interactive and engaging platforms that cultivate creativ‑ ity and empower individuals to effortlessly design immersive experiences. Education Columbia University New York, USA PH.D. iN COMPUTER SCiENCE 2016 ‑ 2021 • Thesis: Bridging the Gap Between People, Mobile Devices, and the Physical World • Committee: Changxi Zheng (Advisor), Steven K. Feiner (Chair), Brian A. Smith, Carl Vondrick, Andrés Monroy‑Hernández Zhejiang University China B.S. iN COMPUTER SCiENCE 2012 ‑ 2016 • Chu Kochen Honors College Employment Boston University Boston, USA ASSiSTANT PROFESSOR 2025 ‑ present Adobe Research San Jose, USA RESEARCH SCiENTiST 2021 ‑ 2025 • Presented my research twice at Adobe’s annual Summit Sneaks, the company’s largest public‑facing showcase (2022, 2024). • Published 10+ papers and filed 6 patents while at Adobe. • Mentored 10+ Ph.D. student interns on various research projects. • Developing novel AI solutions for Adobe’s products. Snap Research New York, USA RESEARCH INTERN Summer 2018, 2019 • Mentored by Prof. Shree K. Nayar. • Published at SIGGRAPH 2019 and CHI 2021. Peer‑Reviewed Journal & Conference Publications In computer science, conferences are often the primary publication venues. The top conferences in Human‑Computer Interaction (e.g., CHI, UIST), Computer Graphics and XR (e.g., SIGGRAPH, SIGGRAPH Asia), and AI/ML (e.g., CVPR, ICCV, NeurIPS, ICLR) are highly selective and widely regarded, with acceptance rates typically ranging from 20% to 25%. Bold: Represents myself. Underline : Represents students or interns I have mentored. UIST ’25 Streaming, Fast and Slow: Cognitive Load‑Aware Streaming for Efficient LLM Serving Chang Xiao, Brenda Yang ACM Symposium on User Interface Software and Technology, UIST , 2025 CHI PLAY ’25 LLMs May Not Be Human‑Level Players, But They Can Be Testers: Measuring Game Difficulty with LLM Agents Chang Xiao, Brenda Yang ACM The Annual Symposium on Computer‑Human Interaction in Play, CHI PLAY, 2025 CHANG XiAO · RÉSUMÉ 1 CHI ’25 Imprinto: Enhancing Infrared Inkjet Watermarking for Human and Machine Perception Martin Feick, Xuxin Tang, Raul Garcia‑Martin, Alexandru Luchianov, Roderick Huang, Chang Xiao, Alexa Siu, Mustafa Doga Dogan ACM Conference on Human Factors in Computing Systems, CHI, 2025 TEI ’25 ̪ ReactFold: Towards Camera‑based Tangible Interaction on Passive Paper Artifacts Chang Xiao ACM Conference on Tangible Embedded and Embodied Interaction, TEI, 2025 (Best Paper Honorable Mention) SIGGRAPH Asia ’24 Evaluating Visual Perception of Object Motion in Dynamic Environments Budmonde Duinkharjav , Jenna Kang, Gavin S. P . Miller,Chang Xiao, Qi Sun ACM Transactions on Graphics (TOG), SIGGRAPH Asia, 2024 UIST ’24 SonifyAR: Context‑Aware Sound Effect Generation in Augmented Reality Xia Su, Jon E. Froehlich, Eunyee Koh, Chang Xiao ACM Symposium on User Interface Software and Technology, UIST , 2024 CHI ’24 MoiréWidgets: High‑Precision, Passive Tangible Interfaces via Moiré Effect Daniel Campos Zamora, M. Doga"
chang_xiao,chang_xiao_Q24,Research and Projects,What are the applicant's research areas?,HCI; Generative AI; Computational Design; AR/VR; Tangible Interaction; Computer Vision; Machine Learning,S2_Retrieve_Section,mistralai/Mistral-7B-Instruct-v0.3,"{
  ""predicted_answer"": [""HCI, Generative AI, Computational Design, AR/VR""],
  ""rationale"": [""The applicant's research areas are mentioned in the first sentence of the CV section: 'My research lies at the intersection of HCI, Generative AI, Computational Design, and AR/VR.'""],
  ""confidence_score"": 1.0
}",,,,1.9416275024414062,0.00038909912109375,1.9412384033203125,1244,90,0.0,,,,,,,,E2_QA_Accuracy,"Chang Xiao ASSiSTANT PROFESSOR · BOSTON UNiVERSiTY ć changxiao0731@gmail.com | u chang.engineer/ |  Google Scholar Research Interests My research lies at the intersection of HCI, Generative AI, Computational Design, and AR/VR, focusing on creating transformative technologies and experiences that bridge the digital and physical worlds. I aim to leverage AI and computational methods to enable interactive and engaging platforms that cultivate creativ‑ ity and empower individuals to effortlessly design immersive experiences. Education Columbia University New York, USA PH.D. iN COMPUTER SCiENCE 2016 ‑ 2021 • Thesis: Bridging the Gap Between People, Mobile Devices, and the Physical World • Committee: Changxi Zheng (Advisor), Steven K. Feiner (Chair), Brian A. Smith, Carl Vondrick, Andrés Monroy‑Hernández Zhejiang University China B.S. iN COMPUTER SCiENCE 2012 ‑ 2016 • Chu Kochen Honors College Employment Boston University Boston, USA ASSiSTANT PROFESSOR 2025 ‑ present Adobe Research San Jose, USA RESEARCH SCiENTiST 2021 ‑ 2025 • Presented my research twice at Adobe’s annual Summit Sneaks, the company’s largest public‑facing showcase (2022, 2024). • Published 10+ papers and filed 6 patents while at Adobe. • Mentored 10+ Ph.D. student interns on various research projects. • Developing novel AI solutions for Adobe’s products. Snap Research New York, USA RESEARCH INTERN Summer 2018, 2019 • Mentored by Prof. Shree K. Nayar. • Published at SIGGRAPH 2019 and CHI 2021. Peer‑Reviewed Journal & Conference Publications In computer science, conferences are often the primary publication venues. The top conferences in Human‑Computer Interaction (e.g., CHI, UIST), Computer Graphics and XR (e.g., SIGGRAPH, SIGGRAPH Asia), and AI/ML (e.g., CVPR, ICCV, NeurIPS, ICLR) are highly selective and widely regarded, with acceptance rates typically ranging from 20% to 25%. Bold: Represents myself. Underline : Represents students or interns I have mentored. UIST ’25 Streaming, Fast and Slow: Cognitive Load‑Aware Streaming for Efficient LLM Serving Chang Xiao, Brenda Yang ACM Symposium on User Interface Software and Technology, UIST , 2025 CHI PLAY ’25 LLMs May Not Be Human‑Level Players, But They Can Be Testers: Measuring Game Difficulty with LLM Agents Chang Xiao, Brenda Yang ACM The Annual Symposium on Computer‑Human Interaction in Play, CHI PLAY, 2025 CHANG XiAO · RÉSUMÉ 1 CHI ’25 Imprinto: Enhancing Infrared Inkjet Watermarking for Human and Machine Perception Martin Feick, Xuxin Tang, Raul Garcia‑Martin, Alexandru Luchianov, Roderick Huang, Chang Xiao, Alexa Siu, Mustafa Doga Dogan ACM Conference on Human Factors in Computing Systems, CHI, 2025 TEI ’25 ̪ ReactFold: Towards Camera‑based Tangible Interaction on Passive Paper Artifacts Chang Xiao ACM Conference on Tangible Embedded and Embodied Interaction, TEI, 2025 (Best Paper Honorable Mention) SIGGRAPH Asia ’24 Evaluating Visual Perception of Object Motion in Dynamic Environments Budmonde Duinkharjav , Jenna Kang, Gavin S. P . Miller,Chang Xiao, Qi Sun ACM Transactions on Graphics (TOG), SIGGRAPH Asia, 2024 UIST ’24 SonifyAR: Context‑Aware Sound Effect Generation in Augmented Reality Xia Su, Jon E. Froehlich, Eunyee Koh, Chang Xiao ACM Symposium on User Interface Software and Technology, UIST , 2024 CHI ’24 MoiréWidgets: High‑Precision, Passive Tangible Interfaces via Moiré Effect Daniel Campos Zamora, M. Doga"
chang_xiao,chang_xiao_Q25,Skills,What are the applicant s key soft skills?,"Mentoring, collaboration, research communication, teaching",S2_Retrieve_Section,mistralai/Mistral-7B-Instruct-v0.3,"{
  ""predicted_answer"": [""Mentoring"", ""Public speaking"", ""Research"", ""Innovation"", ""Patent filing""],
  ""rationale"": [""The applicant has mentored 10+ Ph.D. student interns on various research projects (Mentoring). They have presented their research twice at Adobe’s annual Summit Sneaks, the company’s largest public-facing showcase (Public speaking). They have published 10+ papers and filed 6 patents while at Adobe (Research, Patent filing).""],
  """,,,,2.6439173221588135,0.0003333091735839844,2.6435840129852295,1244,129,0.0,,,,,,,,E2_QA_Accuracy,"Chang Xiao ASSiSTANT PROFESSOR · BOSTON UNiVERSiTY ć changxiao0731@gmail.com | u chang.engineer/ |  Google Scholar Research Interests My research lies at the intersection of HCI, Generative AI, Computational Design, and AR/VR, focusing on creating transformative technologies and experiences that bridge the digital and physical worlds. I aim to leverage AI and computational methods to enable interactive and engaging platforms that cultivate creativ‑ ity and empower individuals to effortlessly design immersive experiences. Education Columbia University New York, USA PH.D. iN COMPUTER SCiENCE 2016 ‑ 2021 • Thesis: Bridging the Gap Between People, Mobile Devices, and the Physical World • Committee: Changxi Zheng (Advisor), Steven K. Feiner (Chair), Brian A. Smith, Carl Vondrick, Andrés Monroy‑Hernández Zhejiang University China B.S. iN COMPUTER SCiENCE 2012 ‑ 2016 • Chu Kochen Honors College Employment Boston University Boston, USA ASSiSTANT PROFESSOR 2025 ‑ present Adobe Research San Jose, USA RESEARCH SCiENTiST 2021 ‑ 2025 • Presented my research twice at Adobe’s annual Summit Sneaks, the company’s largest public‑facing showcase (2022, 2024). • Published 10+ papers and filed 6 patents while at Adobe. • Mentored 10+ Ph.D. student interns on various research projects. • Developing novel AI solutions for Adobe’s products. Snap Research New York, USA RESEARCH INTERN Summer 2018, 2019 • Mentored by Prof. Shree K. Nayar. • Published at SIGGRAPH 2019 and CHI 2021. Peer‑Reviewed Journal & Conference Publications In computer science, conferences are often the primary publication venues. The top conferences in Human‑Computer Interaction (e.g., CHI, UIST), Computer Graphics and XR (e.g., SIGGRAPH, SIGGRAPH Asia), and AI/ML (e.g., CVPR, ICCV, NeurIPS, ICLR) are highly selective and widely regarded, with acceptance rates typically ranging from 20% to 25%. Bold: Represents myself. Underline : Represents students or interns I have mentored. UIST ’25 Streaming, Fast and Slow: Cognitive Load‑Aware Streaming for Efficient LLM Serving Chang Xiao, Brenda Yang ACM Symposium on User Interface Software and Technology, UIST , 2025 CHI PLAY ’25 LLMs May Not Be Human‑Level Players, But They Can Be Testers: Measuring Game Difficulty with LLM Agents Chang Xiao, Brenda Yang ACM The Annual Symposium on Computer‑Human Interaction in Play, CHI PLAY, 2025 CHANG XiAO · RÉSUMÉ 1 CHI ’25 Imprinto: Enhancing Infrared Inkjet Watermarking for Human and Machine Perception Martin Feick, Xuxin Tang, Raul Garcia‑Martin, Alexandru Luchianov, Roderick Huang, Chang Xiao, Alexa Siu, Mustafa Doga Dogan ACM Conference on Human Factors in Computing Systems, CHI, 2025 TEI ’25 ̪ ReactFold: Towards Camera‑based Tangible Interaction on Passive Paper Artifacts Chang Xiao ACM Conference on Tangible Embedded and Embodied Interaction, TEI, 2025 (Best Paper Honorable Mention) SIGGRAPH Asia ’24 Evaluating Visual Perception of Object Motion in Dynamic Environments Budmonde Duinkharjav , Jenna Kang, Gavin S. P . Miller,Chang Xiao, Qi Sun ACM Transactions on Graphics (TOG), SIGGRAPH Asia, 2024 UIST ’24 SonifyAR: Context‑Aware Sound Effect Generation in Augmented Reality Xia Su, Jon E. Froehlich, Eunyee Koh, Chang Xiao ACM Symposium on User Interface Software and Technology, UIST , 2024 CHI ’24 MoiréWidgets: High‑Precision, Passive Tangible Interfaces via Moiré Effect Daniel Campos Zamora, M. Doga"
chang_xiao,chang_xiao_Q26,Skills,"Are there any certifications, licenses, or trainings listed by the applicant?",Yes. Ph.D. in Computer Science; Snap Research Fellowship; Cheung-Kong Innovation Doctoral Fellowship.,S2_Retrieve_Section,mistralai/Mistral-7B-Instruct-v0.3,"{
  ""predicted_answer"": ""Not found"",
  ""rationale"": ""The provided CV section does not list any certifications, licenses, or trainings."",
  ""confidence_score"": 1.0
}",,,,1.2001137733459473,0.0003249645233154297,1.1997888088226318,1251,52,0.0,,,,,,,,E2_QA_Accuracy,"Chang Xiao ASSiSTANT PROFESSOR · BOSTON UNiVERSiTY ć changxiao0731@gmail.com | u chang.engineer/ |  Google Scholar Research Interests My research lies at the intersection of HCI, Generative AI, Computational Design, and AR/VR, focusing on creating transformative technologies and experiences that bridge the digital and physical worlds. I aim to leverage AI and computational methods to enable interactive and engaging platforms that cultivate creativ‑ ity and empower individuals to effortlessly design immersive experiences. Education Columbia University New York, USA PH.D. iN COMPUTER SCiENCE 2016 ‑ 2021 • Thesis: Bridging the Gap Between People, Mobile Devices, and the Physical World • Committee: Changxi Zheng (Advisor), Steven K. Feiner (Chair), Brian A. Smith, Carl Vondrick, Andrés Monroy‑Hernández Zhejiang University China B.S. iN COMPUTER SCiENCE 2012 ‑ 2016 • Chu Kochen Honors College Employment Boston University Boston, USA ASSiSTANT PROFESSOR 2025 ‑ present Adobe Research San Jose, USA RESEARCH SCiENTiST 2021 ‑ 2025 • Presented my research twice at Adobe’s annual Summit Sneaks, the company’s largest public‑facing showcase (2022, 2024). • Published 10+ papers and filed 6 patents while at Adobe. • Mentored 10+ Ph.D. student interns on various research projects. • Developing novel AI solutions for Adobe’s products. Snap Research New York, USA RESEARCH INTERN Summer 2018, 2019 • Mentored by Prof. Shree K. Nayar. • Published at SIGGRAPH 2019 and CHI 2021. Peer‑Reviewed Journal & Conference Publications In computer science, conferences are often the primary publication venues. The top conferences in Human‑Computer Interaction (e.g., CHI, UIST), Computer Graphics and XR (e.g., SIGGRAPH, SIGGRAPH Asia), and AI/ML (e.g., CVPR, ICCV, NeurIPS, ICLR) are highly selective and widely regarded, with acceptance rates typically ranging from 20% to 25%. Bold: Represents myself. Underline : Represents students or interns I have mentored. UIST ’25 Streaming, Fast and Slow: Cognitive Load‑Aware Streaming for Efficient LLM Serving Chang Xiao, Brenda Yang ACM Symposium on User Interface Software and Technology, UIST , 2025 CHI PLAY ’25 LLMs May Not Be Human‑Level Players, But They Can Be Testers: Measuring Game Difficulty with LLM Agents Chang Xiao, Brenda Yang ACM The Annual Symposium on Computer‑Human Interaction in Play, CHI PLAY, 2025 CHANG XiAO · RÉSUMÉ 1 CHI ’25 Imprinto: Enhancing Infrared Inkjet Watermarking for Human and Machine Perception Martin Feick, Xuxin Tang, Raul Garcia‑Martin, Alexandru Luchianov, Roderick Huang, Chang Xiao, Alexa Siu, Mustafa Doga Dogan ACM Conference on Human Factors in Computing Systems, CHI, 2025 TEI ’25 ̪ ReactFold: Towards Camera‑based Tangible Interaction on Passive Paper Artifacts Chang Xiao ACM Conference on Tangible Embedded and Embodied Interaction, TEI, 2025 (Best Paper Honorable Mention) SIGGRAPH Asia ’24 Evaluating Visual Perception of Object Motion in Dynamic Environments Budmonde Duinkharjav , Jenna Kang, Gavin S. P . Miller,Chang Xiao, Qi Sun ACM Transactions on Graphics (TOG), SIGGRAPH Asia, 2024 UIST ’24 SonifyAR: Context‑Aware Sound Effect Generation in Augmented Reality Xia Su, Jon E. Froehlich, Eunyee Koh, Chang Xiao ACM Symposium on User Interface Software and Technology, UIST , 2024 CHI ’24 MoiréWidgets: High‑Precision, Passive Tangible Interfaces via Moiré Effect Daniel Campos Zamora, M. Doga"
chang_xiao,chang_xiao_Q27,Skills,Did the applicant describe a situation where they applied one of their key skills effectively?,Yes. Applied HCI/AI research to create novel interaction systems; used machine learning for design and visualization tasks.,S2_Retrieve_Section,mistralai/Mistral-7B-Instruct-v0.3,"{
  ""predicted_answer"": ""Not found"",
  ""rationale"": ""The provided CV section does not contain a specific situation where the applicant applied one of their key skills effectively."",
  ""confidence_score"": 1.0
}",,,,1.3412353992462158,0.0002887248992919922,1.3409466743469238,1386,57,0.0,,,,,,,,E2_QA_Accuracy,"Dogan, Alexa F. Siu, Eunyee Koh, Chang Xiao ACM Conference on Human Factors in Computing Systems, CHI, 2024 CHI ’23 Improving Learning‑based Camera Pose Estimation for Image‑based Augmented Reality Applications Enyu Cai , Ryan A. Rossi, Chang Xiao ACM Conference on Human Factors in Computing Systems, CHI, 2023 BigData ’23 Tabular Data to Image Generation: Benchmark Data, Approaches, and Evaluation Alex Tang, Gromit Chan, Ryan A Rossi, Chang Xiao, Eunyee Koh IEEE International Conference on Big Data, 2023 WWW ’22 VisGNN: Personalized Visualization Recommendationvia Graph Neural Networks Fayokemi Ojo, Ryan A. Rossi, Jane Hoffswell, Shunan Guo, Fan Du, Sungchul Kim, Chang Xiao, Eunyee Koh ACM Web Conference, WWW, 2022 USENIX ’22 Can One Hear the Shape of a Neural Network?: Snooping the GPU via Magnetic Side Channel Henrique Teles Maia, Chang Xiao, Dingzeyu Li, Eitan Grinspun, Changxi Zheng USENIX Security, 2022 UIST ’21 MoiréBoard: A Stable, Accurate and Low‑cost Camera Tracking Method Chang Xiao, Changxi Zheng ACM Symposium on User Interface Software and Technology, UIST , 2021 ICCV ’21 DeepCAD: A Deep Generative Network for Computer‑Aided Design Models Rundi Wu, Chang Xiao, Changxi Zheng International Conference on Computer Vision, ICCV, 2021 CHI ’21 BackTrack: 2D Back‑of‑device Interaction through Front Touchscreen Chang Xiao, Karl Bayer, Changxi Zheng, Shree K. Nayar ACM Conference on Human Factors in Computing Systems, CHI, 2021 CHANG XiAO · RÉSUMÉ 2 CVPR ’20 One Man’s Trash is Another Man’s Treasure: Resisting Adversarial Examples by Adversarial Examples Chang Xiao, Changxi Zheng IEEE / CVF Computer Vision and Pattern Recognition, CVPR, 2020 ICLR ’20 ̪ Enhancing Adversarial Defense by k‑Winners‑Take‑All Chang Xiao, Peilin Zhong, Changxi Zheng International Conference on Learning Representations, ICLR (Spotlight, top 3%), 2020 NeurIPS ’19 Rethinking Generative Mode Coverage: A Pointwise Guaranteed Approach Peilin Zhong*, Yuchen Mo*, Chang Xiao*, Pengyu Cheng , Changxi Zheng (*equal contribution) Neural Information Processing Systems, NeurIPS, 2019 SIGGRAPH ’19 Vidgets: Modular Mechanical Widgets for Mobile Devices Chang Xiao, Karl Bayer, Changxi Zheng, Shree K. Nayar ACM Transactions on Graphics, SIGGRAPH, 2019 TVCG ’19 Mechanics‑Aware Modeling of Cloth Appearance Montazerim Zahra, Chang Xiao, Raymond Yun Fei, Changxi Zheng, Shuang Zhao IEEE Transactions on Visualization and Computer Graphics, TVCG, 2019 NeurIPS ’18 ̪ BourGAN: Generative Networks with Metric Embeddings Chang Xiao, Peilin Zhong, Changxi Zheng Neural Information Processing Systems, NeurIPS (Spotlight, top 3%), 2018 SIGGRAPH ’18 Fontcode: Embedding Information in Text Documents Using Glyph Perturbation Chang Xiao, Cheng Zhang, Changxi Zheng ACM Transactions on Graphics, SIGGRAPH, 2018 CLEO ’18 Two‑color and 3d Phase‑amplitude Modulation Holograms Adam Overvig, Sajan Shrestha, Chang Xiao, Changxi Zheng, Nanfang Yu Conference on Lasers and Electro‑Optics, CLEO, 2018 Peer‑Reviewed Workshop & Poster Publications UIST ’24 Data Pictorial: Deconstructing Raster Images for Data‑Aware Animated Vector Posters Tongyu Zhou, Gromit Yeuk‑Yin Chan, Shunan Guo, Jane Hoffswell, Chang Xiao, Victor Soares Bursztyn, Eunyee Koh ACM Symposium on User Interface Software and Technology, UIST Poster, 2024 UIST ’23 AutoSurveyGPT: GPT‑Enhanced Automated Literature Discovery Chang Xiao ACM Symposium on User Interface Software and Technology, UIST Poster, 2023 CHI ’23 StandARone: Infrared‑Watermarked Documents as Portable"
chang_xiao,chang_xiao_Q28,Awards & Extracurricular Activities,"Has the applicant received any awards or recognitions? If so, which is the most significant?","Yes. Best Paper Honorable Mention (TEI 2025); Adobe Summit Sneaks (2022, 2024); ICLR Spotlight (2020); NeurIPS Spotlight (2018).",S2_Retrieve_Section,mistralai/Mistral-7B-Instruct-v0.3,"{
  ""predicted_answer"": ""Yes, the applicant has received awards or recognitions. The most significant award is the Best Paper Honorable Mention at TEI 2025."",
  ""rationale"": ""The applicant received the Best Paper Honorable Mention at TEI 2025, which is mentioned as a 2025 award and is listed as a significant honor."",
  ""confidence_score"": 1.0
}",,,,2.1749773025512695,0.0003151893615722656,2.1746621131896973,1264,104,0.0,,,,,,,,E2_QA_Accuracy,"Containers of AR Interaction and Personalization M. Doga Dogan, Alexa F. Siu, Jennifer Healey, Curtis Wigington, Chang Xiao, Tong Sun ACM CHI Conference on Human Factors in Computing Systems (CHI LBW), 2023 UIST ’22 iMarker: Instant and True‑to‑scale AR with Invisible Markers Chang Xiao, Ryan Rossi, Eunyee Koh ACM Symposium on User Interface Software and Technology, UIST Poster, 2022 CHANG XiAO · RÉSUMÉ 3 Honors & Awards 2025 Best Paper Honorable Mention TEI 2025, 2 out of 141 submissions 2024 Adobe Summit Sneaks Presentation Project Perfect Plays 2022 Adobe Summit Sneaks Presentation Project Right Sized Adobe Summit Sneaks is a high‑profile public event at the annual Adobe Summit, showcasing innovative, experimental technolo‑ gies that Adobe is exploring. Each year, only 6‑7 presentations are selected from hundreds of new inventions at Adobe. 2019‑2021 Cheung‑Kong Innovation Doctoral Fellowship2 awardees among Columbia Engineering School. 2022 Snap Research Fellowship 11 awardees worldwide. 4x Special Recognitions for Outstanding ReviewsUIST 2020 ICLR Spotlight Paper Top 3% papers. 2018 NeurIPS Spotlight Paper Top 3% papers. 2019, 2018 NeurIPS Travel Award 2015 China Computer Federation Elite Collegiate Award20 awardees among all undergrads in China 2014‑2016 Zhejiang University First‑Class Scholarship 20 awardees among all undergrads in China Selected Press Forget touchscreens: This case controls a smartphone with buttons and dials [CNN] Let’s Get Personal: The Future of Personalized Digital Experiences in the Era of AI [VLM] Adobe Unveils New Augmented Reality Shopping Tool [Adweek] A new AR‑based eCommerce tool by Adobe to help consumers try products virtually [Digital Informa‑ tion World] Magnetic Snoops Plunder Deep Learning’s Secrets [Communication of the ACM] Add Scroll Wheels And Buttons To Smartphones With 3D‑Printed Widgets [Hackaday] Researchers build a smart case to control your phone with no wires or Bluetooth required [New Atlas] Without Wires Or Bluetooth, This Case Lets You Add Buttons And Scroll Wheels To Your Smartphone [Gizmodo] You Can Send Invisible Messages With Subtle Font Tweaks [WIRED] Hiding Information in Plain Text [IEEE Spectrum] Researchers Hide Information in Plain Text [Columbia Engineering] Helvetica Is Now An Encryption Device [CoDesign] This algorithm can hide secret messages in regular‑looking text [Digital Trend] Researchers hide information in plain text [Science Daily] Patents Hypergraph Representation Learning Ryan Rossi, Ryan Aponte, Shunan Guo, Jane Hoffswell, Nedim Lipka, Chang Xiao, Yeuk‑Yin Chan, Eunyee Koh US Patent App. 18/119,305 Performing Machine Learning Techniques for Hypertext Markup Language‑based Style Recommenda‑ tions Ryan Rossi, Ryan Aponte, Shunan Guo, Nedim Lipka, Jane Hoffswell, Chang Xiao, Eunyee Koh, Yeuk‑yin Chan US Patent App. 17/470,665 Feature Detection for Image‑based Augmented Reality Enyu Cai, Ryan Rossi, Chang Xiao US Patent App. 18/084,606 CHANG XiAO · RÉSUMÉ 4 System and Methods for Providing Invisible Augmented Reality Markers Chang Xiao, Ryan Rossi, Eunyee Koh US Patent App. 17/882,821 Utilizing a Graph Neural Network to Generate Visualization and Attribute Recommendations Fayokemi Ojo, Ryan Rossi, Jane Hoffswell, Shunan Guo, Fan Du, Sungchul Kim, Chang Xiao, Eunyee Koh US Patent App. 17/654,933 Systems and Methods for Steganography Based on Text Fonts Changxi Zheng, Chang Xiao, Cheng Zhang US"
chang_xiao,chang_xiao_Q29,Awards & Extracurricular Activities,Did the applicant share a brief overview of an extracurricular or volunteer activity they have been involved in?,Yes. Program Committee for CHI and UIST; Session Chair for CHI; reviewer for top conferences.,S2_Retrieve_Section,mistralai/Mistral-7B-Instruct-v0.3,"{
  ""predicted_answer"": ""Not found"",
  ""rationale"": ""The provided CV section does not contain any information about extracurricular or volunteer activities."",
  ""confidence_score"": 1.0
}",,,,1.2212836742401123,0.0002944469451904297,1.2209892272949219,1268,54,0.0,,,,,,,,E2_QA_Accuracy,"Containers of AR Interaction and Personalization M. Doga Dogan, Alexa F. Siu, Jennifer Healey, Curtis Wigington, Chang Xiao, Tong Sun ACM CHI Conference on Human Factors in Computing Systems (CHI LBW), 2023 UIST ’22 iMarker: Instant and True‑to‑scale AR with Invisible Markers Chang Xiao, Ryan Rossi, Eunyee Koh ACM Symposium on User Interface Software and Technology, UIST Poster, 2022 CHANG XiAO · RÉSUMÉ 3 Honors & Awards 2025 Best Paper Honorable Mention TEI 2025, 2 out of 141 submissions 2024 Adobe Summit Sneaks Presentation Project Perfect Plays 2022 Adobe Summit Sneaks Presentation Project Right Sized Adobe Summit Sneaks is a high‑profile public event at the annual Adobe Summit, showcasing innovative, experimental technolo‑ gies that Adobe is exploring. Each year, only 6‑7 presentations are selected from hundreds of new inventions at Adobe. 2019‑2021 Cheung‑Kong Innovation Doctoral Fellowship2 awardees among Columbia Engineering School. 2022 Snap Research Fellowship 11 awardees worldwide. 4x Special Recognitions for Outstanding ReviewsUIST 2020 ICLR Spotlight Paper Top 3% papers. 2018 NeurIPS Spotlight Paper Top 3% papers. 2019, 2018 NeurIPS Travel Award 2015 China Computer Federation Elite Collegiate Award20 awardees among all undergrads in China 2014‑2016 Zhejiang University First‑Class Scholarship 20 awardees among all undergrads in China Selected Press Forget touchscreens: This case controls a smartphone with buttons and dials [CNN] Let’s Get Personal: The Future of Personalized Digital Experiences in the Era of AI [VLM] Adobe Unveils New Augmented Reality Shopping Tool [Adweek] A new AR‑based eCommerce tool by Adobe to help consumers try products virtually [Digital Informa‑ tion World] Magnetic Snoops Plunder Deep Learning’s Secrets [Communication of the ACM] Add Scroll Wheels And Buttons To Smartphones With 3D‑Printed Widgets [Hackaday] Researchers build a smart case to control your phone with no wires or Bluetooth required [New Atlas] Without Wires Or Bluetooth, This Case Lets You Add Buttons And Scroll Wheels To Your Smartphone [Gizmodo] You Can Send Invisible Messages With Subtle Font Tweaks [WIRED] Hiding Information in Plain Text [IEEE Spectrum] Researchers Hide Information in Plain Text [Columbia Engineering] Helvetica Is Now An Encryption Device [CoDesign] This algorithm can hide secret messages in regular‑looking text [Digital Trend] Researchers hide information in plain text [Science Daily] Patents Hypergraph Representation Learning Ryan Rossi, Ryan Aponte, Shunan Guo, Jane Hoffswell, Nedim Lipka, Chang Xiao, Yeuk‑Yin Chan, Eunyee Koh US Patent App. 18/119,305 Performing Machine Learning Techniques for Hypertext Markup Language‑based Style Recommenda‑ tions Ryan Rossi, Ryan Aponte, Shunan Guo, Nedim Lipka, Jane Hoffswell, Chang Xiao, Eunyee Koh, Yeuk‑yin Chan US Patent App. 17/470,665 Feature Detection for Image‑based Augmented Reality Enyu Cai, Ryan Rossi, Chang Xiao US Patent App. 18/084,606 CHANG XiAO · RÉSUMÉ 4 System and Methods for Providing Invisible Augmented Reality Markers Chang Xiao, Ryan Rossi, Eunyee Koh US Patent App. 17/882,821 Utilizing a Graph Neural Network to Generate Visualization and Attribute Recommendations Fayokemi Ojo, Ryan Rossi, Jane Hoffswell, Shunan Guo, Fan Du, Sungchul Kim, Chang Xiao, Eunyee Koh US Patent App. 17/654,933 Systems and Methods for Steganography Based on Text Fonts Changxi Zheng, Chang Xiao, Cheng Zhang US"
chang_xiao,chang_xiao_Q30,Awards & Extracurricular Activities,Did the applicant describe any notable academic achievements or honors received?,"Yes. Ph.D. thesis on bridging people, mobile devices, and the physical world; multiple top-tier publications and patents.",S2_Retrieve_Section,mistralai/Mistral-7B-Instruct-v0.3,"{
  ""predicted_answer"": ""Yes"",
  ""rationale"": ""The CV section lists several academic achievements and honors received by the applicant, such as Best Paper Honorable Mention TEI 2025, Adobe Summit Sneaks Presentation Project Perfect Plays and Right Sized, Cheung-Kong Innovation Doctoral Fellowship, Snap Research Fellowship, and Special Recognitions for Outstanding Reviews."",
  ""confidence_score"": 1.0
}",,,,2.3628053665161133,0.0003070831298828125,2.3624982833862305,1258,112,0.0,,,,,,,,E2_QA_Accuracy,"Containers of AR Interaction and Personalization M. Doga Dogan, Alexa F. Siu, Jennifer Healey, Curtis Wigington, Chang Xiao, Tong Sun ACM CHI Conference on Human Factors in Computing Systems (CHI LBW), 2023 UIST ’22 iMarker: Instant and True‑to‑scale AR with Invisible Markers Chang Xiao, Ryan Rossi, Eunyee Koh ACM Symposium on User Interface Software and Technology, UIST Poster, 2022 CHANG XiAO · RÉSUMÉ 3 Honors & Awards 2025 Best Paper Honorable Mention TEI 2025, 2 out of 141 submissions 2024 Adobe Summit Sneaks Presentation Project Perfect Plays 2022 Adobe Summit Sneaks Presentation Project Right Sized Adobe Summit Sneaks is a high‑profile public event at the annual Adobe Summit, showcasing innovative, experimental technolo‑ gies that Adobe is exploring. Each year, only 6‑7 presentations are selected from hundreds of new inventions at Adobe. 2019‑2021 Cheung‑Kong Innovation Doctoral Fellowship2 awardees among Columbia Engineering School. 2022 Snap Research Fellowship 11 awardees worldwide. 4x Special Recognitions for Outstanding ReviewsUIST 2020 ICLR Spotlight Paper Top 3% papers. 2018 NeurIPS Spotlight Paper Top 3% papers. 2019, 2018 NeurIPS Travel Award 2015 China Computer Federation Elite Collegiate Award20 awardees among all undergrads in China 2014‑2016 Zhejiang University First‑Class Scholarship 20 awardees among all undergrads in China Selected Press Forget touchscreens: This case controls a smartphone with buttons and dials [CNN] Let’s Get Personal: The Future of Personalized Digital Experiences in the Era of AI [VLM] Adobe Unveils New Augmented Reality Shopping Tool [Adweek] A new AR‑based eCommerce tool by Adobe to help consumers try products virtually [Digital Informa‑ tion World] Magnetic Snoops Plunder Deep Learning’s Secrets [Communication of the ACM] Add Scroll Wheels And Buttons To Smartphones With 3D‑Printed Widgets [Hackaday] Researchers build a smart case to control your phone with no wires or Bluetooth required [New Atlas] Without Wires Or Bluetooth, This Case Lets You Add Buttons And Scroll Wheels To Your Smartphone [Gizmodo] You Can Send Invisible Messages With Subtle Font Tweaks [WIRED] Hiding Information in Plain Text [IEEE Spectrum] Researchers Hide Information in Plain Text [Columbia Engineering] Helvetica Is Now An Encryption Device [CoDesign] This algorithm can hide secret messages in regular‑looking text [Digital Trend] Researchers hide information in plain text [Science Daily] Patents Hypergraph Representation Learning Ryan Rossi, Ryan Aponte, Shunan Guo, Jane Hoffswell, Nedim Lipka, Chang Xiao, Yeuk‑Yin Chan, Eunyee Koh US Patent App. 18/119,305 Performing Machine Learning Techniques for Hypertext Markup Language‑based Style Recommenda‑ tions Ryan Rossi, Ryan Aponte, Shunan Guo, Nedim Lipka, Jane Hoffswell, Chang Xiao, Eunyee Koh, Yeuk‑yin Chan US Patent App. 17/470,665 Feature Detection for Image‑based Augmented Reality Enyu Cai, Ryan Rossi, Chang Xiao US Patent App. 18/084,606 CHANG XiAO · RÉSUMÉ 4 System and Methods for Providing Invisible Augmented Reality Markers Chang Xiao, Ryan Rossi, Eunyee Koh US Patent App. 17/882,821 Utilizing a Graph Neural Network to Generate Visualization and Attribute Recommendations Fayokemi Ojo, Ryan Rossi, Jane Hoffswell, Shunan Guo, Fan Du, Sungchul Kim, Chang Xiao, Eunyee Koh US Patent App. 17/654,933 Systems and Methods for Steganography Based on Text Fonts Changxi Zheng, Chang Xiao, Cheng Zhang US"
dronguo_zhou,dronguo_zhou_Q1,Personal Information,What is the applicant's full name?,Dronguo Zhou,S2_Retrieve_Section,mistralai/Mistral-7B-Instruct-v0.3,"{
  ""predicted_answer"": ""Dongruo Zhou"",
  ""rationale"": ""The applicant's full name is mentioned at the beginning of the Professional Experience section."",
  ""confidence_score"": 1.0
}",,,,1.3443331718444824,0.00030112266540527344,1.3440320491790771,1381,57,0.0,,,,,,,,E2_QA_Accuracy,"Dongruo Zhou (434) 466-1461, drzhouacademic@gmail.com Personal website: drzhou LinkedIn: dongruo-zhou-3ba73a129 PROFESSIONAL EXPERIENCE Assistant Professor. Department of Computer Science, Indiana University Bloomington Aug 2023 - EDUCATION Ph.D. in Computer Science. University of California, Los Angeles. Advisor: Prof. Quanquan Gu Sept 2018 - June 2023 Ph.D. student in Systems and Information Engineering. University of Virginia. Advisor: Prof. Quanquan Gu Aug 2017 - Aug 2018 B.Sc in Pure and Applied Mathematics. Tsinghua University Aug 2013 - Jul 2017 RESEARCH INTEREST My research focuses on uniting reinforcement learning, machine learning, and optimization to design adaptive and efficient autonomous agents. Through this integration, I aim to advance agents that can navigate complex, dynamic environments with robust decision-making capabilities. TEACHING EXPERIENCE Instructor at Indiana University Bloomington B455, Principle on Machine Learning Jan 2025 - May 2025 B565, Data Mining Aug 2024 - Dec 2024 B659, Offline Decision Making Jan 2024 - May 2024 B565, Data Mining Aug 2023 - Dec 2023 Teaching Assistant at University of California, Los Angeles CS 161, Fundamentals of AI Jan 2020 - Dec 2020 Teaching Assistant at University of Virginia APMA 3100, Probability Feb 2018 – May 2018 DS 6002, Introduction to Data Science Aug 2017 – Feb 2018 PUBLICATION (* INDICATES EQUAL CONTRIBUTION) Full publication list: https://scholar.google.com/citations?user=1780wr0AAAAJhl=en Conference Publications 42. Federated In-Context Learning: Iterative Refinement for Improved Answer Quality, Ruhan Wang* , Zhiyong Wang*, Chengkai Huang*, Rui Wang, Tong Yu, Lina Yao, John C.S. Lui, Dongruo Zhou, International Conference on Machine Learning (ICML), 2025. 41. Provable Zero-Shot Generalization in Offline Reinforcement Learning, Zhiyong Wang , Chen Yang, John C.S. Lui, Dongruo Zhou, International Conference on Machine Learning (ICML), 2025. 40. Sample and Computationally Efficient Continuous-Time Reinforcement Learning with General Function Approximation, Runze Zhao*, Yue Yu*, Yiyue Adams Zhu, Chen Yang, Dongruo Zhou, Uncertainty in Artificial Intelligence (UAI), 2025. 39. Safe Decision Transformer with Learning-based Constraints, Ruhan Wang, Dongruo Zhou, Learning for DynamIcs Control (L4DC), 2025. 38. Breaking the log(1/∆2) Barrier: Better Batched Best Arm Identification with Adaptive Grids, Tianyuan Jin*, Qin Zhang*, Dongruo Zhou*, International Conference on Learning Representations (ICLR), 2025. 37. Model-based RL as a Minimalist Approach to Horizon-Free and Second-Order Bounds, Zhiyong Wang, Dongruo Zhou, John C.S. Lui, Wen Sun, International Conference on Learning Representations (ICLR), 2025. 36. Variance-Dependent Regret Bounds for Non-stationary Linear Bandits, Zhiyong Wang, Jize Xie, Yi Chen, John C.S. Lui, Dongruo Zhou, International Conference on Artificial Intelligence and Statistics (AISTATS), 2025. 35. Uncertainty-Aware Reward-Free Exploration with General Function Approximation, Junkai Zhang*, Weitong Zhang*, Dongruo Zhou, Quanquan Gu, International Conference on Machine Learning (ICML), 2024. 34. Risk Bounds of Accelerated SGD for Overparameterized Linear Regression, Xuheng Li, Yihe Deng, Jingfeng Wu, Dongruo Zhou, Quanquan Gu, International Conference on Learning Representations (ICLR), 2024. 33. Provably efficient representation selection in Low-rank Markov Decision Processes: from online to offline RL, Weitong Zhang, Jiafan He, Dongruo Zhou, Amy Zhang, Quanquan Gu, Uncertainty in Artificial Intelligence (UAI), 2023. 32. Variance-Dependent Regret Bounds for Linear Bandits and Reinforcement Learning: Adaptivity and Computational Efficiency, Heyang Zhao, Jiafan He, Dongruo Zhou, Tong Zhang,"
dronguo_zhou,dronguo_zhou_Q2,Personal Information,What is the applicant's LinkedIn?,nan,S2_Retrieve_Section,mistralai/Mistral-7B-Instruct-v0.3,"{
  ""predicted_answer"": ""dongruo-zhou-3ba73a129"",
  ""rationale"": ""The LinkedIn profile URL is provided in the CV section."",
  ""confidence_score"": 1.0
}",,,,1.4157421588897705,0.0002675056457519531,1.4154746532440186,1381,61,0.0,,,,,,,,E2_QA_Accuracy,"Dongruo Zhou (434) 466-1461, drzhouacademic@gmail.com Personal website: drzhou LinkedIn: dongruo-zhou-3ba73a129 PROFESSIONAL EXPERIENCE Assistant Professor. Department of Computer Science, Indiana University Bloomington Aug 2023 - EDUCATION Ph.D. in Computer Science. University of California, Los Angeles. Advisor: Prof. Quanquan Gu Sept 2018 - June 2023 Ph.D. student in Systems and Information Engineering. University of Virginia. Advisor: Prof. Quanquan Gu Aug 2017 - Aug 2018 B.Sc in Pure and Applied Mathematics. Tsinghua University Aug 2013 - Jul 2017 RESEARCH INTEREST My research focuses on uniting reinforcement learning, machine learning, and optimization to design adaptive and efficient autonomous agents. Through this integration, I aim to advance agents that can navigate complex, dynamic environments with robust decision-making capabilities. TEACHING EXPERIENCE Instructor at Indiana University Bloomington B455, Principle on Machine Learning Jan 2025 - May 2025 B565, Data Mining Aug 2024 - Dec 2024 B659, Offline Decision Making Jan 2024 - May 2024 B565, Data Mining Aug 2023 - Dec 2023 Teaching Assistant at University of California, Los Angeles CS 161, Fundamentals of AI Jan 2020 - Dec 2020 Teaching Assistant at University of Virginia APMA 3100, Probability Feb 2018 – May 2018 DS 6002, Introduction to Data Science Aug 2017 – Feb 2018 PUBLICATION (* INDICATES EQUAL CONTRIBUTION) Full publication list: https://scholar.google.com/citations?user=1780wr0AAAAJhl=en Conference Publications 42. Federated In-Context Learning: Iterative Refinement for Improved Answer Quality, Ruhan Wang* , Zhiyong Wang*, Chengkai Huang*, Rui Wang, Tong Yu, Lina Yao, John C.S. Lui, Dongruo Zhou, International Conference on Machine Learning (ICML), 2025. 41. Provable Zero-Shot Generalization in Offline Reinforcement Learning, Zhiyong Wang , Chen Yang, John C.S. Lui, Dongruo Zhou, International Conference on Machine Learning (ICML), 2025. 40. Sample and Computationally Efficient Continuous-Time Reinforcement Learning with General Function Approximation, Runze Zhao*, Yue Yu*, Yiyue Adams Zhu, Chen Yang, Dongruo Zhou, Uncertainty in Artificial Intelligence (UAI), 2025. 39. Safe Decision Transformer with Learning-based Constraints, Ruhan Wang, Dongruo Zhou, Learning for DynamIcs Control (L4DC), 2025. 38. Breaking the log(1/∆2) Barrier: Better Batched Best Arm Identification with Adaptive Grids, Tianyuan Jin*, Qin Zhang*, Dongruo Zhou*, International Conference on Learning Representations (ICLR), 2025. 37. Model-based RL as a Minimalist Approach to Horizon-Free and Second-Order Bounds, Zhiyong Wang, Dongruo Zhou, John C.S. Lui, Wen Sun, International Conference on Learning Representations (ICLR), 2025. 36. Variance-Dependent Regret Bounds for Non-stationary Linear Bandits, Zhiyong Wang, Jize Xie, Yi Chen, John C.S. Lui, Dongruo Zhou, International Conference on Artificial Intelligence and Statistics (AISTATS), 2025. 35. Uncertainty-Aware Reward-Free Exploration with General Function Approximation, Junkai Zhang*, Weitong Zhang*, Dongruo Zhou, Quanquan Gu, International Conference on Machine Learning (ICML), 2024. 34. Risk Bounds of Accelerated SGD for Overparameterized Linear Regression, Xuheng Li, Yihe Deng, Jingfeng Wu, Dongruo Zhou, Quanquan Gu, International Conference on Learning Representations (ICLR), 2024. 33. Provably efficient representation selection in Low-rank Markov Decision Processes: from online to offline RL, Weitong Zhang, Jiafan He, Dongruo Zhou, Amy Zhang, Quanquan Gu, Uncertainty in Artificial Intelligence (UAI), 2023. 32. Variance-Dependent Regret Bounds for Linear Bandits and Reinforcement Learning: Adaptivity and Computational Efficiency, Heyang Zhao, Jiafan He, Dongruo Zhou, Tong Zhang,"
